AL_freq1,AL_freq2,EK_score1,EK_score2,Label,Delta_Hydrophobicity,Delta_MW,Delta_pI,Delta_Volume,Polarity_Change,CAT_type_missense,CAT_type_nonsense,CAT_type_splice_site
-0.2740385791790767,0.05387017451919726,-0.09158638515427933,-0.04190623919017589,0.0,1.0344827586206897,-0.4481466055810078,1.395522388059702,-0.329192546583851,0.0,1.0,0.0,0.0
0.0672467774404603,0.12522055127770798,0.26496824847719647,0.03573107370466822,0.0,0.05172413793103449,1.0845481049562682,-0.46268656716417855,0.817805383022774,0.0,1.0,0.0,0.0
-0.019699973124724365,1.7044758503980746,-2.1448143302595324,-1.2016045173822074,-1.0,0.5172413793103449,0.9496043315285299,-2.8582089552238807,0.593167701863354,0.0,0.0,0.0,0.0
-0.3166666065841606,-0.14356559285914375,-0.268442121849286,0.018585221790403384,0.0,0.0,0.2015826738858808,2.1641791044776126,0.31884057971014496,-1.0,1.0,0.0,0.0
0.36692722203630584,-0.20591233481155305,-0.049462167638110184,0.5242989122159083,0.0,-0.8793103448275862,0.8163265306122449,-0.22388059701492527,0.25879917184265006,0.0,0.0,1.0,0.0
0.5912312795054574,-0.005385624975869846,-0.3416411075454285,-0.3914974968876154,0.0,-0.051724137931034475,0.7163681799250312,-0.261194029850746,0.5600414078674946,0.0,1.0,0.0,0.0
0.17777699546651565,-0.08303145977756485,0.1490340980242395,0.6152519096951115,0.0,0.5172413793103449,0.9496043315285299,-2.8582089552238807,0.593167701863354,0.0,1.0,0.0,0.0
-0.5620397338146427,-0.02206251490609814,0.7816478634392511,0.12127671996014287,0.0,0.4655172413793104,-0.7163681799250312,1.8507462686567167,-0.531055900621118,-1.0,0.0,0.0,1.0
0.6670318477360925,4.329700044870677,-1.3700426479662344,-0.8176598691084545,-1.0,-1.2586206896551724,0.13327780091628488,3.955223880597015,-0.1904761904761905,0.0,0.0,1.0,0.0
0.17017494953225706,-0.11665226483481053,0.2367088186339943,0.14107618060882626,0.0,0.13793103448275862,-0.1832569762598917,-0.44776119402985054,-0.2650103519668737,0.0,0.0,0.0,0.0
1.678831562704619,1.8684280227948467,-0.9968701211877139,-1.3017820809048553,-1.0,0.5517241379310345,0.09995835068721366,-3.791044776119403,0.18944099378881965,-1.0,0.0,1.0,0.0
1.7964263791198725,1.3118984506052591,-2.1181168836174478,-0.8923785681072457,-1.0,0.4310344827586207,-0.5164514785506039,0.3208955223880602,-0.3043478260869565,0.0,0.0,0.0,1.0
2.968885329450993,2.9983257327564785,-1.2742525362189348,-1.3801228868318598,-1.0,0.1724137931034483,-0.46813827571845057,-5.611940298507462,-0.3819875776397515,-1.0,0.0,0.0,1.0
0.10919490094438304,-0.21401640597526791,0.25116411352901663,0.04548069122031677,0.0,0.32758620689655177,0.41649312786339027,-1.4253731343283578,0.39855072463768104,-1.0,0.0,1.0,0.0
1.3524246459462455,2.837352738623003,-2.3436495159095916,-0.60326116793649,-1.0,-0.4655172413793104,0.68304872969596,-1.8208955223880592,0.4917184265010351,-1.0,0.0,0.0,1.0
-0.00871471489029515,-0.12719941048821332,-0.3683819791248456,0.18576019446880326,0.0,0.5517241379310345,-0.5497709287796751,0.0746268656716422,-0.3374741200828156,0.0,0.0,1.0,0.0
-0.03637724138913781,0.11833188510620933,-0.057364976574747754,0.19798636076593262,0.0,0.08620689655172414,-2.1674302374010828,0.0746268656716422,-1.7556935817805381,-1.0,0.0,1.0,0.0
0.7060458058163399,0.99991867068098,-0.4526550258183622,-2.0008526759466454,-1.0,1.103448275862069,-0.43315285297792566,-3.470149253731343,-0.6418219461697721,0.0,0.0,0.0,0.0
1.462481083975413,-0.02967947161508015,0.45778513376031565,0.15748161091685714,0.0,0.8448275862068967,-0.04997917534360683,0.2835820895522394,0.22774327122153204,0.0,0.0,0.0,1.0
-0.4940976810331952,-0.21052945085021385,0.14959251674077226,0.377493418944226,0.0,-0.08620689655172414,1.2511453561016244,6.628197161941233e-16,1.0631469979296062,-1.0,0.0,0.0,0.0
-0.18152597170542062,-0.21056777953344782,0.2702993431490674,0.45302042236210505,0.0,0.22413793103448273,0.14993752603082025,0.6940298507462692,0.5828157349896477,-1.0,0.0,1.0,0.0
0.6511852973497017,-0.054146343202043756,0.4838622331290981,0.3076632894258511,0.0,-0.08620689655172414,1.2511453561016244,6.628197161941233e-16,1.0631469979296062,-1.0,0.0,1.0,0.0
-0.15026150127828358,-0.09367723194253674,0.4240311231397454,0.3186873299585836,0.0,0.7586206896551725,0.8179925031236984,-0.5970149253731336,0.7795031055900619,-1.0,0.0,0.0,0.0
-0.48629229964597637,-0.04443357211129068,0.033239241653599004,-0.3483112645960035,0.0,0.8448275862068967,0.917950853810912,0.052238805970149474,1.0838509316770182,-1.0,1.0,0.0,0.0
0.9432521259316895,0.400213418130343,0.0651683782577971,-0.42955454343374344,0.0,0.4655172413793104,0.6847147022074135,0.022388059701492727,0.7888198757763972,-1.0,0.0,1.0,0.0
-0.11134069556819184,0.031472545219728996,0.5602879278744957,0.24998847755464587,0.0,-0.603448275862069,-0.5847563515201999,0.43283582089552247,-0.5393374741200828,-1.0,0.0,0.0,1.0
-0.034971081139092246,2.4006315204392545,-1.0988073666435243,-1.1403607860287865,-1.0,0.3448275862068965,0.6847147022074135,-0.007462686567163358,0.7888198757763972,-1.0,1.0,0.0,0.0
0.26948878045404623,-0.21850580053224375,-0.24993000310138455,0.1389713299648264,0.0,-0.06896551724137931,0.4831320283215327,-0.20149253731343253,0.279503105590062,0.0,0.0,0.0,1.0
-0.3958544696736267,-0.11852606342688239,0.7816478634392511,0.045760145056367316,0.0,-0.48275862068965514,0.4498125780924615,-1.7611940298507458,0.2111801242236025,-1.0,0.0,0.0,0.0
-0.03379138073282867,-0.18910144078511198,0.3530853810487232,0.03194897561940528,0.0,0.5517241379310345,0.018325697625989314,-0.38059701492537235,-0.09834368530020701,0.0,0.0,0.0,0.0
-0.24479605228229923,-0.22963819147602132,0.1426155715360151,0.10993590022098526,0.0,-0.22413793103448273,0.299875052061641,2.3805970149253737,0.18944099378881996,-1.0,0.0,0.0,1.0
-0.5307690038507645,0.011496703377552596,-0.08489502472288829,0.4046615327346452,0.0,0.4482758620689655,-0.3165347771761766,0.22388059701492527,0.01966873706004117,-1.0,0.0,1.0,0.0
0.16902963322528972,-0.09083891830134737,0.2904306221948896,-0.3562168954926413,0.0,0.3965517241379311,0.7996668054977093,-1.253731343283582,0.7525879917184265,0.0,0.0,0.0,0.0
-0.38361013456805304,0.027733503741225258,0.02815895577960206,0.21466748491437362,0.0,0.6379310344827586,-0.6663890045814245,-0.2910447761194021,-0.412008281573499,-1.0,0.0,0.0,0.0
1.768330870878609,0.7338975640364236,-0.0059488330822245515,-0.36924220220254667,-1.0,-0.1724137931034483,0.6847147022074135,4.007462686567164,0.5942028985507246,-1.0,0.0,1.0,0.0
-0.4934448038478022,0.053550625129260364,-0.3178164818634497,-0.23818145040128216,0.0,-0.12068965517241378,-0.5514369012911289,0.7164179104477613,-0.22567287784679096,-1.0,1.0,0.0,0.0
-0.4995160944297506,0.15101212840464603,0.16334076369625145,0.16859711009527517,0.0,1.0344827586206897,-0.19825072886297362,-0.2388059701492533,-0.07763975155279501,0.0,0.0,1.0,0.0
1.0304462704314272,-0.11420612806117436,0.16310197052017522,0.25900559042595456,0.0,-0.12068965517241383,-0.01665972511453561,-0.01492537313432738,-0.019668737060041463,-1.0,0.0,1.0,0.0
-0.5297529452099621,0.21618964432021487,0.10077611767838479,0.17814641973955442,0.0,0.1724137931034483,-0.7180341524364847,-3.977611940298507,-0.6335403726708074,-1.0,0.0,0.0,0.0
2.1511828522185388,2.993757329660424,-0.9701516501831177,-1.5167508449558182,-1.0,0.4310344827586207,-0.618075801749271,-1.4701492537313432,-0.4037267080745341,-1.0,0.0,0.0,1.0
0.2682420553190075,0.15272460649178246,0.11247784052165494,0.5630097744980695,0.0,-0.4482758620689655,-1.2178259058725531,-0.34328358208955156,-1.196687370600414,0.0,0.0,0.0,0.0
-0.37821297706810764,-0.16207794333236447,-0.332239926674187,0.5080618321764356,0.0,-0.13793103448275862,0.1499375260308205,0.47761194029850795,0.2256728778467908,0.0,0.0,0.0,0.0
0.5591611276993195,2.5393034136162917,-2.087846248019795,-1.2678490019968385,-1.0,-1.0344827586206897,0.181591003748438,-1.7014925373134329,0.007246376811594083,0.0,0.0,0.0,0.0
0.1993863979740426,-0.00010732488940269074,0.09770251978258113,0.6786188690234348,0.0,-0.5344827586206897,0.9496043315285299,-2.3731343283582085,0.5082815734989645,0.0,0.0,0.0,1.0
0.17835455371392053,0.911738447892024,-1.51965501394073,-1.0842885608640151,-1.0,0.4655172413793104,-0.4831320283215327,2.1865671641791047,-0.24844720496894404,-1.0,0.0,0.0,1.0
0.14347638567134513,0.08831410015746097,0.04779449020051294,0.021635448442756413,0.0,-0.4310344827586207,0.4831320283215327,-0.29104477611940277,0.26501035196687356,0.0,0.0,0.0,0.0
0.6613003667837465,-0.22909832079592807,0.10175240884741552,0.17710286571835562,0.0,-0.12068965517241378,-0.5514369012911289,0.7164179104477613,-0.22567287784679096,-1.0,1.0,0.0,0.0
3.757852170012175,3.555281350845005,-2.2178897708583882,-1.6116711515610638,-1.0,0.4310344827586207,-0.5164514785506039,0.3208955223880602,-0.3043478260869565,0.0,0.0,1.0,0.0
-0.001550697393065405,0.1878024089309894,0.47999388864809334,0.3764395862400061,0.0,0.7758620689655172,0.18492294877134519,0.29850746268656814,0.5041407867494822,0.0,0.0,1.0,0.0
0.34994224033529253,1.0101614100465186,0.22434210874578372,0.5085242919693711,0.0,-0.3448275862068966,-0.18325697625989149,-0.6940298507462679,-0.6221532091097306,-1.0,0.0,0.0,0.0
-0.3806699902635929,0.02732322373388036,0.1259940998352194,-0.08637972763193003,0.0,0.9137931034482759,0.4181591003748437,0.2686567164179107,0.7846790890269147,0.0,0.0,0.0,1.0
0.5454386783616976,0.15400063360278746,-0.20047118064481712,0.1699459824226455,0.0,0.24137931034482765,-0.8179925031236984,0.373134328358209,-0.536231884057971,-1.0,1.0,0.0,0.0
-0.42682931098666055,0.05466997279497614,0.3624893059884773,-0.22472479131575174,0.0,-0.13793103448275862,0.1499375260308205,0.47761194029850795,0.2256728778467908,0.0,0.0,1.0,0.0
-0.3484876514402285,-0.04472528890028911,0.22124533037767816,0.17871016142568563,0.0,-1.2586206896551724,0.13327780091628488,3.955223880597015,-0.1904761904761905,0.0,0.0,0.0,1.0
0.10720268117698097,-0.14460623144988477,-0.40576408446248474,0.4823588385951034,0.0,-0.051724137931034454,-0.2515618492294876,-0.029850746268656084,-0.2960662525879916,-1.0,0.0,0.0,0.0
-0.4070689091686922,-0.20890502341323527,-0.1489553222393771,0.31020659962203634,0.0,-0.5517241379310345,-1.517700957934194,0.380597014925373,-1.3633540372670807,-1.0,0.0,1.0,0.0
-0.4933294978177923,-0.21631926794320608,0.581547340605977,0.2995129327672877,0.0,0.3275862068965517,-0.299875052061641,0.6791044776119405,-0.034161490683229774,0.0,0.0,1.0,0.0
4.85339508756482,2.745285245963406,-1.4600560551467048,-1.3759456148982798,-1.0,0.0,0.23323615160349856,-1.6194029850746265,0.2318840579710145,-1.0,0.0,0.0,0.0
0.2835817375526172,-0.2122018555829246,0.02230182017798339,0.27061288931793026,0.0,-0.051724137931034454,-0.2515618492294876,-0.029850746268656084,-0.2960662525879916,-1.0,0.0,0.0,0.0
-0.46023287838593774,-0.17005389151306863,0.295250246221895,0.4186089846291991,0.0,-0.4310344827586207,0.4831320283215327,-0.29104477611940277,0.26501035196687356,0.0,0.0,0.0,1.0
-0.4149545440283614,-0.12899964509775438,0.5041680427129558,-0.004803099749172677,0.0,1.0862068965517242,0.534777176176593,0.06716417910447818,0.7650103519668736,0.0,0.0,0.0,1.0
-0.16704668511011597,0.06942644661147039,0.6828797248167284,0.4877753268860775,0.0,-0.5344827586206897,1.517700957934194,-0.24626865671641732,1.0672877846790887,0.0,1.0,0.0,0.0
3.4023137966757226,0.9130524245429732,-1.4024442612635444,-1.4053008667898492,-1.0,-0.37931034482758624,-0.8179925031236984,-2.1417910447761193,-0.8737060041407866,-1.0,0.0,1.0,0.0
-0.2571063307919837,3.1784163943183565,-1.218175596536698,-1.0469019757299938,-1.0,-1.5517241379310345,0.6997084548104956,3.55223880597015,0.04968944099378893,0.0,0.0,1.0,0.0
1.75798661810876,0.9477061215270064,-0.026689848898564128,-1.177905151745201,-1.0,0.4655172413793104,-0.7013744273219491,0.03731343283582077,-0.5869565217391305,-1.0,0.0,1.0,0.0
0.40659881220734023,4.065012819977671,-1.6728272299286435,-0.9853875125348934,-1.0,0.4655172413793104,-1.9341940857975843,0.10447761194029895,-1.460662525879917,-1.0,1.0,0.0,0.0
-0.26647132284678837,0.11283418787278433,0.27057166247209774,0.4747671100790442,0.0,-0.15517241379310343,-0.2832153269471054,0.20895522388059723,-0.2991718426501035,-1.0,1.0,0.0,0.0
-0.18454718831646286,0.35773090652553136,0.2853863619760357,0.2521425086013739,0.0,0.4655172413793104,-0.4664723032069971,0.21641791044776124,-0.27950310559006203,-1.0,0.0,0.0,1.0
-0.46419219249689336,-0.1621181742168271,0.14246656621231743,0.11978799947742404,0.0,-0.5344827586206897,1.1828404831320283,-2.0373134328358202,0.7908902691511386,0.0,1.0,0.0,0.0
0.20319368083677797,1.4213036711536675,-2.1237581502146226,-1.0010539754471834,-1.0,0.0,0.23323615160349856,-1.6194029850746265,0.2318840579710145,-1.0,1.0,0.0,0.0
-0.42529220687522135,-0.0006869601437962979,0.5292730376684455,0.1048518411274033,0.0,0.896551724137931,0.18492294877134519,0.3283582089552242,0.5041407867494822,0.0,0.0,1.0,0.0
0.5573345430181226,-0.1176607286876509,0.3566249468383293,0.5247069113014754,0.0,0.2931034482758621,-0.08496459808413176,0.6791044776119405,0.3064182194616976,-1.0,1.0,0.0,0.0
0.6378324475044539,-0.01683872985917669,0.31051661113914136,0.017332248435548862,0.0,-1.0344827586206897,0.1649312786339024,0.2686567164179107,0.03830227743271209,0.0,1.0,0.0,0.0
2.244044450017413,3.059960042956018,-1.5239414257107629,-1.4047534415359044,-1.0,0.051724137931034454,0.2182423990004164,0.059701492537313494,0.25672877846790865,-1.0,0.0,0.0,0.0
-0.2355668580240472,-0.004386589022727776,0.17263952699874513,-0.08837056991563846,0.0,-0.5344827586206897,0.9496043315285299,-2.3731343283582085,0.5082815734989645,0.0,0.0,0.0,0.0
0.07849441041286312,2.046631655340407,-2.006500670667134,-1.3680268715978496,-1.0,-0.9310344827586208,-0.30154102457309445,-0.23134328358208928,-0.5248447204968945,0.0,1.0,0.0,0.0
0.9300274928991858,0.6151228003275406,-1.2271193860324476,-1.1043955580670044,-1.0,0.5344827586206897,-1.5510204081632653,0.27611940298507476,-1.1066252587991716,0.0,1.0,0.0,0.0
0.3546699909682536,1.1356344435667898,-0.6008521402504252,-1.072596141210588,-1.0,0.6379310344827586,-0.6663890045814245,-0.2910447761194021,-0.412008281573499,-1.0,0.0,0.0,1.0
-0.04261919784708154,-0.14939409532190237,-0.27796202522706814,-0.07310007418477588,0.0,-1.0344827586206897,0.1649312786339024,0.2686567164179107,0.03830227743271209,0.0,0.0,0.0,0.0
0.5919613092214328,0.3121059140288625,0.30881742224148373,0.4254181575195675,0.0,0.5689655172413793,0.2515618492294879,-0.44029850746268584,0.18219461697722558,0.0,0.0,0.0,0.0
0.18700131039674314,-0.20653315051332052,0.7685627481417583,0.006916846593962259,0.0,-1.3793103448275863,-0.0016659725114534663,-0.44029850746268584,-0.564182194616977,0.0,0.0,0.0,1.0
-0.4023371629321257,-0.15129780517389554,0.4985480619613213,0.14218009840459062,0.0,1.0,-0.8496459808413162,0.28358208955223874,-0.298136645962733,0.0,0.0,0.0,0.0
0.5505959297273129,-0.05325976753147728,0.15625362648574118,0.1937245045702248,0.0,0.05172413793103449,1.0845481049562682,-0.46268656716417855,0.817805383022774,0.0,1.0,0.0,0.0
-0.5216187037574777,0.1272836994579097,0.6737109518655402,-0.17839457902838113,0.0,0.15517241379310345,-1.784256559766764,0.24626865671641798,-1.4016563146997927,0.0,0.0,0.0,1.0
4.257247056718297,1.164380999491468,-2.207734516408088,-1.347505767813028,-1.0,-0.4655172413793104,1.900874635568513,-0.07462686567164153,1.4213250517598341,-1.0,0.0,1.0,0.0
-0.26780511106271354,-0.16426619814081234,0.14232363857847138,0.36230914414835,0.0,-0.3275862068965517,0.5014577259475218,-0.4701492537313426,0.3022774327122153,0.0,0.0,1.0,0.0
-0.31842526804420634,-0.19803353225980977,0.31022378995905836,0.20441890964142254,0.0,1.1551724137931034,0.299875052061641,-3.1641791044776117,0.20082815734989648,0.0,0.0,0.0,0.0
-0.4352069300446516,0.29914585202375005,-0.2943572003500072,-0.10378798969796495,0.0,0.051724137931034454,0.11828404831320274,3.2761194029850746,0.13354037267080718,-1.0,1.0,0.0,0.0
0.9191066477736297,4.519193025550234,-1.4293236773343125,-1.6781176907645317,-1.0,-0.06896551724137931,-0.39983340274885465,-0.15671641791044708,-0.3737060041407869,0.0,0.0,0.0,1.0
1.6718562190246233,-0.1916817268673045,0.158195771935189,0.126446967702881,0.0,1.3275862068965518,-0.2832153269471054,2.395522388059702,0.27950310559006203,0.0,0.0,1.0,0.0
0.0884531855722008,0.1994661609083999,0.7816478634392511,0.476026087094879,0.0,-0.5344827586206897,0.9496043315285299,-2.3731343283582085,0.5082815734989645,0.0,0.0,1.0,0.0
-0.34635207783238087,0.05857615114622272,0.15452446915677123,0.006228387918069592,0.0,-0.9137931034482759,-0.45147855060391495,-0.2388059701492533,-0.8240165631469977,0.0,0.0,0.0,1.0
-0.16984390058746782,-0.1563334284327131,0.2512048257024966,0.2785179993812943,0.0,-0.051724137931034454,-0.7496876301541022,-0.29104477611940277,-0.8623188405797101,-1.0,1.0,0.0,0.0
3.7990754638888515,5.030902443828639,-0.8415268404301229,-1.4389159987999316,-1.0,-0.17241379310344823,-1.2844648063306954,0.41044776119402976,-1.0683229813664596,-1.0,0.0,0.0,1.0
1.141387435813579,-0.06283940048777031,0.19558540437595115,0.24140504426591802,0.0,-0.7068965517241379,1.6343190337359432,3.589552238805971,1.1532091097308486,0.0,0.0,0.0,0.0
1.104365969052941,0.9193104108091184,-1.7175417983861885,-0.7331645831763431,-1.0,0.12068965517241378,0.5181174510620576,-0.6865671641791038,0.18633540372670804,-1.0,0.0,0.0,1.0
0.3405218736784745,0.5751960091158546,0.18407984015614964,0.22877518708700703,0.0,0.0,-0.031653477717617756,1.8283582089552246,0.03623188405797101,-1.0,0.0,0.0,0.0
-0.3104385892197363,0.22961158613502042,-0.03347768254261303,0.5312122235158905,0.0,0.0,-0.26655560183256977,1.649253731343284,-0.2712215320910974,-1.0,0.0,0.0,1.0
-0.5072578432905819,-0.21464484380455628,0.12121919451746799,0.015983336741733398,0.0,-0.9310344827586208,-0.051645147855060296,-1.8656716417910446,-0.2732919254658385,0.0,0.0,1.0,0.0
1.637764408918828,4.386896715327444,-1.5295278862523198,-0.8166149669963689,-1.0,1.103448275862069,-0.43315285297792566,-3.470149253731343,-0.6418219461697721,0.0,0.0,0.0,0.0
2.4293272128709504,1.0042246059442728,-1.8097543322190188,-0.7581418234829929,-1.0,-0.4482758620689655,-0.9679300291545189,-1.9776119402985068,-0.9451345755693581,0.0,1.0,0.0,0.0
-0.33240624120566636,-0.014644245557454208,0.24359219597293877,0.006274507535395344,0.0,-0.9310344827586208,-0.30154102457309445,-0.23134328358208928,-0.5248447204968945,0.0,0.0,0.0,0.0
2.2916869416283148,0.30377975115109856,-0.557641138216231,-0.8373092231648517,-1.0,0.37931034482758624,0.5664306538942108,0.022388059701492727,0.49585921325051724,-1.0,0.0,0.0,1.0
0.7155637119073777,2.5358955641894942,-1.8548736841046953,-2.009710016270002,-1.0,-1.2586206896551724,0.014993752603082144,-2.3805970149253732,-0.5952380952380951,0.0,1.0,0.0,0.0
0.08735377792968951,-0.03325804165148746,0.03364155202961153,0.18128779760843705,0.0,0.603448275862069,0.751353602665556,-0.07462686567164087,0.7443064182194615,0.0,0.0,0.0,1.0
-0.09213157716722555,0.023327812859212756,-0.005736846209127891,0.14863508521449578,0.0,1.2758620689655173,-0.6513952519783422,-1.2014925373134326,-0.15631469979296056,0.0,0.0,0.0,0.0
-0.5127731696441331,0.45982529321932525,0.5042235984941139,0.3547066706925807,0.0,0.017241379310344845,0.21657642648896294,-0.04477611940298479,0.26086956521739113,-1.0,1.0,0.0,0.0
0.09274611383914069,-0.12027551497069028,0.07028889894611119,0.0632114613650273,0.0,0.4482758620689655,0.9346105789254476,2.0074626865671643,0.9057971014492752,0.0,0.0,1.0,0.0
-0.4196651562147778,-0.17985285625316982,0.04897005214160024,0.3336107798069586,0.0,-0.5172413793103449,-0.982923781757601,2.8880597014925384,-0.6325051759834369,0.0,0.0,0.0,1.0
0.9433257273465016,2.4025406229868564,-2.010546490878078,-1.0029716864172784,-1.0,0.9137931034482759,-0.982923781757601,2.0970149253731347,-0.5351966873706004,0.0,0.0,0.0,1.0
-0.4533733534553258,-0.1851016416422106,-0.23663568175301397,0.35736958751983217,0.0,0.12068965517241378,0.5181174510620576,-0.6865671641791038,0.18633540372670804,-1.0,0.0,0.0,1.0
-0.5194039996537891,-0.19151089005628233,0.08282068397634275,0.17965827370398726,0.0,-1.2586206896551724,0.2482299042065807,-2.044776119402985,-0.3126293995859211,0.0,0.0,0.0,1.0
0.8993651554009061,2.1833909866441528,-1.0593821894719782,-1.1081433337180278,-1.0,-0.9137931034482759,0.9496043315285299,-2.067164179104477,0.4958592132505175,0.0,0.0,0.0,0.0
-0.22753643289664963,0.18639838282590232,0.15450113488355213,0.34895245308792844,0.0,-0.7758620689655172,-0.2182423990004164,-0.2686567164179107,-0.5434782608695651,0.0,0.0,0.0,1.0
0.027086356467192218,-0.20676341328033965,0.14570850396127302,0.04208763693212461,0.0,0.0,0.23323615160349856,-1.6194029850746265,0.2318840579710145,-1.0,0.0,0.0,1.0
-0.17052840178730558,-0.08739118323221913,-0.1053050367891249,0.5211813861538064,0.0,-0.5344827586206897,1.517700957934194,-0.24626865671641732,1.0672877846790887,0.0,0.0,1.0,0.0
-0.13150975044468563,-0.13750909468696146,0.05457317241209134,-0.08270018168272451,0.0,0.5344827586206897,-0.982923781757601,2.402985074626866,-0.5476190476190474,0.0,0.0,0.0,0.0
-0.18608735121946174,-0.06669417546140166,0.2869384463098756,-0.0030258308346228493,0.0,0.0689655172413793,-0.01665972511453561,-3.0373134328358207,-0.2763975155279501,-1.0,0.0,0.0,0.0
0.026536281647745175,-0.2142384047495379,0.04118869088875333,-0.49589606233948147,0.0,0.3448275862068965,0.6847147022074135,-0.007462686567163358,0.7888198757763972,-1.0,1.0,0.0,0.0
-0.38705501584879043,0.46462710051461475,0.25064995544822294,-0.025263522372266114,0.0,0.0,0.21657642648896294,0.35074626865671693,0.2629399585921325,-1.0,1.0,0.0,0.0
2.687841646341285,2.767268846534091,-1.611123795853485,-1.4174641637593217,-1.0,0.051724137931034454,0.3681799250312369,1.6417910447761197,0.38509316770186314,-1.0,0.0,1.0,0.0
1.8351754982715613,5.479802315939325,-1.8637803617570925,0.07012726950013942,-1.0,0.0,0.2015826738858808,2.1641791044776126,0.31884057971014496,-1.0,0.0,1.0,0.0
1.5877173820059194,1.5503023779924996,-1.5246663110311487,-1.05008089199826,-1.0,0.9310344827586208,0.2515618492294876,2.23134328358209,0.5165631469979295,0.0,0.0,0.0,1.0
-0.32023191794897604,-0.15143652518987777,0.25353089838489223,0.12627597802089804,0.0,-1.4310344827586208,0.6997084548104956,3.582089552238806,0.04968944099378893,0.0,1.0,0.0,0.0
0.8953380808825374,3.3650756266290616,-1.7907171066955605,-1.7168593895802378,-1.0,0.7241379310344828,0.917950853810912,0.02238805970149339,1.0838509316770182,-1.0,1.0,0.0,0.0
0.37595536854390843,0.14653672425295225,0.7816478634392511,-0.19028115269676202,0.0,1.2586206896551724,-0.28154935443565193,2.0746268656716427,0.2732919254658382,0.0,0.0,0.0,1.0
-0.5287049694624445,-0.2300784312454313,0.377397139732183,0.14105109796825907,0.0,0.48275862068965514,-0.24989587671803415,2.1268656716417915,0.032091097308488546,-1.0,0.0,1.0,0.0
-0.5095658739143172,0.11147143648534281,-0.013606848099838423,0.06901740090119371,0.0,-0.37931034482758624,-0.599750104123282,0.007462686567164684,-0.5351966873706002,-1.0,0.0,0.0,1.0
-0.03222034378869636,0.08359673460693844,-0.19068381209806712,-0.08115439028390325,0.0,0.5172413793103449,0.9496043315285299,-2.8582089552238807,0.593167701863354,0.0,0.0,0.0,1.0
1.9157241659655486,2.5516325918536933,-1.4174156834744205,-1.3760376286223872,-1.0,-0.7068965517241379,1.6343190337359432,3.589552238805971,1.1532091097308486,0.0,1.0,0.0,0.0
-0.5069036381734658,-0.20650564039190122,0.34119596742590685,-0.5471718578650696,0.0,0.0,0.2015826738858808,2.1641791044776126,0.31884057971014496,-1.0,0.0,0.0,1.0
0.04371366178708476,-0.1313495425047889,0.355033168057994,0.5419166951515397,0.0,0.5172413793103449,0.9496043315285299,-2.8582089552238807,0.593167701863354,0.0,0.0,0.0,0.0
-0.28032433898936765,0.06118406726150103,0.45893885040819765,0.675072459482877,0.0,0.12068965517241378,0.5181174510620576,-0.6865671641791038,0.18633540372670804,-1.0,0.0,1.0,0.0
0.9881495502918689,1.039003793314483,-2.3436495159095916,-1.0424448169682745,-1.0,-0.4655172413793104,0.6680549770928779,-0.007462686567163358,0.5476190476190476,-1.0,0.0,1.0,0.0
0.4465183507045303,0.045619087305237005,-1.4283365223216407,-0.9207716655688534,-1.0,1.3793103448275863,-0.28154935443565193,2.1044776119402986,0.2732919254658382,0.0,1.0,0.0,0.0
0.7792724017372158,-0.1775105114003265,-0.055526836974682386,0.7130189460127498,0.0,-0.12068965517241378,-0.5514369012911289,0.7164179104477613,-0.22567287784679096,-1.0,0.0,0.0,0.0
3.1706450855163366,4.4640651645048095,-0.8276986760912716,-0.9318912447649593,-1.0,1.5517241379310345,-0.7330279050395668,-3.522388059701493,-0.08902691511387185,0.0,0.0,1.0,0.0
0.15281755324552398,0.22345747380951847,0.10435339098660892,0.16082498120618174,0.0,-0.06896551724137938,0.2182423990004164,0.02985074626865741,0.25672877846790865,-1.0,0.0,0.0,1.0
-0.13970516535307356,-0.16693151305532608,0.11781056461181225,-0.029742253809090246,0.0,0.4482758620689655,1.184506455643482,0.373134328358209,1.157349896480331,0.0,0.0,0.0,1.0
0.16115373216081366,-0.10317188507185346,-0.028969641737412236,0.4664794056980838,0.0,0.0,0.2015826738858808,2.1641791044776126,0.31884057971014496,-1.0,0.0,0.0,0.0
-0.4726497845622875,-0.21010036837367663,0.7816478634392511,-0.011687857577231271,0.0,1.0,-0.8496459808413162,0.28358208955223874,-0.298136645962733,0.0,0.0,1.0,0.0
-0.4261128613586156,0.16547287909107833,0.36030826323556636,0.40806741407006036,0.0,0.9310344827586208,0.01832569762598908,1.895522388059702,0.23395445134575557,0.0,0.0,0.0,0.0
2.0002093850854705,2.402268827173716,-2.3436495159095916,-1.0700891754594015,-1.0,-0.7758620689655172,-0.2182423990004164,-0.2686567164179107,-0.5434782608695651,0.0,0.0,1.0,0.0
1.1723378754745335,0.016174791113210078,-1.733926961258778,-0.8283638947646065,-1.0,1.396551724137931,-0.5014577259475218,-2.8059701492537314,-0.31573498964803304,0.0,1.0,0.0,0.0
-0.3668340287969101,-0.14411027284885344,0.5092925036688251,0.1349084735969152,0.0,-1.2586206896551724,-0.0016659725114534663,-0.41044776119402976,-0.564182194616977,0.0,0.0,0.0,1.0
-0.177996203215017,-0.14238055349118378,-0.28772546745054306,0.20313823088586547,0.0,0.5517241379310345,1.4843815077051228,-0.3507462686567156,1.3240165631469978,-1.0,0.0,0.0,1.0
1.220098183793453,3.9954355797258962,-2.3436495159095916,-1.4541344229782813,-1.0,0.10344827586206898,-0.48313202832153246,-0.4850746268656713,-0.582815734989648,-1.0,1.0,0.0,0.0
0.06322133206492063,-0.19110434973477355,0.23530508024611893,0.009076008999565528,0.0,-0.3965517241379311,0.5181174510620574,-0.14925373134328307,0.21739130434782603,-1.0,0.0,0.0,1.0
-0.4493547411633767,0.18405447292340896,-0.4291096875745333,-0.306511141648297,0.0,-0.44827586206896547,-0.599750104123282,3.059701492537314,-0.2784679089026915,-1.0,1.0,0.0,0.0
2.8837357848643808,0.8878242579990572,-1.3756299785250758,-1.1253687568409927,-1.0,-0.8793103448275862,0.08329862557267806,1.3955223880597016,-0.12008281573498986,0.0,0.0,1.0,0.0
2.6805151142942094,2.9979413955893386,-1.6187490886613474,-1.5208499615314086,-1.0,1.0862068965517242,0.5181174510620574,2.0373134328358216,0.7960662525879916,0.0,0.0,1.0,0.0
0.32941729476399334,-0.05603288398814473,0.3013739046083638,0.40615765395087794,0.0,1.3275862068965518,-0.5164514785506039,2.0597014925373136,-0.003105590062111918,0.0,0.0,0.0,1.0
1.019102144086181,3.6209653783634907,-1.3666330033620548,-1.7335661957303992,-1.0,-0.0689655172413793,0.2182423990004164,3.2462686567164187,0.5445134575569356,-1.0,1.0,0.0,0.0
-0.5308004891130609,-0.22488724332026339,0.3630108361308618,0.34267286844023814,0.0,0.7068965517241379,0.08496459808413176,-0.9029850746268651,-0.0631469979296067,-1.0,0.0,0.0,0.0
1.065199093280597,0.46777136299282357,-1.549255242052564,-1.1956290295068857,-1.0,0.396551724137931,-0.534777176176593,-2.5522388059701493,-0.5983436853002069,0.0,0.0,1.0,0.0
0.11847239082689102,4.136563757326871,-1.832815186832109,-1.2484070659194042,-1.0,0.603448275862069,0.5514369012911287,-0.40298507462686506,0.49999999999999983,-1.0,0.0,0.0,1.0
-0.3185362577340941,-0.20683720952733406,0.22250908569168074,0.0021665498610040804,0.0,0.9137931034482759,0.4181591003748437,0.2686567164179107,0.7846790890269147,0.0,0.0,1.0,0.0
-0.3435433503093653,0.23429608211117758,0.7490118746825822,0.1654636048822481,0.0,-0.27586206896551724,0.6513952519783422,0.977611940298508,0.39958592132505144,0.0,1.0,0.0,0.0
0.19109978146413606,1.379692384002421,-1.4572603587384774,-1.0870003239605637,-1.0,0.17241379310344823,1.2511453561016244,-0.38059701492537235,1.0289855072463767,-1.0,0.0,0.0,1.0
-0.0926457234060319,-0.13366900205128784,-0.7795215888571574,-0.026488760535607357,0.0,-1.3793103448275863,0.014993752603082144,-2.4104477611940296,-0.5952380952380951,0.0,0.0,0.0,1.0
-0.05259677424879561,-0.0699385052767517,0.030742597036958225,-0.14089880075414113,0.0,-1.0344827586206897,0.181591003748438,-1.7014925373134329,0.007246376811594083,0.0,1.0,0.0,0.0
-0.30390222006866646,-0.22836129608702857,0.08883443071968308,0.08695948803892896,0.0,0.22413793103448273,-0.33319450229071224,-2.3507462686567164,-0.22877846790890288,-1.0,0.0,0.0,0.0
0.3736728927557972,1.8067273284534904,-2.276463477462582,-1.7236909655905217,-1.0,-0.1724137931034483,0.6680549770928779,5.977611940298509,0.6252587991718426,-1.0,0.0,1.0,0.0
-0.05393065862123086,-0.0012769324843544792,-0.3053661042260604,0.4397358341146215,0.0,-1.103448275862069,0.39983340274885465,3.761194029850747,0.08902691511387155,0.0,1.0,0.0,0.0
-0.5378109030956001,0.0494365961846745,0.0625684141758607,0.20510957380534356,0.0,-0.5344827586206897,1.1678467305289462,-0.2238805970149246,0.8467908902691511,0.0,0.0,0.0,1.0
-0.30493378681809463,0.00010732488940269074,-0.10412207397571879,0.33406120179632015,0.0,-1.0344827586206897,0.181591003748438,-1.7014925373134329,0.007246376811594083,0.0,1.0,0.0,0.0
-0.2842159934724322,-0.045431545668585475,0.3092654584226781,0.24565475016911623,0.0,-0.3965517241379311,0.5181174510620574,-0.14925373134328307,0.21739130434782603,-1.0,1.0,0.0,0.0
-0.05446661784339488,-0.17068020228718167,-0.13831520942169298,0.20285487825651266,0.0,-0.396551724137931,-1.2511453561016244,0.1865671641791045,-1.0838509316770186,-1.0,0.0,1.0,0.0
-0.5364760233641487,-0.1356275774099897,-0.09453893322789214,0.04325170341178684,0.0,-0.9137931034482759,0.6997084548104956,-0.4328358208955218,0.24430641821946159,0.0,1.0,0.0,0.0
0.8843030595930584,1.5200624041285953,-1.523869523736731,-1.684147078485681,-1.0,-0.3448275862068966,-0.18325697625989149,-0.6940298507462679,-0.6221532091097306,-1.0,0.0,1.0,0.0
-0.20323653527348917,-0.1441984591429095,-0.03279306500187312,0.12821358405626126,0.0,-0.6551724137931034,0.9829237817576008,0.4552238805970152,0.8612836438923392,0.0,0.0,0.0,0.0
0.23713797755854507,-0.07776720881806641,0.2457474810054121,-0.3618617214206048,0.0,0.4137931034482759,0.4498125780924615,-0.022388059701492064,0.5124223602484471,-1.0,0.0,1.0,0.0
-0.5033463556170819,-0.19045966096323205,-0.23363052051516198,-0.19671854895938548,0.0,-0.8448275862068967,0.01665972511453561,-0.253731343283582,-0.26708074534161497,0.0,0.0,0.0,0.0
1.1058247550968316,-0.16269761503602784,0.059038053070547096,0.15836378674613938,0.0,-0.3275862068965517,0.5164514785506039,-2.2835820895522385,0.2463768115942028,0.0,0.0,1.0,0.0
0.24252330557317342,-0.18935773424116858,0.26240921701739406,0.29564928800888596,0.0,-0.48275862068965514,0.4498125780924615,-1.7611940298507458,0.2111801242236025,-1.0,0.0,1.0,0.0
1.0206809087529138,1.286047881940248,-1.5780656921862135,-1.7422725262325178,-1.0,-0.5344827586206897,0.9496043315285299,-2.3731343283582085,0.5082815734989645,0.0,1.0,0.0,0.0
1.931519268008637,2.144880270026386,-1.7748808171938457,-0.4983404278270066,-1.0,-0.9137931034482759,0.9346105789254476,-0.2537313432835813,0.55175983436853,0.0,0.0,0.0,0.0
-0.21037788987182854,-0.1539010356797409,-0.5570046554533453,0.08732802705388867,0.0,1.0,-0.8496459808413162,0.28358208955223874,-0.298136645962733,0.0,1.0,0.0,0.0
4.024881493651902,0.851661528318075,-1.8638430772026622,-1.1050452605283438,-1.0,-0.7586206896551725,-0.8513119533527697,0.626865671641791,-0.8188405797101448,-1.0,0.0,0.0,0.0
-0.5020483529469184,0.005788209359218559,0.2640986506425678,-0.3246422149929021,0.0,-0.9310344827586208,-0.28488129945855883,-2.201492537313433,-0.5559006211180124,0.0,1.0,0.0,0.0
-0.06796916099488125,0.12280801185355272,0.25009211617207094,0.2961313917434459,0.0,1.103448275862069,-0.4331528529779259,-3.731343283582089,-0.1283643892339545,0.0,0.0,1.0,0.0
-0.39206565554375,-0.056247981545121256,0.7816478634392511,0.42256001794358966,0.0,-0.8620689655172414,-0.21657642648896294,-0.19402985074626852,-0.5476190476190476,0.0,0.0,1.0,0.0
-0.05508127769866647,-0.18376636336113317,-0.009233751934337205,0.09245642377373005,0.0,-1.0344827586206897,0.3998334027488544,0.4477611940298512,0.34575569358178054,0.0,0.0,1.0,0.0
0.06229848444266154,1.2530642071232143,-0.7478290963707377,-1.1977272055219752,-1.0,1.0,-0.8496459808413162,0.28358208955223874,-0.298136645962733,0.0,0.0,1.0,0.0
-0.5030155097382144,-0.1822792799668538,0.1618099421432193,-0.23191473062248796,0.0,0.5,-1.00124947938359,-3.3134328358208953,-0.6480331262939958,0.0,0.0,0.0,1.0
1.808047070373235,0.6376793294270637,-2.2522550450067906,-1.3822800191127649,-1.0,0.44827586206896547,0.5664306538942108,-3.029850746268657,0.2391304347826086,-1.0,0.0,1.0,0.0
0.6173648254691414,1.8099220229135953,-1.7616596713967827,-1.4910623880852887,-1.0,-1.5,0.9346105789254476,3.5970149253731347,0.3260869565217391,0.0,0.0,0.0,1.0
-0.5362348614901127,-0.17791014921807935,0.3716426081074399,0.2168243698670093,0.0,-0.2931034482758621,0.5497709287796751,-0.3880597014925364,0.22049689440993794,-1.0,0.0,0.0,0.0
2.6440636112493245,1.249634923086769,-1.6648381973878907,-0.5562934062725913,-1.0,-0.5517241379310345,-0.13327780091628488,3.82089552238806,-0.22877846790890258,-1.0,0.0,0.0,1.0
-0.35291135410830177,-0.1796248526028713,0.4740737592298012,0.09452560030186734,0.0,-0.5344827586206897,0.9329446064139942,-0.40298507462686506,0.5393374741200826,0.0,1.0,0.0,0.0
0.3549588124271936,0.08940161787378156,-0.39228578736573977,0.14487205467688868,0.0,0.3965517241379311,-0.5514369012911287,0.17910447761194048,-0.256728778467909,-1.0,1.0,0.0,0.0
-0.2900958424251141,0.20735561125860616,0.5460520077799026,0.2443466636427798,0.0,-0.3275862068965517,0.5014577259475218,-0.4701492537313426,0.3022774327122153,0.0,0.0,0.0,1.0
-0.21500236036184597,0.08329401546480787,0.13195295611515692,-0.2256817558779027,0.0,0.5,0.7513536026655562,-0.6567164179104471,0.481366459627329,-1.0,0.0,0.0,0.0
-0.12625209563938128,0.00025974799082987497,0.08257576914686876,0.11788007194630196,0.0,-0.7931034482758622,-0.7163681799250312,0.022388059701492727,-0.8467908902691511,-1.0,1.0,0.0,0.0
-0.31006258158234645,-0.17489376214558355,0.6841876689061186,-0.1899375924423679,0.0,-0.9310344827586208,1.199500208246564,-0.08208955223880555,0.6128364389233955,-1.0,0.0,1.0,0.0
2.2042237606024657,1.3853021652922168,-1.4154177037529183,-1.122112544218857,-1.0,-0.8793103448275862,0.8163265306122449,-0.22388059701492527,0.25879917184265006,0.0,0.0,0.0,0.0
0.3731837433850204,-0.20746790305197468,-0.4735635448666675,0.17440484582217305,0.0,0.3448275862068965,0.6847147022074135,-0.007462686567163358,0.7888198757763972,-1.0,0.0,0.0,0.0
0.20231114713736573,1.7911438161020707,-2.3436495159095916,-0.7357063492926769,-1.0,0.4655172413793104,-0.4831320283215327,2.1865671641791047,-0.24844720496894404,-1.0,0.0,0.0,1.0
-0.18373013442607325,-0.15058045357659355,0.6184844431083814,-0.1814967988332867,0.0,0.4655172413793104,-0.4664723032069971,0.21641791044776124,-0.27950310559006203,-1.0,1.0,0.0,0.0
0.02978102795458015,3.1862468352042206,-1.2206777643040134,-0.7284290206569985,-1.0,-0.2931034482758621,0.05164514785506053,-0.649253731343283,-0.34575569358178054,-1.0,0.0,0.0,0.0
-0.48716023787157564,-0.23036913702505113,0.11658552644958255,0.023140877798519227,0.0,-0.48275862068965514,0.21657642648896294,-2.097014925373134,-0.07142857142857147,-1.0,0.0,1.0,0.0
-0.5520084404759334,-0.11123754245343206,0.25133297410587635,-0.020090239204349138,0.0,-0.017241379310344824,1.6343190337359432,0.17164179104477645,1.4171842650103517,0.0,1.0,0.0,0.0
-0.41580814808877886,0.16508476738265426,-0.03957487033124363,-0.06651106912432217,0.0,-0.6206896551724138,-0.5164514785506039,3.6492537313432845,-0.582815734989648,0.0,0.0,0.0,1.0
2.4751682240064183,4.444958072732656,-1.9012798947635798,-1.371716451349401,-1.0,-0.5517241379310345,-0.05164514785506053,0.41044776119402976,0.05900621118012409,0.0,1.0,0.0,0.0
0.7866205535816057,-0.07928471597758849,-0.03656501452373048,0.12224298303752212,0.0,-1.4482758620689655,0.23323615160349856,2.791044776119404,0.0,0.0,0.0,0.0,0.0
0.8019271344961316,0.9121980845612669,-1.5622742192489016,-1.2481728455929584,-1.0,0.9310344827586208,0.2515618492294876,2.23134328358209,0.5165631469979295,0.0,0.0,0.0,1.0
-0.08714720501602476,-0.2304148336265369,0.43994296998554383,0.13565406457901755,0.0,0.15517241379310343,0.24989587671803415,-0.17910447761193982,0.25983436853002057,-1.0,0.0,1.0,0.0
1.1844981701984838,-0.2287230080320428,-0.1133117917919797,0.39948982233559716,0.0,0.0,-0.03331945022907122,1.9850746268656723,0.011387163561076543,-1.0,1.0,0.0,0.0
1.1892462296553696,3.0650382296342795,-2.00994684027589,-0.754891293693419,-1.0,-0.8793103448275862,0.08329862557267806,1.3955223880597016,-0.12008281573498986,0.0,0.0,0.0,1.0
1.2478192254711507,1.5440429839964707,-1.006420498264581,-1.1579325117996133,-1.0,0.9137931034482759,-0.7496876301541024,2.432835820895523,-0.2525879917184265,0.0,0.0,0.0,0.0
0.054796507492521115,0.295104608285609,-0.006267409206053565,0.13963692820920287,0.0,-0.8793103448275862,0.08329862557267806,1.3955223880597016,-0.12008281573498986,0.0,1.0,0.0,0.0
-0.056899515214330856,-0.08759631916275876,0.5194206277620542,0.423591231967434,0.0,-0.4655172413793104,0.6680549770928779,-0.007462686567163358,0.5476190476190476,-1.0,0.0,1.0,0.0
0.15803122918250395,2.4327907010174004,-1.9411742365945297,-1.0521489301750642,-1.0,-0.0689655172413793,0.2015826738858808,5.216417910447762,0.5755693581780537,-1.0,1.0,0.0,0.0
0.5250287311546967,-0.01098455796341804,-0.11174534052115824,0.03521958317711747,0.0,-0.9137931034482759,0.6997084548104956,-0.4328358208955218,0.24430641821946159,0.0,0.0,0.0,1.0
0.5130335535094062,-0.19945623651922567,0.5941612148427106,0.2646098439376931,0.0,0.6379310344827587,-1.1678467305289462,-3.7761194029850746,-0.893374741200828,-1.0,0.0,0.0,1.0
-0.13756985352494666,0.07017264711030975,-0.19738507212026407,-0.2219252359578274,0.0,-0.603448275862069,1.1678467305289462,2.828358208955225,1.1035196687370596,0.0,0.0,0.0,0.0
-0.5141398222199726,0.15342914731559762,0.03562280671375179,0.07333632542034706,0.0,-0.5517241379310345,-1.517700957934194,0.380597014925373,-1.3633540372670807,-1.0,0.0,1.0,0.0
0.12320491250953579,0.06825563105311692,0.5442450973254873,0.33920918030993125,0.0,0.7931034482758622,0.68304872969596,0.007462686567164684,0.8074534161490682,-1.0,1.0,0.0,0.0
0.15580648136151828,0.22610269696560503,0.48082757392482295,0.30330990702724986,0.0,0.9137931034482759,-0.9679300291545189,0.28358208955223874,-0.591097308488613,0.0,0.0,0.0,1.0
-0.44307241461519214,-0.17851979641673105,0.5840200911748947,0.08129665576953879,0.0,0.6379310344827587,-1.1678467305289462,-3.7761194029850746,-0.893374741200828,-1.0,0.0,0.0,1.0
4.684645902988255,2.9049130257347375,-1.3709036208813297,-0.8408334924554843,-1.0,-0.1724137931034483,0.6847147022074135,4.007462686567164,0.5942028985507246,-1.0,0.0,0.0,0.0
-0.22543847815347018,-0.12420259327430902,-0.32227648605485176,-0.14060690093201786,0.0,0.27586206896551724,-0.6847147022074135,-0.9477611940298505,-0.43892339544513437,0.0,0.0,0.0,0.0
-0.004755338615497537,-0.10020358153003353,-0.1969107940689705,0.1577570389232761,0.0,0.5,0.7513536026655562,-0.6567164179104471,0.481366459627329,-1.0,1.0,0.0,0.0
1.2814649066601154,-0.18816349092222387,0.29785350695771584,0.31053519634731785,0.0,0.0,0.2015826738858808,2.1641791044776126,0.31884057971014496,-1.0,0.0,0.0,0.0
0.06231593483175785,2.9228637855738393,-1.9440727380411358,-1.3474848179145413,-1.0,1.2586206896551724,-0.031653477717617756,0.44029850746268717,0.5248447204968941,0.0,0.0,1.0,0.0
-0.47810917524982544,0.21358532538827202,0.7816478634392511,-0.2171154773062054,0.0,0.6206896551724137,0.9845897542690545,-0.13432835820895436,1.0248447204968942,0.0,0.0,1.0,0.0
-0.2570406441994945,-0.21701655668896258,0.11716540204362443,0.2677566241109913,0.0,-0.4655172413793104,0.4331528529779259,-0.18656716417910382,0.24016563146997913,-1.0,0.0,0.0,0.0
0.5947980726233156,-0.1821971464423865,0.08389420853738663,-0.2638788732914943,0.0,0.0,0.0,-1.9552238805970148,-0.050724637681159465,-1.0,0.0,0.0,1.0
-0.42383948920040204,0.035322569913850806,0.1657062635217162,-0.25282259419111386,0.0,1.103448275862069,-0.43315285297792566,-3.470149253731343,-0.6418219461697721,0.0,1.0,0.0,0.0
0.10978412077313793,-0.025096420276078175,0.26106706763222653,0.27591741992522545,0.0,-1.1551724137931034,-0.33319450229071224,3.194029850746269,-0.2401656314699794,0.0,1.0,0.0,0.0
-0.2089816163194822,-0.04482464682036634,0.19420131508279556,-0.1251970492815557,0.0,0.0,0.0,-1.9552238805970148,-0.050724637681159465,-1.0,0.0,0.0,1.0
-0.006933841630850903,0.1777408815133664,0.7816478634392511,0.08992450097093345,0.0,0.5517241379310345,1.4843815077051228,-0.3507462686567156,1.3240165631469978,-1.0,1.0,0.0,0.0
0.21638298483628202,-0.14910470439208556,0.4222399986815527,0.22449834124408916,0.0,0.5,0.7513536026655562,-0.6567164179104471,0.481366459627329,-1.0,1.0,0.0,0.0
-0.5252381346072801,-0.10350797834998128,0.1816036644613033,0.07916845436459376,0.0,0.6206896551724138,0.4831320283215327,-3.6194029850746268,0.5434782608695651,0.0,0.0,0.0,1.0
1.3111904994514418,-0.04686364588955414,-0.13200172011772923,-0.10747891075480104,0.0,-0.7068965517241379,-0.11828404831320298,0.9328358208955225,0.023809523809523774,-1.0,0.0,0.0,1.0
-0.44155540837264956,-0.020728997835140185,0.7245520618045564,0.25796829609461897,0.0,0.3275862068965517,-0.5497709287796751,2.3134328358208958,-0.28571428571428575,0.0,1.0,0.0,0.0
-0.44916379116941624,-0.02032820765384703,-0.19651240775399445,0.22468770539020347,0.0,-0.603448275862069,-0.5847563515201999,0.43283582089552247,-0.5393374741200828,-1.0,0.0,0.0,1.0
0.3600748296525621,-0.10177396169298662,0.21639478269761322,0.070611470603903,0.0,1.0862068965517242,-1.434402332361516,-3.529850746268657,-0.8975155279503105,0.0,0.0,0.0,0.0
-0.32341202677090974,2.7815915714828408,-1.1179337350279734,-1.2127909793489895,-1.0,-1.5517241379310345,0.6997084548104956,3.55223880597015,0.04968944099378893,0.0,0.0,0.0,1.0
1.2188495254867786,1.7910840019388878,-1.3442499107922772,-2.1183474236768944,-1.0,0.1724137931034483,-0.46813827571845057,-5.611940298507462,-0.3819875776397515,-1.0,0.0,1.0,0.0
-0.4090377166749212,0.14544374643588215,-0.17451230714847907,0.2266825979637737,0.0,0.051724137931034454,0.716368179925031,0.3208955223880602,0.8229813664596272,-1.0,0.0,0.0,0.0
-0.535905738945831,0.19695757904410865,0.10130184864772238,-0.3264193162734735,0.0,-1.103448275862069,0.39983340274885465,3.761194029850747,0.08902691511387155,0.0,0.0,0.0,0.0
-0.09495614703467775,0.23077596738338718,0.38172152776183454,0.1314898859442217,0.0,1.3275862068965516,-0.26655560183256977,-2.791044776119403,-0.03933747412008293,0.0,0.0,0.0,0.0
-0.4798537606185081,-0.16050597205390588,0.07092040000380125,0.2719647807583322,0.0,-0.793103448275862,-0.45147855060391495,-0.20895522388059723,-0.8240165631469977,0.0,1.0,0.0,0.0
-0.5360252871675515,-0.14796362049636533,-0.04909164995787583,0.3921268891389622,0.0,0.15517241379310345,-1.784256559766764,0.24626865671641798,-1.4016563146997927,0.0,0.0,0.0,1.0
-0.41654955860349924,-0.012130731251442537,-0.16888985427847647,0.34583543436768177,0.0,0.32758620689655177,0.41649312786339027,-1.4253731343283578,0.39855072463768104,-1.0,0.0,1.0,0.0
-0.37124823767881976,-0.22832492530017873,0.26735097922463974,-0.33312054683344605,0.0,-0.896551724137931,-0.2182423990004164,-0.2985074626865668,-0.5434782608695651,0.0,0.0,0.0,1.0
-0.0456787723858916,0.03637980216918326,0.7816478634392511,0.17844686105381322,0.0,-0.810344827586207,1.199500208246564,-0.052238805970149474,0.6128364389233955,-1.0,0.0,0.0,1.0
0.25069647121802763,-0.1575361251373018,0.023702945311348818,-0.043106793079890945,0.0,-0.8793103448275863,1.434402332361516,-0.03731343283582077,0.8892339544513456,-1.0,0.0,0.0,0.0
0.2462726596291926,0.9982930479601059,-0.7611477468560092,-0.3694639924388195,-1.0,-0.396551724137931,-1.2511453561016244,0.1865671641791045,-1.0838509316770186,-1.0,0.0,0.0,0.0
0.39364641078139406,0.4754696696914342,-1.8417760819800106,-1.505846866271354,-1.0,-0.12068965517241378,-0.5514369012911289,0.7164179104477613,-0.22567287784679096,-1.0,1.0,0.0,0.0
-0.38210830487363784,0.16059557627748106,-0.15772123451247294,0.3414151544041851,0.0,0.48275862068965514,-0.4831320283215327,1.791044776119403,-0.2505175983436854,-1.0,0.0,0.0,1.0
0.28925628694154965,-0.19806831859628163,0.19769315193328937,0.3053151133050754,0.0,-0.08620689655172414,2.1341107871720117,-0.04477611940298479,1.7163561076604552,-1.0,0.0,0.0,1.0
-0.1908584482350402,-0.09819811498230632,0.39887104409221513,0.08087584485878153,0.0,1.0862068965517242,0.534777176176593,0.06716417910447818,0.7650103519668736,0.0,1.0,0.0,0.0
2.108915381719451,0.06657953431945753,-0.4660288453992962,-0.18287223136700873,0.0,0.03448275862068967,-1.434402332361516,-0.20149253731343253,-1.175983436853002,0.0,0.0,0.0,1.0
0.4228105682404219,-0.16854394677145149,0.28205871964026125,0.5365956209516689,0.0,-0.9137931034482759,0.9346105789254476,-0.2537313432835813,0.55175983436853,0.0,0.0,1.0,0.0
-0.2756551007769816,-0.12849872285197694,0.556505852893882,0.24013538388580757,0.0,0.7068965517241379,-0.2832153269471054,-0.11940298507462632,-0.05797101449275355,0.0,0.0,0.0,1.0
-0.2758801357105394,-0.1427568525151018,0.49274378235280325,0.09339323026758913,0.0,-1.2586206896551724,-0.0016659725114534663,-0.41044776119402976,-0.564182194616977,0.0,0.0,0.0,0.0
-0.20898892527943586,-0.14641400605111465,-0.28186866777301706,0.6402300769298571,0.0,-0.4655172413793104,-0.7180341524364847,0.007462686567164684,-0.8281573498964802,-1.0,0.0,1.0,0.0
-0.4793906969343172,0.10584593702043575,0.08505653015923757,0.6618993537161937,0.0,-1.2586206896551724,-0.0016659725114534663,-0.41044776119402976,-0.564182194616977,0.0,0.0,0.0,1.0
-0.48960860393613326,-0.11877192865388135,0.673672989648017,0.2736128461232055,0.0,0.603448275862069,0.751353602665556,-0.07462686567164087,0.7443064182194615,0.0,0.0,1.0,0.0
1.3046467729182187,2.122769717556631,-0.8970494844312594,-0.6052792354682182,-1.0,-1.103448275862069,0.39983340274885465,3.761194029850747,0.08902691511387155,0.0,0.0,1.0,0.0
-0.2962264400171644,-0.10200876867100651,0.6794474209673753,0.17491427488573894,0.0,0.7068965517241379,-1.6676384839650145,-3.5597014925373136,-1.1925465838509315,0.0,0.0,0.0,1.0
0.09772611515329671,-0.14939366240699525,-0.08767231041440204,0.13665823800023538,0.0,0.7068965517241379,0.08496459808413176,-0.9029850746268651,-0.0631469979296067,-1.0,0.0,0.0,1.0
0.09517889875928369,-0.12964106271463713,-0.040250593446537454,-0.0554910577053478,0.0,-0.051724137931034454,-0.4014993752603081,-1.6119402985074622,-0.42443064182194606,-1.0,0.0,1.0,0.0
-0.49183337067489746,-0.1314021940705899,0.03461817840292964,-0.07041540090144728,0.0,1.0344827586206897,-0.4481466055810078,1.395522388059702,-0.329192546583851,0.0,0.0,0.0,1.0
-0.3679780488968557,-0.026997529900943344,-0.1532668097504112,0.240907811813858,0.0,-0.10344827586206898,0.4498125780924612,0.5149253731343287,0.5434782608695651,-1.0,0.0,1.0,0.0
-0.17236595495921,-0.05990924010247646,0.41785384892374255,0.11880659390435049,0.0,-0.051724137931034454,-0.3848396501457725,-3.582089552238806,-0.4554865424430641,-1.0,0.0,0.0,0.0
-0.45336522143290764,-0.19164663664250323,-0.04194968646677101,-0.125020657363115,0.0,0.4310344827586207,-0.618075801749271,-1.4701492537313432,-0.4037267080745341,-1.0,1.0,0.0,0.0
-0.5301320589886207,-0.11254781425145817,0.12128175432674132,0.15644073433980715,0.0,-0.9827586206896552,0.9346105789254476,2.798507462686568,0.8084886128364387,0.0,0.0,0.0,1.0
0.48494408916170795,0.7023036066369547,-1.2390377500531529,-0.7099675356073505,-1.0,0.5344827586206897,-1.2161599333610995,2.067164179104478,-0.8302277432712215,0.0,0.0,1.0,0.0
-0.2370175471096502,-0.2144536910629301,-0.04441636262755395,-0.02626690482724505,0.0,0.6379310344827586,-0.6663890045814245,-0.2910447761194021,-0.412008281573499,-1.0,0.0,0.0,1.0
0.21400630166034726,0.6287865468733214,-1.5805180623934705,-1.0208695668683605,-1.0,0.44827586206896547,0.5664306538942108,-3.029850746268657,0.2391304347826086,-1.0,0.0,0.0,1.0
-0.1888573547888463,-0.20453781936627924,0.1781137606070807,-0.2823818574738805,0.0,-0.3965517241379311,0.5181174510620574,-0.14925373134328307,0.21739130434782603,-1.0,1.0,0.0,0.0
0.47990644506805774,-0.2318863781037603,0.3526690718614637,0.05970943126794579,0.0,0.9137931034482759,-0.9679300291545189,0.28358208955223874,-0.591097308488613,0.0,0.0,1.0,0.0
2.3026408529872735,0.22424637047321186,-0.619082291768304,-1.2096984157097348,-1.0,-0.896551724137931,-0.2182423990004164,-0.2985074626865668,-0.5434782608695651,0.0,0.0,0.0,1.0
0.3806158076946855,-0.17751694279321192,0.20680968732629434,0.2463514654169933,0.0,-1.103448275862069,0.3998334027488544,3.5000000000000004,0.6024844720496891,0.0,1.0,0.0,0.0
0.37668804145751117,2.0130692394894667,-0.12615607629144035,-1.6437260288683104,-1.0,-0.3275862068965517,0.5164514785506039,-2.2835820895522385,0.2463768115942028,0.0,0.0,0.0,1.0
-0.4686613000797389,0.38085105465898395,0.13187821774927774,0.1993491802262454,0.0,-0.4655172413793104,0.4331528529779259,-0.18656716417910382,0.24016563146997913,-1.0,0.0,0.0,0.0
-0.3862089116769571,-0.14465889153595274,0.34961321217155744,-0.06339742111336667,0.0,-0.4482758620689655,0.24989587671803415,-0.23134328358208928,-0.015527950310559003,0.0,1.0,0.0,0.0
0.5355331436119297,0.9235967247613699,-1.0240826463846264,-1.5256545902835272,-1.0,-0.1724137931034483,0.4498125780924615,3.8283582089552244,0.28674948240165615,-1.0,0.0,1.0,0.0
0.2618910561885543,-0.05247533908793039,-0.015780326248187867,-0.27053132482363473,0.0,0.5,-1.00124947938359,-3.3134328358208953,-0.6480331262939958,0.0,0.0,1.0,0.0
-0.1060182675587918,0.40542757199901447,-0.16797353826064262,0.36747702870319204,0.0,-1.0344827586206897,0.41482715535193654,-1.3656716417910446,0.28985507246376807,0.0,0.0,0.0,0.0
-0.5454330437552926,0.20497912674925126,0.15710589169306918,0.1386616555549802,0.0,0.9310344827586208,0.01832569762598908,1.895522388059702,0.23395445134575557,0.0,0.0,1.0,0.0
-0.14027991458821523,-0.06034412770304745,0.068808395786372,-0.022934786097946674,0.0,1.3275862068965518,-0.41649312786339027,-1.1567164179104477,0.12008281573498956,0.0,0.0,1.0,0.0
-0.38570975048984374,-0.2026329295787539,0.20245133660038847,0.3307179042467495,0.0,-0.4655172413793104,0.4331528529779259,-0.18656716417910382,0.24016563146997913,-1.0,0.0,0.0,0.0
0.04711844094748209,-0.1114926783945491,0.29909207209075156,0.014992501749120878,0.0,0.603448275862069,-1.2011661807580174,-2.7985074626865676,-1.1428571428571426,0.0,1.0,0.0,0.0
-0.5467462812510624,-0.18342452136853268,0.4228684231460157,0.06917018585104458,0.0,-0.3275862068965517,0.2832153269471054,-0.16417910447761178,-0.05900621118012409,-1.0,0.0,0.0,1.0
0.36783710589684604,0.1656309728454179,0.4394650486852485,-0.2668809259628102,0.0,1.0862068965517242,0.5181174510620574,2.0373134328358216,0.7960662525879916,0.0,0.0,1.0,0.0
-0.0032378611172629796,0.986352143884566,-2.3436495159095916,-1.2125208636706444,-1.0,-0.017241379310344807,-1.0179092044981257,0.21641791044776124,-0.7888198757763976,-1.0,0.0,0.0,1.0
-0.4044685686757433,-0.16547949546947036,-0.7603021839702016,0.3204080631913584,0.0,0.810344827586207,-1.2328196584756352,0.08208955223880689,-0.6521739130434784,-1.0,0.0,1.0,0.0
4.129804202614789,1.5799491908760352,-1.1050970893975058,-0.5330536924791847,-1.0,-0.1724137931034483,0.43481882548937933,5.64179104477612,0.3426501035196686,-1.0,0.0,0.0,0.0
-0.365492574140132,-0.11480231935451451,-0.08846978468083373,0.22912353846866937,0.0,-1.396551724137931,0.46813827571845057,2.8358208955223887,0.2763975155279501,0.0,1.0,0.0,0.0
2.4496195877725304,0.58184394305806,-1.608323967515998,-1.8416610449524153,-1.0,-0.06896551724137931,0.4831320283215327,-0.20149253731343253,0.279503105590062,0.0,0.0,0.0,1.0
0.048866814312501596,-0.12150904133102639,-0.48321214255963046,0.006589903711244445,0.0,-0.15517241379310345,1.7509371095376927,-0.21641791044776057,1.3623188405797098,0.0,0.0,1.0,0.0
-0.3108683939860343,-0.09970901063096169,-0.11626650010982119,0.30259541056679384,0.0,0.6379310344827587,-1.1678467305289462,-3.7761194029850746,-0.893374741200828,-1.0,0.0,1.0,0.0
0.36324330411348116,2.0137791475863507,-0.33670321020732247,-1.3411149545293481,-1.0,-0.0689655172413793,0.2015826738858808,5.216417910447762,0.5755693581780537,-1.0,0.0,0.0,0.0
2.5091645638195255,1.9678345630850358,-1.8721174405133498,-1.152607925939365,-1.0,1.206896551724138,-0.8996251561849228,-4.231343283582089,-0.6915113871635611,0.0,0.0,0.0,1.0
-0.012262891284462929,-0.19324755805055163,-0.3228887860187836,0.2836461240117737,0.0,1.206896551724138,-0.8996251561849228,-4.231343283582089,-0.6915113871635611,0.0,0.0,1.0,0.0
-0.36623358131772976,-0.1189010209475661,0.0030080188230213415,0.33125149757938627,0.0,-1.0862068965517242,-0.33319450229071224,0.1417910447761197,-0.4968944099378881,0.0,0.0,0.0,0.0
-0.14541164281367627,4.716934730344923,-2.1591409225716856,-2.04977935388021,-1.0,-0.1724137931034483,0.6680549770928779,5.977611940298509,0.6252587991718426,-1.0,0.0,0.0,1.0
0.6183608169494462,-0.03954040909216509,0.0030540822773920014,0.09947966172662762,0.0,-0.1724137931034483,0.6680549770928779,5.977611940298509,0.6252587991718426,-1.0,1.0,0.0,0.0
0.20306320011652054,3.1860874726192563,-1.2224261487144257,-1.2196764676203584,-1.0,0.6551724137931034,-0.9346105789254476,-3.8358208955223883,-0.6128364389233955,-1.0,0.0,0.0,1.0
-0.12600213531130075,-0.03151616704275043,-0.26471240379313327,-0.239184148324465,0.0,-0.37931034482758624,-0.24989587671803415,-0.014925373134328042,-0.3146997929606624,-1.0,0.0,0.0,0.0
1.6562195695244488,3.912684745961837,-0.023901942580600164,-1.751653438505529,-1.0,0.5,-1.00124947938359,-3.3134328358208953,-0.6480331262939958,0.0,0.0,0.0,0.0
-0.1552526504187838,-0.18983732815087254,0.12265188442317321,0.25450676165089153,0.0,-0.7068965517241379,-0.11828404831320298,0.9328358208955225,0.023809523809523774,-1.0,1.0,0.0,0.0
-0.4371466253908607,0.0893394005674431,-0.28376110644879926,0.3968952536427703,0.0,-0.48275862068965514,0.43481882548937933,0.05223880597015013,0.26708074534161497,-1.0,1.0,0.0,0.0
-0.3033264647337898,-0.17108757685492398,-0.15660050828387254,0.2188785335900955,0.0,0.08620689655172414,-2.1674302374010828,0.0746268656716422,-1.7556935817805381,-1.0,0.0,0.0,1.0
-0.02055564626480398,-0.09581851148932996,0.13561252056199827,-0.35875701865572174,0.0,-0.017241379310344824,1.6343190337359432,0.17164179104477645,1.4171842650103517,0.0,0.0,0.0,0.0
0.5794555985826688,5.031176033973916,-1.7933620014474845,-1.0145531446263258,-1.0,1.0344827586206897,0.1499375260308205,-1.559701492537313,0.36024844720496896,0.0,1.0,0.0,0.0
-0.517934888206744,0.23179043345837436,-0.14032795229715792,0.0643562147780583,0.0,-1.0344827586206897,0.41482715535193654,-1.3656716417910446,0.28985507246376807,0.0,0.0,0.0,0.0
0.7365415118148152,2.348379321188929,-1.3572333483040202,-0.6553596007608211,-1.0,-0.3965517241379311,-0.8329862557267805,1.2835820895522394,-0.7919254658385094,0.0,1.0,0.0,0.0
2.1428921996156234,2.999802006288006,-2.3436495159095916,-0.7509499996281751,-1.0,0.5517241379310345,0.018325697625989314,-0.38059701492537235,-0.09834368530020701,0.0,0.0,0.0,0.0
3.2853156214849366,3.4796400365127913,-1.3761269647059278,-1.6164261793952814,-1.0,0.4655172413793104,-0.7163681799250312,1.8507462686567167,-0.531055900621118,-1.0,0.0,0.0,0.0
0.36548837401567685,-0.14159839062016055,0.16835431092750994,0.21095752678410779,0.0,-0.051724137931034454,-0.15160349854227395,-3.2462686567164174,-0.1728778467908901,-1.0,0.0,0.0,0.0
0.33763634524075714,-0.06799281060786011,-0.12739247197149017,0.3603819895943769,0.0,0.5517241379310345,0.018325697625989314,-0.38059701492537235,-0.09834368530020701,0.0,1.0,0.0,0.0
0.2517722496308048,-0.11709520945830347,-0.052605297776739314,0.365255653372445,0.0,0.051724137931034454,0.3681799250312369,1.6417910447761197,0.38509316770186314,-1.0,0.0,1.0,0.0
0.154601095036356,0.15441047859126042,0.10054304601394455,0.33813521220561427,0.0,-0.6551724137931034,0.9829237817576008,0.4552238805970152,0.8612836438923392,0.0,0.0,0.0,0.0
-0.19671190828529886,-0.2274763420581698,0.4225314826063629,0.32958501011285285,0.0,1.3275862068965518,-0.2832153269471054,2.395522388059702,0.27950310559006203,0.0,0.0,0.0,0.0
-0.03248113999009249,3.7969161885080784,-1.8762516272379208,-1.9502870598672957,-1.0,1.0344827586206897,-0.43315285297792566,-0.4179104477611938,-0.3850931677018634,0.0,0.0,0.0,0.0
-0.2884142663692319,-0.15861189904320322,0.17920316126441618,-0.2809231350995187,0.0,0.051724137931034454,0.13327780091628488,1.4626865671641793,0.07763975155279472,-1.0,0.0,1.0,0.0
0.6260219227763069,1.8230042662289687,-1.423529321371877,-1.6257916573235958,-1.0,0.03448275862068967,-1.434402332361516,-0.20149253731343253,-1.175983436853002,0.0,0.0,0.0,1.0
-0.12298966871321307,0.7278035204047024,0.09799484741618995,0.1474784909881003,0.0,-0.0689655172413793,-0.01665972511453561,3.0671641791044784,0.2370600414078672,-1.0,1.0,0.0,0.0
-0.18139772444494964,-0.04094564337972084,0.11173266024753521,0.2736031265851604,0.0,0.4137931034482759,0.4498125780924615,-0.022388059701492064,0.5124223602484471,-1.0,0.0,1.0,0.0
-0.27265976957524646,-0.23164888370348047,0.42600702042777233,0.18599626092991928,0.0,-0.4655172413793104,-0.7180341524364847,0.007462686567164684,-0.8281573498964802,-1.0,0.0,1.0,0.0
0.9940097709121902,1.1385309610036733,-0.9390242437044287,-1.562832774491462,-1.0,-0.8448275862068967,0.01665972511453561,-0.253731343283582,-0.26708074534161497,0.0,0.0,1.0,0.0
0.20981058007353487,-0.05999166074585468,0.6608110308695992,0.014459572006446335,0.0,-0.7068965517241379,-0.11828404831320298,0.9328358208955225,0.023809523809523774,-1.0,0.0,0.0,1.0
0.6909710339530074,2.28430824986483,-1.5760764622324543,-1.3293106112246524,-1.0,-0.4655172413793104,0.68304872969596,-1.8208955223880592,0.4917184265010351,-1.0,0.0,1.0,0.0
-0.5367434482600161,-0.08623417313541416,0.21329972345515882,0.10026259981475465,0.0,-0.12068965517241383,-0.01665972511453561,-0.01492537313432738,-0.019668737060041463,-1.0,0.0,0.0,0.0
0.391528942655759,1.5502937945776945,-1.8590247850354182,-1.0456461272774917,-1.0,-0.051724137931034454,-0.16659725114535612,-1.4328358208955219,-0.11697722567287765,-1.0,0.0,0.0,0.0
0.83981941856693,-0.10445278202805226,0.5698790646468502,0.19494343480189866,0.0,-0.9137931034482759,0.7163681799250312,-2.4029850746268653,0.21325051759834357,0.0,0.0,1.0,0.0
-0.5103220309638055,0.0009008241785318029,-0.22391635778866018,0.2870341215669226,0.0,-0.4655172413793104,0.4331528529779259,-0.18656716417910382,0.24016563146997913,-1.0,1.0,0.0,0.0
-0.17364367522563987,-0.052787714360077995,0.16922363354062123,0.10517520338495479,0.0,0.48275862068965514,-0.24989587671803415,2.1268656716417915,0.032091097308488546,-1.0,0.0,1.0,0.0
-0.28151426554583897,-0.22554111040022826,0.3311544208359653,-0.012852565729717333,0.0,-0.396551724137931,0.5014577259475218,2.582089552238807,0.559006211180124,0.0,0.0,1.0,0.0
1.082901582415131,2.5501722411034127,-1.0081836694162878,-1.4071579505758451,-1.0,0.44827586206896547,0.4847980008329862,0.11940298507462764,0.46480331262939956,0.0,0.0,0.0,1.0
0.10734888146259222,-0.04845879372649431,0.09036002532433968,0.5190741129904594,0.0,-1.5517241379310345,0.6997084548104956,3.55223880597015,0.04968944099378893,0.0,0.0,0.0,1.0
-0.39548465195662175,-0.11857570803509764,0.45743178667087214,0.18896010089449128,0.0,-0.3448275862068965,-0.7180341524364847,0.03731343283582077,-0.8281573498964802,-1.0,0.0,0.0,0.0
-0.41997546658579493,0.3013002194616832,-0.005497348162154091,-0.0160294462644918,0.0,-1.206896551724138,0.38317367763431903,1.2164179104477613,-0.15942028985507248,0.0,1.0,0.0,0.0
-0.22019045775285137,-0.22112958591977264,0.25481314497177726,-0.04901512279520529,0.0,1.3275862068965518,-0.5164514785506039,2.0597014925373136,-0.003105590062111918,0.0,0.0,0.0,1.0
1.6003254819648742,1.9102452776834862,-1.798784228215322,-0.5232836356702913,-1.0,0.48275862068965514,-0.4831320283215327,1.791044776119403,-0.2505175983436854,-1.0,0.0,0.0,1.0
-0.44749236781860696,-0.22727446489291114,-0.09297298133545256,0.029356896900876308,0.0,-1.0,-0.06663890045814244,3.0000000000000004,0.03933747412008263,0.0,1.0,0.0,0.0
0.4189695351614739,-0.14027882748022408,-0.7842894255010493,-0.015454705606063084,0.0,-0.8793103448275863,1.434402332361516,-0.03731343283582077,0.8892339544513456,-1.0,0.0,1.0,0.0
0.2276335000415521,-0.2300605005541314,-0.12679137834935106,0.12913307588849693,0.0,-0.4655172413793104,-0.751353602665556,-0.029850746268656747,-0.7846790890269151,0.0,0.0,1.0,0.0
-0.3927728138083634,-0.12939284799758677,0.1968199284257483,0.21500614122956097,0.0,0.0689655172413793,-0.01665972511453561,-3.0373134328358207,-0.2763975155279501,-1.0,0.0,1.0,0.0
2.5994179496027674,4.65386945294986,-0.9228069045378782,-1.504261450584711,-1.0,0.603448275862069,0.751353602665556,-0.07462686567164087,0.7443064182194615,0.0,1.0,0.0,0.0
2.38955066126728,0.21197535734826417,0.7816478634392511,-0.21525928826615648,0.0,-1.2586206896551724,0.2482299042065807,-2.044776119402985,-0.3126293995859211,0.0,1.0,0.0,0.0
-0.34063999807179773,-0.1688981094826312,0.1898867673738745,-0.08147382017163915,0.0,-1.206896551724138,0.8663057059558515,4.2611940298507465,0.6521739130434782,0.0,0.0,0.0,0.0
0.27370509116642744,-0.06788725315031786,-0.0672436960804921,-0.18616420165810363,0.0,-0.1724137931034483,0.6847147022074135,4.007462686567164,0.5942028985507246,-1.0,0.0,0.0,1.0
-0.35144625904803556,0.10344001874289412,-0.4201614555272549,-0.11967222171531253,0.0,0.7068965517241379,0.08496459808413176,-0.9029850746268651,-0.0631469979296067,-1.0,0.0,1.0,0.0
-0.2167567006324117,-0.22552027063051105,0.4165297273291974,0.1535184982430988,0.0,0.4655172413793104,-0.7163681799250312,1.8507462686567167,-0.531055900621118,-1.0,0.0,1.0,0.0
-0.4159392400839546,0.14016384895389172,0.3200914557066658,0.09458242756472818,0.0,-0.4655172413793104,-0.751353602665556,-0.029850746268656747,-0.7846790890269151,0.0,0.0,1.0,0.0
-0.3671936861789592,0.8997922409932178,-1.3850885585831345,-1.1736372054527486,-1.0,0.9137931034482759,-0.7496876301541024,2.432835820895523,-0.2525879917184265,0.0,0.0,0.0,0.0
-0.3057172351469377,-0.18821733252484427,0.3966477774159895,0.39103298073944526,0.0,0.1724137931034483,-0.7013744273219491,-5.947761194029852,-0.6645962732919255,-1.0,0.0,0.0,0.0
-0.2697388879827664,-0.22264103519893993,0.4964979136298611,0.6142333112871429,0.0,-0.5,-0.7846730528946274,0.6865671641791045,-0.520703933747412,-1.0,1.0,0.0,0.0
1.5054339262027925,1.723294832027428,-1.7444015517769993,-0.987098579430075,-1.0,-1.3793103448275863,-0.0016659725114534663,-0.44029850746268584,-0.564182194616977,0.0,1.0,0.0,0.0
0.010898781316750285,-0.19141426429409122,0.6194425555118765,0.09378505310361536,0.0,-0.8793103448275862,0.8163265306122449,-0.22388059701492527,0.25879917184265006,0.0,1.0,0.0,0.0
-0.21187795369095683,-0.0159735029621292,-0.2274417009486585,0.0641741429177516,0.0,1.2586206896551724,-0.28154935443565193,2.0746268656716427,0.2732919254658382,0.0,0.0,0.0,1.0
-0.5165670648479388,0.10158985062468227,0.47903750076674645,-0.4196767398537174,0.0,-1.0862068965517242,1.4010828821324448,3.559701492537314,0.8581780538302276,0.0,0.0,1.0,0.0
-0.0031649168341906205,-0.12866301735812444,-0.027395532896730863,-0.13607468236907402,0.0,-0.4655172413793104,-0.7180341524364847,0.007462686567164684,-0.8281573498964802,-1.0,0.0,1.0,0.0
0.507200936522281,2.886801736407462,-1.1017276252017094,-1.0140303453099748,-1.0,-0.9137931034482759,0.6997084548104956,-0.4328358208955218,0.24430641821946159,0.0,1.0,0.0,0.0
2.99749448128189,4.286430572229945,-1.7113681599477133,-0.9002370830829998,-1.0,-0.5,-0.7846730528946274,0.6865671641791045,-0.520703933747412,-1.0,0.0,0.0,1.0
2.137293996356382,0.44461588885089603,-1.3175773409345453,-1.6637352827154452,-1.0,1.0344827586206897,-0.4481466055810078,1.395522388059702,-0.329192546583851,0.0,0.0,0.0,1.0
-0.20554490550813845,-0.2258309453382457,0.1143562418709744,0.32328269333857745,0.0,0.08620689655172414,-1.2844648063306954,0.029850746268656747,-1.1024844720496891,-1.0,0.0,0.0,0.0
-0.27089686635161414,-0.19566991437705622,0.3289167671356962,-0.2709573654086326,0.0,-0.4137931034482759,0.8179925031236984,1.440298507462687,0.6449275362318837,-1.0,0.0,0.0,1.0
-0.17932597525434515,0.1703056291002937,0.3710739656646401,0.05762506627512081,0.0,-0.896551724137931,-0.2182423990004164,-0.2985074626865668,-0.5434782608695651,0.0,0.0,0.0,1.0
-0.0959419380467939,-0.09834268079381057,0.2988035116215588,-0.2445011711045409,0.0,-0.5,-0.7846730528946274,0.6865671641791045,-0.520703933747412,-1.0,0.0,1.0,0.0
0.3577133168358406,-0.15050622527895086,0.5044342043926373,0.01745424630888919,0.0,0.9310344827586208,0.03331945022907122,0.08208955223880622,0.1780538302277431,0.0,0.0,0.0,0.0
-0.42894784365747196,-0.10749489994466285,0.06071280082597755,0.2801512169247896,0.0,1.103448275862069,-0.43315285297792566,-3.470149253731343,-0.6418219461697721,0.0,1.0,0.0,0.0
0.11381026478875267,1.9209971975198732,-0.9855699865562244,-1.8464164663159919,-1.0,0.48275862068965514,-0.46813827571845057,-0.022388059701492727,-0.3064182194616979,-1.0,0.0,0.0,1.0
0.4884484237569857,0.051068646046674646,0.16187207644673654,0.40515301273537907,0.0,0.1724137931034483,-0.46813827571845057,-5.611940298507462,-0.3819875776397515,-1.0,0.0,0.0,0.0
-0.0835734994027577,-0.2171628772515734,0.25352755755267103,0.20327992190075958,0.0,1.0862068965517242,-1.434402332361516,-3.529850746268657,-0.8975155279503105,0.0,0.0,0.0,0.0
-0.34813919423642764,-0.1608873658618738,0.2592652681127106,0.2605540675574345,0.0,0.4482758620689655,-0.2832153269471054,0.2611940298507467,-0.023809523809523923,0.0,0.0,0.0,1.0
-0.5238586075204863,-0.2074786709422791,-0.23460447550812347,0.18487895368531862,0.0,0.8620689655172414,0.1832569762598917,0.22388059701492594,0.5082815734989646,0.0,1.0,0.0,0.0
-0.34273342961965725,-0.16311122290596908,0.19441507389918727,0.13145481570801096,0.0,-0.17241379310344823,-1.2844648063306954,0.41044776119402976,-1.0683229813664596,-1.0,0.0,0.0,1.0
-0.07824836048124106,-0.16165609551994808,-0.025594414924670517,0.2524013988422615,0.0,0.6206896551724137,0.9845897542690545,-0.13432835820895436,1.0248447204968942,0.0,0.0,0.0,0.0
2.6070815511994767,-0.21603301820493798,0.08980791744288007,0.017928086203592115,0.0,-1.3275862068965516,0.23323615160349856,2.82089552238806,0.0,0.0,1.0,0.0,0.0
0.7087313063403456,-0.08233677721505193,0.4857791732300764,-0.0014895595886557393,0.0,-0.44827586206896547,-0.599750104123282,3.059701492537314,-0.2784679089026915,-1.0,0.0,0.0,0.0
-0.3747220195212096,-0.20714169831926185,0.5093075957134283,0.07115605321232082,0.0,-0.4137931034482759,-0.4831320283215327,0.052238805970149474,-0.55175983436853,-1.0,0.0,0.0,0.0
0.4936097074114327,0.6962763493863338,-0.9840423954972699,-1.5241642111149507,-1.0,1.206896551724138,-0.41649312786339027,-1.1865671641791038,0.12008281573498956,0.0,1.0,0.0,0.0
1.8739796708479988,-0.21468500697191067,0.5489142150171702,-0.029628225582843344,0.0,-0.3965517241379311,0.5181174510620574,-0.14925373134328307,0.21739130434782603,-1.0,0.0,0.0,1.0
-0.2893260423251032,0.28672925431755125,0.21711143292602006,-0.2266928331347946,0.0,-0.0689655172413793,0.2015826738858808,5.216417910447762,0.5755693581780537,-1.0,0.0,0.0,1.0
1.2231546907472448,4.810761369680451,-1.5126908637458467,-0.6467677482097278,-1.0,-0.3965517241379311,0.5181174510620574,-0.14925373134328307,0.21739130434782603,-1.0,0.0,1.0,0.0
-0.30280711187117165,3.266542773176383,-1.6165447239694746,-1.3316533509181616,-1.0,-0.06896551724137931,0.4831320283215327,-0.20149253731343253,0.279503105590062,0.0,1.0,0.0,0.0
-0.262602751315634,-0.21669544071756358,0.25743255523456726,-0.09470111526992323,0.0,-0.13793103448275862,0.1499375260308205,0.47761194029850795,0.2256728778467908,0.0,0.0,0.0,0.0
0.8350310830185985,3.9125203946028226,-1.7210469487962698,-1.6934655568329373,-1.0,1.0344827586206897,-0.19825072886297362,-0.2388059701492533,-0.07763975155279501,0.0,1.0,0.0,0.0
0.5560124666072052,-0.1806058138493861,0.5013630495572527,0.1019377030635061,0.0,0.0,0.2182423990004164,0.1940298507462692,0.28778467908902694,-1.0,0.0,0.0,0.0
-0.5032058052397529,-0.16621313525369563,0.6114748873575867,0.049032405217779206,0.0,-0.5,0.9679300291545189,3.343283582089553,0.6086956521739129,0.0,0.0,1.0,0.0
-0.3020914567457373,-0.12904394944015238,0.5930667464500362,-0.46211390238696093,0.0,-1.0344827586206897,0.3998334027488544,0.4477611940298512,0.34575569358178054,0.0,0.0,0.0,1.0
-0.16827451212062627,-0.03876073717707041,0.27601577508035846,0.36058188637325983,0.0,-0.4482758620689655,0.24989587671803415,-0.23134328358208928,-0.015527950310559003,0.0,0.0,1.0,0.0
1.441841971068952,2.872914742389843,-1.8459377554256304,-1.1704212008216632,-1.0,1.3275862068965518,-0.5014577259475218,0.24626865671641798,-0.059006211180124384,0.0,0.0,1.0,0.0
0.18277237324013978,-0.09305367880616632,0.08668508792032213,0.4921644105489151,0.0,-0.15517241379310348,-0.08329862557267806,0.5373134328358214,-0.05486542443064178,0.0,0.0,1.0,0.0
-0.12887195870238768,-0.2025457277241145,-0.07812875612476582,0.41926128372104726,0.0,1.0862068965517242,-1.434402332361516,-3.529850746268657,-0.8975155279503105,0.0,0.0,0.0,0.0
-0.11669274613344746,0.12662459497896444,0.1740087243197222,0.072023646302702,0.0,0.5517241379310345,0.09995835068721366,-3.791044776119403,0.18944099378881965,-1.0,0.0,1.0,0.0
-0.02770834798308765,-0.005050035307413866,-0.10992692903878923,-0.09095007491108188,0.0,1.2758620689655173,-0.6513952519783422,-1.2014925373134326,-0.15631469979296056,0.0,1.0,0.0,0.0
1.1641087783843331,0.034887644214022046,0.1763112397112099,0.12491781491358983,0.0,0.10344827586206898,-0.48313202832153246,-0.4850746268656713,-0.582815734989648,-1.0,0.0,0.0,1.0
0.29648995503228515,-0.02285316465124464,0.5075497109800744,0.5165523757240359,0.0,0.5862068965517241,-1.399416909620991,-0.5970149253731336,-1.2546583850931676,-1.0,0.0,0.0,1.0
-0.16477660277952721,-0.2151201236391342,-0.05954511638028327,0.000761629588340717,0.0,0.396551724137931,-0.534777176176593,-2.5522388059701493,-0.5983436853002069,0.0,1.0,0.0,0.0
-0.20382881297728248,-0.07337172594046507,0.018755328518197924,0.5468363712143721,0.0,-0.051724137931034475,0.7163681799250312,-0.261194029850746,0.5600414078674946,0.0,0.0,0.0,1.0
1.5279844129357982,-0.003622889004200869,0.2491895005016645,0.13840501378705267,0.0,-0.2931034482758621,0.05164514785506053,-0.649253731343283,-0.34575569358178054,-1.0,1.0,0.0,0.0
0.0942947865993384,-0.1689372419975816,0.13077645481110348,0.28167809530733046,0.0,1.0000000000000002,0.01665972511453561,-0.2388059701492533,0.2629399585921324,-1.0,0.0,0.0,0.0
-0.3479678524365651,0.30568613355046426,0.4655321919967399,0.16168353468441687,0.0,0.10344827586206898,-0.4831320283215327,-0.7462686567164173,-0.06935817805383039,-1.0,0.0,0.0,0.0
0.043203137192622136,0.5532209435910571,-1.3069573390016391,-1.3223844572285384,-1.0,0.12068965517241378,0.5181174510620576,-0.6865671641791038,0.18633540372670804,-1.0,1.0,0.0,0.0
-0.5496428899611188,-0.12527318159460274,0.2452463391116395,0.013112872726233227,0.0,1.0344827586206897,-0.21491045397750924,1.7313432835820903,-0.04658385093167701,0.0,1.0,0.0,0.0
-0.05815843991591959,0.13997416622770237,-0.06888330091049788,0.07140688428093865,0.0,1.103448275862069,-0.43315285297792566,-3.470149253731343,-0.6418219461697721,0.0,0.0,0.0,0.0
-0.16913596276174042,-0.1196986381423855,0.5930254469679677,0.06450948157112918,0.0,0.6551724137931034,-1.016243231986672,-0.4253731343283578,-0.9006211180124222,0.0,1.0,0.0,0.0
-0.09204491060094666,-0.15262818368461614,-0.2472948475292729,0.5133365277660662,0.0,0.48275862068965514,-0.23323615160349856,0.15671641791044774,0.0010351966873705413,-1.0,1.0,0.0,0.0
2.774788997851176,-0.14567689733643427,-0.042501059341892425,0.2535184722133568,0.0,0.4482758620689655,-0.3165347771761766,0.22388059701492527,0.01966873706004117,-1.0,0.0,0.0,1.0
0.31581870152681607,2.9217584244721295,-1.8087254905885335,-1.3065961184713493,-1.0,0.1724137931034483,-0.4831320283215327,-3.7985074626865667,-0.3260869565217391,-1.0,0.0,1.0,0.0
0.03170244416376049,0.15616409865053385,0.5414075863807096,-0.08217096145945894,0.0,0.0,0.23323615160349856,-1.6194029850746265,0.2318840579710145,-1.0,0.0,0.0,0.0
0.5138565359408316,-0.1472342880398908,0.2817352936701292,0.08477312244780287,0.0,0.4482758620689655,1.184506455643482,0.373134328358209,1.157349896480331,0.0,1.0,0.0,0.0
0.09568742714470856,5.286357834384897,-1.235548211052285,-1.727153841207135,-1.0,-0.051724137931034454,-0.2515618492294876,-0.029850746268656084,-0.2960662525879916,-1.0,1.0,0.0,0.0
-0.2255102987681688,0.1337741135944883,0.44751397265176696,0.5293649061017437,0.0,1.1551724137931034,0.299875052061641,-3.1641791044776117,0.20082815734989648,0.0,1.0,0.0,0.0
1.8759063878071087,4.747219962919121,-0.7745184280508774,-1.2153354313838796,-1.0,0.24137931034482765,-0.8179925031236984,0.373134328358209,-0.536231884057971,-1.0,0.0,0.0,0.0
0.05670643576297016,2.2663015525175845,-1.7464823123911521,-1.5707738458690585,-1.0,0.37931034482758624,0.21657642648896294,0.044776119402985454,0.2753623188405795,-1.0,1.0,0.0,0.0
-0.09523745193713168,-0.144220277553178,0.09750216511097595,0.24475412337707547,0.0,-0.4655172413793104,-0.751353602665556,-0.029850746268656747,-0.7846790890269151,0.0,0.0,0.0,0.0
0.13123177374109166,3.3373657833796133,-1.4543708365585484,-1.0135761707641486,-1.0,0.017241379310344824,-1.6676384839650145,-0.14179104477611904,-1.4565217391304346,0.0,0.0,1.0,0.0
-0.4460147345684609,0.008698926702564431,-0.06525855276177817,0.058067909081558636,0.0,0.7068965517241379,0.08496459808413176,-0.9029850746268651,-0.0631469979296067,-1.0,0.0,0.0,0.0
1.0213140446127653,3.3121763622222935,-1.559240556966179,-0.8950894731173219,-1.0,0.5,-1.00124947938359,-3.3134328358208953,-0.6480331262939958,0.0,0.0,0.0,1.0
-0.31587438149794794,-0.14417956629893675,0.045887303582201965,0.14033292662272556,0.0,0.9137931034482759,-0.982923781757601,2.0970149253731347,-0.5351966873706004,0.0,1.0,0.0,0.0
0.5739513391316332,0.13113735034186963,0.3720409330625389,0.29941851174769707,0.0,-0.1724137931034483,0.43481882548937933,5.64179104477612,0.3426501035196686,-1.0,0.0,1.0,0.0
1.6906059534128357,3.369495092698414,-2.1901355710286934,-1.079881208996672,-1.0,0.4482758620689655,0.9496043315285299,0.19402985074626852,0.8498964803312626,0.0,1.0,0.0,0.0
0.9790576656045767,0.03543580527664954,-0.9844545396096652,-1.056627151428035,-1.0,-0.4482758620689655,-0.9679300291545189,-1.9776119402985068,-0.9451345755693581,0.0,0.0,0.0,0.0
1.2111532093231339,1.4750660212561042,-1.4032292258141907,-1.6296315262840206,-1.0,0.0,-0.03331945022907122,1.9850746268656723,0.011387163561076543,-1.0,0.0,1.0,0.0
-0.4124015700774818,-0.07825567534667995,0.041845103525613846,0.05450197014190242,0.0,-0.9137931034482759,0.9496043315285299,-2.067164179104477,0.4958592132505175,0.0,0.0,0.0,0.0
-0.19693125647192955,-0.17955370883677033,-0.1841916005700486,0.31910257671123476,0.0,0.3965517241379311,0.7996668054977093,-1.253731343283582,0.7525879917184265,0.0,1.0,0.0,0.0
2.102032627919878,1.2840262096669675,-1.1018941849080426,-1.0739254114710786,-1.0,-0.1724137931034483,0.5497709287796751,-0.3582089552238803,0.22049689440993794,-1.0,0.0,0.0,1.0
0.10904729663992227,-0.11795858518383373,0.026355531986740174,0.4144961757574666,0.0,-0.3275862068965517,0.2832153269471054,-0.16417910447761178,-0.05900621118012409,-1.0,0.0,0.0,0.0
1.1291820914319421,0.8591237903425787,-2.1583611954359374,-1.2644877484597379,-1.0,-0.37931034482758624,-0.599750104123282,0.007462686567164684,-0.5351966873706002,-1.0,0.0,1.0,0.0
0.5909285784094284,-0.19325608611556164,-0.07345388228401006,-0.03385208206772714,0.0,0.48275862068965514,-0.23323615160349856,0.15671641791044774,0.0010351966873705413,-1.0,0.0,0.0,0.0
-0.1645060576584906,-0.2008176437294346,-0.05374013166976144,0.5784303550620302,0.0,0.7241379310344828,0.917950853810912,0.02238805970149339,1.0838509316770182,-1.0,1.0,0.0,0.0
1.0593179200596008,3.735818392304331,-1.9840479430568254,-0.9268570249586834,-1.0,-1.0517241379310345,-0.28488129945855883,0.22388059701492594,-0.5786749482401654,-1.0,0.0,1.0,0.0
-0.49628059550310266,0.2299278737083966,0.0867697390550208,0.3213286538912299,0.0,-0.4482758620689655,-1.2011661807580174,-2.3134328358208953,-1.227743271221532,0.0,0.0,0.0,0.0
0.32596111050101895,0.15436874260107789,-0.15504862379090878,0.3414678835292455,0.0,-0.08620689655172414,1.2511453561016244,6.628197161941233e-16,1.0631469979296062,-1.0,0.0,0.0,1.0
-0.24888042325192647,0.6793308432954669,-0.11551337572622598,0.16324402285269152,0.0,-1.4482758620689655,0.23323615160349856,2.791044776119404,0.0,0.0,0.0,0.0,0.0
0.30574294039950567,0.36962900545600763,0.12310794646143784,0.0505823195540061,0.0,0.08620689655172414,-2.1674302374010828,0.0746268656716422,-1.7556935817805381,-1.0,1.0,0.0,0.0
0.07953010044506663,-0.22457269727344967,-0.06442910504061933,0.0473331575318628,0.0,-0.4655172413793104,0.6680549770928779,-0.007462686567163358,0.5476190476190476,-1.0,0.0,0.0,0.0
0.6026698715937836,-0.12840933192369414,0.09795817711893874,-0.14198246364937084,0.0,0.24137931034482765,-0.8179925031236984,0.373134328358209,-0.536231884057971,-1.0,1.0,0.0,0.0
0.12887739564828285,-0.054128448760801175,0.24799839417718578,0.43142547379273105,0.0,0.44827586206896547,0.4847980008329862,0.11940298507462764,0.46480331262939956,0.0,1.0,0.0,0.0
-0.44541149263814084,-0.2124660914810861,-0.22273276790399935,-0.13095329283569435,0.0,-1.3275862068965518,0.46813827571845057,-0.21641791044776057,0.019668737060041463,0.0,0.0,1.0,0.0
-0.39474355290823854,-0.07858992918954834,0.7764200709778195,0.6909888229621386,0.0,0.9137931034482759,-0.982923781757601,2.0970149253731347,-0.5351966873706004,0.0,0.0,0.0,1.0
0.7053356318305419,0.0817298910110614,-0.008747547855748158,0.4001886716183475,0.0,-1.5,0.9346105789254476,3.5970149253731347,0.3260869565217391,0.0,0.0,0.0,0.0
0.054880263476264665,-0.17782554416423052,0.572504186567127,0.11515750092116715,0.0,0.10344827586206898,-1.051228654727197,-0.029850746268656747,-0.8219461697722565,-1.0,0.0,0.0,0.0
1.2470352982855881,4.407975709491405,-0.8193821013187389,-1.5219212163029934,-1.0,-0.3275862068965517,0.5014577259475218,-0.4701492537313426,0.3022774327122153,0.0,0.0,1.0,0.0
0.4508249316591554,-0.21722463011251283,0.3262874105752949,0.6098208064927272,0.0,0.5,0.7513536026655562,-0.6567164179104471,0.481366459627329,-1.0,0.0,0.0,1.0
-0.3423568506785398,-0.19741822499282174,-0.3471211245735584,0.39409425796720515,0.0,-0.5344827586206897,0.9496043315285299,-2.3731343283582085,0.5082815734989645,0.0,0.0,1.0,0.0
-0.1051752246867817,-0.1813977347882669,0.2641404041539589,-0.06888643830046703,0.0,-1.3275862068965518,0.23323615160349856,-0.3955223880597011,-0.28778467908902694,0.0,0.0,0.0,1.0
2.204538468099102,1.9058168123518195,-0.5392399113159116,-1.0065267880677065,-1.0,1.0517241379310345,0.2515618492294876,-0.19402985074626852,0.5393374741200825,-1.0,0.0,0.0,0.0
-0.302879972669851,-0.15032465589388602,0.018226137849291824,0.7982614050279593,0.0,0.4655172413793104,-0.4664723032069971,0.21641791044776124,-0.27950310559006203,-1.0,0.0,0.0,0.0
0.2501709786885337,0.9100465023169043,-2.1433288653319,-1.456345041526776,-1.0,1.5517241379310345,-0.7330279050395668,-3.522388059701493,-0.08902691511387185,0.0,0.0,0.0,0.0
0.11466710064966112,0.5286951192820863,-1.47506680829716,-0.7289080698145072,-1.0,-0.48275862068965514,0.21657642648896294,-2.097014925373134,-0.07142857142857147,-1.0,0.0,0.0,1.0
0.023368296997420924,-0.07649066268528784,0.16165343185904912,0.21986019518627206,0.0,0.051724137931034454,0.11828404831320274,3.2761194029850746,0.13354037267080718,-1.0,1.0,0.0,0.0
-0.4370821978859115,0.1932264199021711,0.4220892715346784,-0.055788574349392,0.0,0.37931034482758624,0.5514369012911287,1.8358208955223885,0.5517598343685297,-1.0,0.0,0.0,1.0
0.10493911010167302,-0.037386130986512556,0.4157610755083961,0.04683449846544102,0.0,0.051724137931034475,-0.7496876301541024,0.29104477611940344,-0.5993788819875775,0.0,0.0,0.0,1.0
-0.5363479066683591,-0.04750789360408736,0.3355820815283049,-0.22092808163359673,0.0,-0.7586206896551725,-0.8513119533527697,0.626865671641791,-0.8188405797101448,-1.0,0.0,0.0,0.0
0.4073959244141342,-0.0952020826823421,0.2692803654389849,0.039040701656651085,0.0,-0.9310344827586208,-0.28488129945855883,0.253731343283582,-0.5786749482401654,-1.0,0.0,1.0,0.0
4.084372975137728,2.0705580343090406,-1.9313820143619993,-1.2381260816129687,-1.0,0.603448275862069,-1.2011661807580174,-2.7985074626865676,-1.1428571428571426,0.0,0.0,1.0,0.0
0.5993716060687632,-0.03432768983858189,0.17610492482083645,0.3639032593904252,0.0,-0.4137931034482759,-0.4831320283215327,0.052238805970149474,-0.55175983436853,-1.0,1.0,0.0,0.0
-0.48299271687864986,-0.21454392985783174,-0.11980672937246374,0.25748019467870004,0.0,0.9137931034482759,0.4181591003748437,0.2686567164179107,0.7846790890269147,0.0,0.0,0.0,1.0
0.12366220986813554,-0.132201135988983,0.2824497977235912,0.49696447978811437,0.0,-1.4482758620689655,0.23323615160349856,2.791044776119404,0.0,0.0,0.0,1.0,0.0
3.4791654189100862,3.9339951663505257,-1.4221676821830787,-1.3478003645848247,-1.0,0.0689655172413793,-0.234902124114952,-5.186567164179105,-0.6149068322981366,-1.0,0.0,1.0,0.0
0.4224818934478106,-0.15914010158634803,0.14652932075568106,0.3414287451827168,0.0,-0.15517241379310345,1.7509371095376927,-0.21641791044776057,1.3623188405797098,0.0,0.0,0.0,0.0
-0.09578192532433923,-0.05311746304862935,0.23114487886871202,0.5477426392328304,0.0,-1.4482758620689655,0.23323615160349856,2.791044776119404,0.0,0.0,0.0,1.0,0.0
-0.015302503613892765,-0.2307750095503509,0.13362587308125212,-0.06760114761484448,0.0,0.1724137931034483,-0.7180341524364847,-3.977611940298507,-0.6335403726708074,-1.0,0.0,0.0,0.0
-0.3979861806251077,-0.10713650729884269,0.057615380067973225,0.23977930939450495,0.0,-0.5862068965517242,0.41649312786339027,0.23134328358208994,0.22981366459627325,-1.0,1.0,0.0,0.0
-0.16168854976595823,-0.12540699070032352,0.46421029763715366,0.035804185057324786,0.0,1.206896551724138,-0.8996251561849228,-4.231343283582089,-0.6915113871635611,0.0,1.0,0.0,0.0
0.19581155121864163,-0.16393571790229894,0.6674512197871283,0.2712413994215701,0.0,0.9827586206896552,-0.5830903790087462,-1.8656716417910444,-0.4824016563146996,0.0,0.0,0.0,1.0
-0.1297570763466745,-0.06693862355314673,-0.09355763450177429,0.1798690451176694,0.0,0.7586206896551725,0.8179925031236984,-0.5970149253731336,0.7795031055900619,-1.0,0.0,1.0,0.0
-0.41812763972488814,0.15493825280676202,0.6210548717481128,-0.06172089542720042,0.0,1.2586206896551724,-0.04831320283215337,2.410447761194031,0.5559006211180122,0.0,0.0,0.0,0.0
2.7468222298210687,3.656934672158884,-1.5858943234507292,-1.2892784512949027,-1.0,0.0,-0.03331945022907122,1.9850746268656723,0.011387163561076543,-1.0,1.0,0.0,0.0
-0.10871949616744944,-0.13290663420595833,0.5218634309094063,-0.22716568944137108,0.0,-0.08620689655172414,2.1341107871720117,-0.04477611940298479,1.7163561076604552,-1.0,0.0,0.0,1.0
-0.49561450743901675,-0.011533275675686913,0.11512138572488974,-0.07214313558243157,0.0,0.4482758620689655,1.184506455643482,0.373134328358209,1.157349896480331,0.0,0.0,1.0,0.0
-0.0548568447741703,0.06698249840442635,-0.300674263055787,0.554158550215659,0.0,0.9310344827586208,0.2682215743440232,0.2611940298507467,0.48550724637681153,0.0,0.0,0.0,1.0
-0.4804738684123021,0.10526488129765492,0.6947534352726609,-0.07717863572191548,0.0,-0.10344827586206898,0.4498125780924615,0.7761194029850748,0.030020703933747464,-1.0,0.0,0.0,0.0
2.335175032664553,2.691492740120896,-0.5719294633917479,-1.195080280778094,-1.0,0.1724137931034483,-0.4831320283215327,-3.7985074626865667,-0.3260869565217391,-1.0,0.0,1.0,0.0
1.1008680054942976,1.3346639034945313,-1.6051834166726215,-1.2912348493238324,-1.0,0.32758620689655177,0.41649312786339027,-1.4253731343283578,0.39855072463768104,-1.0,0.0,0.0,1.0
0.44522536220654385,0.021416251265640934,0.07755584688281127,-0.05019948378162062,0.0,1.4310344827586208,-0.7330279050395668,-3.552238805970149,-0.08902691511387185,0.0,0.0,0.0,0.0
0.5462452413349589,4.45267567769421,-0.7965603422039687,-1.554524274387729,-1.0,-0.4655172413793104,0.68304872969596,-1.8208955223880592,0.4917184265010351,-1.0,0.0,0.0,0.0
-0.4069286209017865,-0.09340061060949588,0.1143829335397892,0.2125043319894201,0.0,0.37931034482758624,0.7846730528946272,2.171641791044777,0.8343685300207037,-1.0,1.0,0.0,0.0
0.028601029471360256,3.22145746006655,-2.3436495159095916,-1.27399231128607,-1.0,-0.4482758620689655,-0.982923781757601,-0.1641791044776111,-0.8892339544513456,0.0,0.0,1.0,0.0
0.6427630509134585,-0.21004255940547456,0.39288833477883484,0.03252349357724999,0.0,0.6206896551724137,0.9845897542690545,-0.13432835820895436,1.0248447204968942,0.0,0.0,1.0,0.0
1.7129186654238504,1.1239916138402772,-1.9504238623622256,-1.4693604212033882,-1.0,0.603448275862069,-1.2011661807580174,-2.7985074626865676,-1.1428571428571426,0.0,0.0,1.0,0.0
2.2178420830921666,1.5259147404729008,-0.9914064412915031,-1.2071010733093792,-1.0,0.5344827586206897,-0.982923781757601,2.402985074626866,-0.5476190476190474,0.0,0.0,0.0,0.0
-0.21319621953969112,-0.1574552277485424,-0.14527522116300107,0.5851996275660146,0.0,0.8448275862068967,-0.04997917534360683,0.2835820895522394,0.22774327122153204,0.0,0.0,1.0,0.0
0.41756205910075,0.09484042492442238,0.15993036550289266,0.2191364831619806,0.0,-0.5344827586206897,1.517700957934194,-0.24626865671641732,1.0672877846790887,0.0,0.0,0.0,1.0
-0.1947138531774959,0.2350022223214022,0.5948205831067211,-0.1472991860017326,0.0,-1.2586206896551724,-0.0016659725114534663,-0.41044776119402976,-0.564182194616977,0.0,1.0,0.0,0.0
-0.48619278580374314,-0.10294966626397917,-0.16924985217976915,0.03623171291348856,0.0,0.6551724137931034,-1.016243231986672,-0.4253731343283578,-0.9006211180124222,0.0,0.0,1.0,0.0
-0.3665057926583889,-0.19068373071001443,0.4319312580761587,0.18375142698605942,0.0,0.2931034482758621,-0.08496459808413176,0.6791044776119405,0.3064182194616976,-1.0,1.0,0.0,0.0
-0.556755134810304,-0.06638229251302853,0.15525948089592537,-0.18082122450858312,0.0,-0.3448275862068965,-0.7180341524364847,0.03731343283582077,-0.8281573498964802,-1.0,0.0,0.0,0.0
-0.4910751256548643,0.17169107133579115,0.09025885690478258,-0.008335388602253734,0.0,-0.5172413793103449,-0.982923781757601,2.8880597014925384,-0.6325051759834369,0.0,0.0,1.0,0.0
0.10496360432225776,4.302562730028534,-1.4774235098312163,-1.6579844716441896,-1.0,0.4482758620689655,0.9346105789254476,2.0074626865671643,0.9057971014492752,0.0,0.0,1.0,0.0
-0.4605522060918081,-0.2228348136975758,-0.05283484385850374,0.08482082473318332,0.0,-1.3793103448275863,0.014993752603082144,-2.4104477611940296,-0.5952380952380951,0.0,0.0,1.0,0.0
0.653502974577243,2.6747804120808474,-0.8914519644469919,-0.923950312626408,-1.0,-0.6551724137931034,0.9012911286963764,3.8656716417910455,0.5734989648033125,-1.0,0.0,0.0,0.0
0.04344914397860124,0.5850150300100609,0.08924550593557204,-0.002008340048236177,0.0,0.12068965517241378,0.5181174510620576,-0.6865671641791038,0.18633540372670804,-1.0,0.0,0.0,0.0
-0.38156772958212065,-0.04738454186065981,0.053901580350767725,0.06603644527042662,0.0,1.0862068965517242,-1.434402332361516,-3.529850746268657,-0.8975155279503105,0.0,1.0,0.0,0.0
0.8555816630813549,0.1429132545789037,0.3059195195633536,-0.2246270492315333,0.0,-0.08620689655172414,2.1341107871720117,-0.04477611940298479,1.7163561076604552,-1.0,1.0,0.0,0.0
-0.5196461277556826,0.07710756202576405,0.5993371749943329,-0.01275277107635613,0.0,0.1724137931034483,-0.7180341524364847,-3.977611940298507,-0.6335403726708074,-1.0,0.0,0.0,0.0
-0.39631568552875546,0.16685713984063671,0.6559093355948081,0.15489990419236233,0.0,-1.3793103448275863,0.014993752603082144,-2.4104477611940296,-0.5952380952380951,0.0,0.0,0.0,0.0
0.09059185639826782,0.014076696208104901,-0.033566281526367335,-0.07069641178761747,0.0,-1.0517241379310345,-0.28488129945855883,0.22388059701492594,-0.5786749482401654,-1.0,0.0,0.0,1.0
0.04193179112067475,-0.18839222437194547,0.09352789462273191,-0.40742946088380916,0.0,1.0344827586206897,0.1499375260308205,-1.559701492537313,0.36024844720496896,0.0,0.0,1.0,0.0
-0.22047775493667374,-0.10378122307109434,-0.1395094415241458,0.21103622489640367,0.0,-0.9310344827586208,-0.28488129945855883,-2.201492537313433,-0.5559006211180124,0.0,0.0,1.0,0.0
-0.3578028279931981,0.08585000795590528,0.3781812774377421,0.3700756963669847,0.0,0.4137931034482759,0.4498125780924615,-0.022388059701492064,0.5124223602484471,-1.0,0.0,0.0,0.0
-0.531866226479565,4.956790203410328,-0.7014425539346059,-1.859247571988182,-1.0,-0.5344827586206897,1.517700957934194,-0.24626865671641732,1.0672877846790887,0.0,0.0,0.0,0.0
3.338817340172123,3.811812121338391,-0.671331633243223,-1.2503440818051799,-1.0,0.051724137931034454,0.2182423990004164,0.059701492537313494,0.25672877846790865,-1.0,0.0,1.0,0.0
-0.4446050477506704,0.4783883840557683,0.09654996207622518,0.0824379283479831,0.0,0.603448275862069,-1.2011661807580174,-2.7985074626865676,-1.1428571428571426,0.0,1.0,0.0,0.0
-0.22906904901159267,-0.11594496643636987,0.19772210568661475,-0.27855246733073524,0.0,0.5862068965517241,-1.399416909620991,-0.5970149253731336,-1.2546583850931676,-1.0,0.0,0.0,1.0
0.045249954860352035,-0.18446925236821582,0.28286576769884,0.13895053923892514,0.0,-0.9310344827586208,-0.28488129945855883,-2.201492537313433,-0.5559006211180124,0.0,0.0,1.0,0.0
0.769107151678023,2.8025995450447865,-0.5792673608996661,-1.4204619789760056,-1.0,0.7586206896551725,0.8179925031236984,-0.5970149253731336,0.7795031055900619,-1.0,0.0,0.0,0.0
-0.5215928755381825,0.08062244229398265,0.49934731676670635,0.074500222942801,0.0,0.6551724137931034,-1.016243231986672,-0.4253731343283578,-0.9006211180124222,0.0,0.0,0.0,1.0
-0.12201605900991609,-0.17138214569737942,-0.21235249520441676,0.19948006028717744,0.0,0.06896551724137931,0.3665139525197834,0.1865671641791045,0.334368530020704,0.0,0.0,1.0,0.0
-0.523039886378179,-0.11685462707586337,0.32436206536312706,0.09938023130002,0.0,1.0000000000000002,0.01665972511453561,-0.2388059701492533,0.2629399585921324,-1.0,0.0,0.0,0.0
-0.2599529742743765,1.5945467667205677,-1.6265192761687444,-0.7924021151098053,-1.0,0.0,-0.234902124114952,-2.1343283582089554,-0.3581780538302279,-1.0,0.0,0.0,1.0
1.7580970774098,1.5964874436120335,-1.4274728514990556,-1.132654319464556,-1.0,-0.7068965517241379,1.6343190337359432,3.589552238805971,1.1532091097308486,0.0,0.0,0.0,0.0
1.2506908675260129,1.0800578829414973,-1.0322170595609046,-0.7746973222673763,-1.0,0.0,0.0,-1.9552238805970148,-0.050724637681159465,-1.0,1.0,0.0,0.0
-0.10688639163722262,-0.20250276986155846,0.6973013280470699,-0.0786786322112297,0.0,0.0,-0.031653477717617756,1.8283582089552246,0.03623188405797101,-1.0,0.0,1.0,0.0
-0.19465485110777803,-0.12208077127344373,-0.036679018826067084,-0.1706847134711567,0.0,1.2586206896551724,-0.16659725114535612,-3.9253731343283578,0.15113871635610757,0.0,0.0,0.0,1.0
2.141570758653966,5.053234108872475,-0.35335363064228775,-0.8983123767083782,-1.0,-0.7931034482758622,-0.7163681799250312,0.022388059701492727,-0.8467908902691511,-1.0,0.0,1.0,0.0
-0.4118285510051816,-0.03311039674579795,0.10700834927451101,-0.2151744613778004,0.0,-0.7068965517241379,-0.11828404831320298,0.9328358208955225,0.023809523809523774,-1.0,0.0,1.0,0.0
-0.1812006369142646,-0.06059751544033913,-0.29442805556708335,0.11969945470075231,0.0,-0.4655172413793104,0.6680549770928779,-0.007462686567163358,0.5476190476190476,-1.0,0.0,1.0,0.0
0.4667204867900589,-0.09966499473704772,0.20028794297368804,-0.08334565817921487,0.0,-0.48275862068965514,0.4498125780924615,-1.7611940298507458,0.2111801242236025,-1.0,0.0,0.0,1.0
1.1487173061146896,-0.16415740414018615,-0.16843258631602032,-0.048180451764032996,0.0,0.6551724137931034,-1.016243231986672,-0.4253731343283578,-0.9006211180124222,0.0,1.0,0.0,0.0
-0.15307985992784695,-0.2282754354799282,0.24876426304134802,0.11411892658980427,0.0,0.5517241379310345,-0.46813827571845057,-3.0746268656716422,-0.5631469979296065,-1.0,1.0,0.0,0.0
0.27648245825107587,-0.17131969038479034,0.4468558619091431,-0.07662283545071964,0.0,0.3448275862068966,0.14993752603082025,0.7238805970149252,0.5828157349896477,-1.0,0.0,0.0,1.0
-0.3868268026529485,0.2230751630419898,0.24330890214705145,0.2861699800854448,0.0,-0.3448275862068966,-0.18325697625989149,-0.6940298507462679,-0.6221532091097306,-1.0,0.0,0.0,1.0
0.6431461881620757,2.493974568215324,-1.9049739585908194,-1.464962364673895,-1.0,0.9310344827586208,0.2515618492294876,2.23134328358209,0.5165631469979295,0.0,0.0,0.0,0.0
-0.47123954770387527,-0.05512692670087996,0.3775800904797292,0.4410918189826313,0.0,-0.10344827586206898,0.4498125780924612,0.5149253731343287,0.5434782608695651,-1.0,0.0,0.0,1.0
0.8746092944420076,0.6017432114311947,-1.6821428872758684,-1.2348928412091513,-1.0,0.603448275862069,0.5514369012911287,-0.40298507462686506,0.49999999999999983,-1.0,0.0,0.0,0.0
0.009027907839178879,-0.020663309745846972,-0.35919647311358843,0.19335602845174812,0.0,0.0689655172413793,-0.2515618492294876,-3.216417910447761,-0.5838509316770185,-1.0,1.0,0.0,0.0
0.7331804769534461,1.1816783086500684,-0.7714106722902394,-1.5472306669991684,-1.0,-1.2586206896551724,0.13327780091628488,3.955223880597015,-0.1904761904761905,0.0,1.0,0.0,0.0
1.2948148214690567,2.3044226753882824,-1.4032859614888125,-1.532729330013727,-1.0,0.6206896551724138,0.4831320283215327,-3.6194029850746268,0.5434782608695651,0.0,1.0,0.0,0.0
-0.1823356749500362,-0.12863611986746862,0.40471672284494487,0.1529558385776919,0.0,-0.9482758620689655,1.051228654727197,-0.20895522388059656,0.5351966873706002,0.0,0.0,0.0,0.0
-0.4903174411888804,-0.14185721216006292,0.5529881720278024,0.3250671035917437,0.0,-0.48275862068965514,0.21657642648896294,-2.097014925373134,-0.07142857142857147,-1.0,0.0,0.0,0.0
-0.19138274279173656,-0.17681206121305743,0.15609715102305421,0.5765886536713528,0.0,-0.48275862068965514,0.4498125780924615,-1.7611940298507458,0.2111801242236025,-1.0,0.0,0.0,1.0
-0.23898752817503974,0.30261517664220516,0.06583506728811134,0.29834540850054986,0.0,-0.4482758620689655,0.2832153269471054,-0.19402985074626786,-0.05900621118012409,-1.0,0.0,1.0,0.0
0.046161047391112084,-0.029818812793639248,0.4218653348319921,0.12835510580229567,0.0,-1.0862068965517242,-0.5680966264056643,-0.03731343283582077,-0.8043478260869565,0.0,0.0,0.0,1.0
0.16470965430614334,0.015569461322431043,-1.4275081746387606,-1.6293559202322476,-1.0,0.06896551724137931,0.3665139525197834,0.1865671641791045,0.334368530020704,0.0,0.0,0.0,0.0
-0.4729020568542336,-0.09001476047915788,0.31031493706579816,0.12052323584844986,0.0,0.4482758620689655,-0.2832153269471054,0.2611940298507467,-0.023809523809523923,0.0,0.0,0.0,1.0
-0.5522431745715507,-0.12145016478711597,0.4959701841363437,0.44444692838087396,0.0,0.896551724137931,0.18492294877134519,0.3283582089552242,0.5041407867494822,0.0,0.0,1.0,0.0
-0.34215269993618064,-0.1576576943031401,0.40155651115471436,-0.25286291118544235,0.0,-0.3275862068965517,0.2832153269471054,-2.6194029850746268,-0.036231884057971155,0.0,0.0,0.0,1.0
0.0028692467999843546,0.6533977998274201,0.7368537067698552,0.32475591257331604,0.0,0.48275862068965514,-0.24989587671803415,2.1268656716417915,0.032091097308488546,-1.0,0.0,0.0,0.0
-0.5006479837276889,0.026350115610727313,-0.3340135083219993,0.5381142410654609,0.0,-0.48275862068965514,0.19991670137442732,-0.12686567164179033,-0.040372670807453465,-1.0,0.0,0.0,1.0
0.022178714555439457,-0.12441984181943755,-0.6345587812380092,-0.13592155774551135,0.0,0.4482758620689655,0.9496043315285299,0.19402985074626852,0.8498964803312626,0.0,1.0,0.0,0.0
-0.2184605097821208,-0.16752294731063685,0.05608267283283018,0.3163287765260247,0.0,1.206896551724138,-0.41649312786339027,-1.1865671641791038,0.12008281573498956,0.0,0.0,0.0,1.0
2.5615109037004364,2.87135122022693,-2.3436495159095916,-0.8724027230447179,-1.0,0.03448275862068967,-1.434402332361516,-0.20149253731343253,-1.175983436853002,0.0,0.0,1.0,0.0
0.34673702020527203,0.2175193075884242,0.5021191235294096,0.31553841361417156,0.0,0.4482758620689655,1.184506455643482,0.373134328358209,1.157349896480331,0.0,0.0,0.0,1.0
1.015000402271956,-0.04278124222621169,0.6909223246320169,0.2688655582073812,0.0,1.2586206896551724,-0.031653477717617756,0.44029850746268717,0.5248447204968941,0.0,0.0,0.0,1.0
-0.3082368838530362,0.08548129780926152,-0.23292663749175366,0.0245533105036336,0.0,-1.2586206896551724,0.014993752603082144,-2.3805970149253732,-0.5952380952380951,0.0,1.0,0.0,0.0
0.3894884865710908,-0.1512331421474969,0.46441458514083844,-0.05604938952579176,0.0,-0.44827586206896547,-0.5181174510620574,-0.08955223880597024,-0.5041407867494825,0.0,0.0,0.0,0.0
-0.31985461420877986,-0.17915595973253173,0.5797198555560066,0.16189096389390356,0.0,0.4482758620689655,1.184506455643482,0.373134328358209,1.157349896480331,0.0,0.0,0.0,1.0
-0.32800022414910374,-0.15283656138132157,-0.5323778100743013,0.1448301936585599,0.0,0.0,-0.26655560183256977,1.649253731343284,-0.2712215320910974,-1.0,0.0,1.0,0.0
-0.5141558778395541,0.09679597509819915,0.31620734635387554,0.4420130757005028,0.0,0.1724137931034483,-0.5830903790087464,0.3880597014925377,-0.2598343685300209,-1.0,1.0,0.0,0.0
-0.2740344973713811,-0.1014464277560011,0.16604824741869645,0.11411729117588786,0.0,0.5344827586206897,-1.2161599333610995,2.067164179104478,-0.8302277432712215,0.0,1.0,0.0,0.0
0.7683238920585188,0.5749858343681696,-0.2619086365260703,-1.744040056521545,-1.0,1.0344827586206897,0.1499375260308205,-1.559701492537313,0.36024844720496896,0.0,0.0,0.0,0.0
2.0918469587359434,2.151345789166137,-2.031086666569944,-1.281604976839896,-1.0,-0.396551724137931,0.5014577259475218,2.582089552238807,0.559006211180124,0.0,0.0,0.0,1.0
1.203917672765588,2.4314680843409295,-2.002810730360751,-1.083405009177834,-1.0,-0.37931034482758624,-0.5847563515201999,-1.8059701492537312,-0.5910973084886126,-1.0,0.0,0.0,0.0
2.0256267622963153,-0.09160674740907664,-1.4493265489528797,-0.799772540894717,-1.0,0.017241379310344824,-1.6676384839650145,-0.14179104477611904,-1.4565217391304346,0.0,1.0,0.0,0.0
0.7844410467641986,-0.19509831995763288,0.17185496309778325,0.0844253580848931,0.0,0.9137931034482759,0.4181591003748437,0.2686567164179107,0.7846790890269147,0.0,0.0,0.0,0.0
-0.5222584359695811,-0.1716194674170418,0.21890054192095784,-0.5429786523365565,0.0,0.22413793103448273,-0.33319450229071224,-2.3507462686567164,-0.22877846790890288,-1.0,0.0,0.0,0.0
-0.42374981501637804,0.23063229720259135,-0.014433648159977993,0.4025225111507607,0.0,0.603448275862069,0.751353602665556,-0.07462686567164087,0.7443064182194615,0.0,0.0,0.0,0.0
0.4038597756909307,-0.21482466664259858,0.34259275003320394,0.09381135167012596,0.0,0.0,-0.24989587671803415,-0.3208955223880595,-0.3022774327122154,-1.0,0.0,0.0,0.0
0.6568955116014334,0.7628387620077015,-1.845997949493549,-0.9392618229961361,-1.0,0.5344827586206897,-0.9662640566430654,0.43283582089552247,-0.5786749482401655,0.0,0.0,0.0,0.0
-0.3736726899477464,0.05720338103383475,-0.22949021724429172,-0.1416355393891742,0.0,0.3275862068965517,-0.3165347771761766,0.1940298507462692,0.01966873706004117,-1.0,1.0,0.0,0.0
-0.36829692632827404,-0.12017278683345631,0.33356482355926587,0.44694742288259875,0.0,1.0862068965517242,0.5181174510620574,2.0373134328358216,0.7960662525879916,0.0,1.0,0.0,0.0
0.28841712185509694,-0.18788191605068183,0.5508443365700725,0.02247008889504342,0.0,0.9310344827586208,-1.2328196584756352,0.11194029850746297,-0.6521739130434784,-1.0,1.0,0.0,0.0
-0.2289388422084134,0.3219491185787712,0.24403791306567182,0.21755681180421335,0.0,0.603448275862069,0.5514369012911287,-0.40298507462686506,0.49999999999999983,-1.0,0.0,0.0,1.0
-0.49073850661464885,-0.01951127688892907,-0.15881760918483392,-0.054354690621750266,0.0,-1.2586206896551724,0.23323615160349856,-0.23134328358208928,-0.25672877846790865,0.0,1.0,0.0,0.0
-0.2584228299553967,-0.080893163152643,0.32696112378050424,0.15684009831562068,0.0,-1.4482758620689655,0.23323615160349856,2.791044776119404,0.0,0.0,0.0,0.0,1.0
0.4874815540694949,-0.22673741825403165,-0.32584205489998863,0.32904559371707187,0.0,1.3275862068965518,-0.5014577259475218,0.24626865671641798,-0.059006211180124384,0.0,1.0,0.0,0.0
0.005672466474331528,1.494987586729266,-0.06145483386145424,-0.9196441887083683,-1.0,-1.396551724137931,0.46813827571845057,2.8358208955223887,0.2763975155279501,0.0,0.0,1.0,0.0
-0.27169507846832236,0.24390992111835208,0.464903350647503,0.2886123461117176,0.0,-0.4482758620689655,0.2832153269471054,-0.19402985074626786,-0.05900621118012409,-1.0,1.0,0.0,0.0
-0.38942254394760867,2.948981544260046,-1.0805440505141792,-1.7225129243913169,-1.0,1.396551724137931,-0.5014577259475218,-2.8059701492537314,-0.31573498964803304,0.0,0.0,0.0,1.0
-0.5539744976056942,-0.054479217851852814,0.4775578072434486,0.665298466824838,0.0,1.0862068965517242,-1.434402332361516,-3.529850746268657,-0.8975155279503105,0.0,0.0,0.0,1.0
-0.08062919204950944,-0.19403463758872996,0.5205217188795238,0.45173439832040974,0.0,-1.0862068965517242,-0.31820074968763007,-1.671641791044776,-0.5527950310559006,0.0,0.0,0.0,0.0
1.2400442098290938,0.32146405961712843,0.20134673493274147,0.1287689432428246,0.0,1.3275862068965518,-0.2832153269471054,2.395522388059702,0.27950310559006203,0.0,0.0,0.0,0.0
-0.5601793385227014,-0.03242148284281502,-0.34096159832392847,0.3538081066542028,0.0,-0.4482758620689655,0.2832153269471054,-0.19402985074626786,-0.05900621118012409,-1.0,0.0,0.0,0.0
1.821186565914203,4.237361000315804,-1.6331126455740155,-1.4275137453961193,-1.0,0.48275862068965514,-0.46813827571845057,-0.022388059701492727,-0.3064182194616979,-1.0,0.0,1.0,0.0
3.4901976991875876,5.2729423910628395,-1.1308790990889295,-0.6981877957999296,-1.0,0.48275862068965514,-0.23323615160349856,0.15671641791044774,0.0010351966873705413,-1.0,0.0,1.0,0.0
-0.41153817192948494,-0.15217290623260968,0.1061373689019073,0.2860257879642049,0.0,-1.0344827586206897,0.3998334027488544,0.4477611940298512,0.34575569358178054,0.0,0.0,1.0,0.0
0.5479020297042737,0.915246787757468,-1.9732995142014902,-1.3501271120586036,-1.0,0.15517241379310343,0.24989587671803415,-0.17910447761193982,0.25983436853002057,-1.0,0.0,0.0,0.0
0.8107584234284856,3.8771970324781075,-1.7425607318515244,-1.0463737463811176,-1.0,0.3965517241379311,-0.5514369012911287,0.17910447761194048,-0.256728778467909,-1.0,0.0,1.0,0.0
-0.14607971065159586,0.14092918146707265,0.25515179614794153,0.23301603714706173,0.0,-1.103448275862069,0.39983340274885465,3.761194029850747,0.08902691511387155,0.0,0.0,1.0,0.0
0.9413937179374928,-0.21586445584939132,0.43399695969974345,0.257963408096086,0.0,0.4655172413793104,-0.7163681799250312,1.8507462686567167,-0.531055900621118,-1.0,0.0,0.0,1.0
-0.4510832238799042,0.11077997005011156,0.02635975013664527,0.22025079173551287,0.0,1.396551724137931,-0.5014577259475218,-2.8059701492537314,-0.31573498964803304,0.0,0.0,0.0,1.0
0.11261020024520509,-0.06911274154625745,0.17633516302373514,0.07112297828731505,0.0,-1.4482758620689655,0.23323615160349856,2.791044776119404,0.0,0.0,0.0,0.0,1.0
1.725940174501779,0.7412473540293552,-0.9211607969822097,-1.2427303946263974,-1.0,-0.10344827586206898,1.0179092044981257,0.05970149253731415,0.7826086956521737,-1.0,1.0,0.0,0.0
0.5789697922586083,2.8897381247088414,-2.0936863329397473,-0.921133911293952,-1.0,0.4655172413793104,-0.7163681799250312,1.8507462686567167,-0.531055900621118,-1.0,0.0,0.0,1.0
-0.4722632749035667,-0.2112665403539441,-0.06204781573192775,-0.03587224110120396,0.0,-0.15517241379310343,-0.2832153269471054,0.20895522388059723,-0.2991718426501035,-1.0,0.0,0.0,0.0
-0.056183997619660905,4.911483538041943,-1.6651575917347876,-1.1040896141934675,-1.0,-0.9310344827586208,-0.06663890045814244,-0.05223880597014881,-0.21739130434782603,0.0,1.0,0.0,0.0
-0.09753632368375224,-0.10923155909039155,-0.11918451007822398,-0.0021784135349902905,0.0,-1.0344827586206897,0.181591003748438,-1.7014925373134329,0.007246376811594083,0.0,0.0,0.0,1.0
0.2886618093284242,0.23559456026014655,-1.7518854948593798,-0.8216166771386758,-1.0,0.5344827586206897,-1.2161599333610995,2.067164179104478,-0.8302277432712215,0.0,0.0,0.0,0.0
1.2561263492289745,1.2001156458659692,-0.3055630655809328,-1.4509903827821224,-1.0,0.08620689655172414,-2.1674302374010828,0.0746268656716422,-1.7556935817805381,-1.0,1.0,0.0,0.0
1.2939264746295385,0.8959347218068952,-0.8616051877127603,-0.4011784920789363,-1.0,-0.1724137931034483,0.43481882548937933,5.64179104477612,0.3426501035196686,-1.0,0.0,0.0,1.0
-0.40786872279628145,0.026715200632853785,0.08427652021068796,-0.041317483763693194,0.0,0.15517241379310345,-1.784256559766764,0.24626865671641798,-1.4016563146997927,0.0,0.0,0.0,1.0
-0.0361864117730821,-0.16715195872019348,0.4574337558066714,0.20133391194079525,0.0,-0.44827586206896547,-0.5181174510620574,-0.08955223880597024,-0.5041407867494825,0.0,0.0,1.0,0.0
3.726212455847322,1.1856458298064652,-0.7190742696823755,-1.1880499999685878,-1.0,0.017241379310344807,0.9845897542690545,-0.18656716417910382,0.7494824016563146,-1.0,0.0,0.0,1.0
-0.47005108056341127,-0.0017490748487396569,0.08030126549700539,0.21411541907766746,0.0,-0.4655172413793104,0.4498125780924615,-2.1567164179104474,0.20910973084886111,-1.0,0.0,1.0,0.0
-0.27386814979139046,-0.15448096384650373,0.40696489395163066,0.1208382540682896,0.0,-0.4310344827586207,0.4831320283215327,-0.29104477611940277,0.26501035196687356,0.0,1.0,0.0,0.0
-0.49866495601682065,4.122343507063593,-1.0701749512446417,-1.3119272102801158,-1.0,1.2586206896551724,-0.04831320283215337,2.410447761194031,0.5559006211180122,0.0,0.0,0.0,1.0
-0.2588979854374413,-0.152657242128745,-0.2285902602133855,0.2623347852971578,0.0,1.3793103448275863,-0.04831320283215337,2.440298507462687,0.5559006211180122,0.0,0.0,0.0,0.0
-0.0986672638363698,-0.14918583513695008,0.004442075330369633,0.4624943864397501,0.0,0.3448275862068965,0.6847147022074135,-0.007462686567163358,0.7888198757763972,-1.0,0.0,0.0,1.0
-0.14075273478279954,-0.1416017168880396,0.3106925515807796,-0.024353298533907247,0.0,1.0344827586206897,-0.43315285297792566,-0.4179104477611938,-0.3850931677018634,0.0,0.0,0.0,1.0
-0.2876789240001196,-0.01460427947601016,0.17653441830392913,0.03999047587954605,0.0,0.4137931034482759,-0.8513119533527697,-1.4104477611940298,-0.6842650103519666,-1.0,0.0,1.0,0.0
-0.44504427731285157,-0.03740060636511037,0.18311848744756512,0.16081070724230354,0.0,-0.5862068965517241,1.3660974593919197,0.626865671641791,1.2153209109730847,-1.0,0.0,1.0,0.0
-0.24482443003545146,0.27143617335961584,0.3818006135012227,0.1840340304652048,0.0,-0.12068965517241383,-0.01665972511453561,-0.01492537313432738,-0.019668737060041463,-1.0,0.0,0.0,1.0
-0.09484164545087578,-0.21195236942690812,0.5365850333254846,0.2120479338357061,0.0,-0.48275862068965514,0.4498125780924615,-1.7611940298507458,0.2111801242236025,-1.0,0.0,0.0,0.0
-0.1475322060046846,-0.2169880768539834,0.21199903913099624,-0.006518486677715525,0.0,0.7068965517241379,-0.2832153269471054,-0.11940298507462632,-0.05797101449275355,0.0,1.0,0.0,0.0
-0.05485779812277431,2.047323902351913,-1.648433941283226,-0.6643116030546602,-1.0,0.051724137931034454,0.3681799250312369,1.6417910447761197,0.38509316770186314,-1.0,1.0,0.0,0.0
1.6382309816183573,2.4600811334890476,-0.30888648430648336,-1.1398237488422642,-1.0,0.27586206896551724,-0.6847147022074135,-0.9477611940298505,-0.43892339544513437,0.0,1.0,0.0,0.0
-0.5172793712258711,-0.18440298115097511,0.5686925465488535,0.3953104536253872,0.0,0.8793103448275863,-1.4677217825905873,0.06716417910447818,-0.9285714285714285,-1.0,0.0,0.0,1.0
-0.35117373028785015,2.7027125384575093,-1.7829447940959424,-0.8885690896802635,-1.0,1.0,-0.8496459808413162,0.28358208955223874,-0.298136645962733,0.0,0.0,0.0,0.0
-0.29362370173122065,-0.18779837838764427,0.05498607253711862,0.06958987514370064,0.0,0.4655172413793104,-1.9341940857975843,0.10447761194029895,-1.460662525879917,-1.0,0.0,0.0,1.0
4.4028889588207445,3.259438686277401,-0.8880482284921593,-1.1861263216612177,-1.0,1.0344827586206897,-0.21491045397750924,1.7313432835820903,-0.04658385093167701,0.0,0.0,0.0,0.0
-0.34861086720130297,-0.191532672189963,0.08992686468478106,0.06974216321815922,0.0,1.0344827586206897,-0.43315285297792566,-0.4179104477611938,-0.3850931677018634,0.0,0.0,1.0,0.0
-0.4073488223544212,-0.18783514940763596,-0.3189046632411558,0.3276656958407016,0.0,-0.9137931034482759,0.7163681799250312,-2.4029850746268653,0.21325051759834357,0.0,0.0,0.0,0.0
-0.34787769678040115,-0.10116946113894415,0.08885850185432721,-0.05634062812189158,0.0,0.6379310344827586,-0.6663890045814245,-0.2910447761194021,-0.412008281573499,-1.0,0.0,0.0,0.0
0.9830585798858118,-0.16643250932669104,0.279383621514938,0.27079526639095525,0.0,0.8793103448275862,-0.11661807580174928,-1.3656716417910444,0.08074534161490693,0.0,0.0,0.0,1.0
0.8461111667302266,0.4010369769384106,-0.34961286163621674,0.04685036603926503,0.0,-0.396551724137931,0.5014577259475218,2.582089552238807,0.559006211180124,0.0,1.0,0.0,0.0
-0.13823810518024793,-0.12505100880775505,0.15492242488482633,-0.004527558742772798,0.0,1.0344827586206897,-0.19825072886297362,-0.2388059701492533,-0.07763975155279501,0.0,1.0,0.0,0.0
2.154624074777463,3.8164769599143096,-1.4296511694614704,-1.3586383554157262,-1.0,-0.1724137931034483,0.43481882548937933,5.64179104477612,0.3426501035196686,-1.0,1.0,0.0,0.0
-0.4552096452602279,-0.22353371735594713,-0.39999008469786096,0.25979812620943105,0.0,0.4655172413793104,-1.9341940857975843,0.10447761194029895,-1.460662525879917,-1.0,0.0,1.0,0.0
-0.4032686136514191,-0.22476360237214743,0.27460536916734285,0.1831373693023854,0.0,-0.48275862068965525,1.3177842565597666,1.223880597014926,0.9440993788819873,0.0,1.0,0.0,0.0
-0.4874345840541978,-0.13153444462816663,0.506165841098563,0.16207554386572956,0.0,-0.4310344827586207,0.4831320283215327,-0.29104477611940277,0.26501035196687356,0.0,1.0,0.0,0.0
0.5367317874420588,-0.20082731312204044,0.639238527536669,0.33461530987466165,0.0,0.4482758620689655,-0.3165347771761766,0.22388059701492527,0.01966873706004117,-1.0,1.0,0.0,0.0
-0.49656276448064324,-0.18134004179811083,0.3087574953037863,-0.08924977018440283,0.0,-0.4482758620689655,0.2832153269471054,-0.19402985074626786,-0.05900621118012409,-1.0,0.0,1.0,0.0
1.7747645567461563,0.2628245651880957,-0.23176736068275947,-0.05886530750308688,0.0,1.2586206896551724,-0.26655560183256977,0.2611940298507467,0.21739130434782575,0.0,0.0,1.0,0.0
-0.07728097976347881,0.0676134228791536,0.47431962272519607,0.05536093838129341,0.0,0.4137931034482759,-0.8513119533527697,-1.4104477611940298,-0.6842650103519666,-1.0,0.0,1.0,0.0
-0.5617688632450639,-0.06333947258424254,-0.3156204697745624,0.35217008382729825,0.0,-0.896551724137931,-0.2182423990004164,-0.2985074626865668,-0.5434782608695651,0.0,1.0,0.0,0.0
-0.24752213291521225,-0.1421217627623265,0.006981533062691835,0.4139968986275207,0.0,0.15517241379310348,0.04997917534360683,-0.507462686567164,0.015527950310558855,0.0,0.0,0.0,1.0
-0.432294011782134,-0.0207879486057108,-0.09052063790754682,0.5235012449834132,0.0,-0.0689655172413793,-0.031653477717617756,4.880597014925374,0.29296066252587966,-1.0,0.0,1.0,0.0
0.14822163237895164,0.1531129165949045,0.13905993023372104,0.30580681982810554,0.0,-1.103448275862069,0.39983340274885465,3.761194029850747,0.08902691511387155,0.0,1.0,0.0,0.0
-0.18463951890410735,-0.129969392189539,0.5376968643549896,0.6553421029316455,0.0,1.396551724137931,-0.5014577259475218,-2.8059701492537314,-0.31573498964803304,0.0,0.0,1.0,0.0
0.6097981505239063,-0.22378237558070135,0.5553050203757917,0.2351870851125253,0.0,0.48275862068965514,-0.9329446064139942,-0.0970149253731336,-0.6915113871635611,-1.0,0.0,1.0,0.0
0.8107021646094474,1.6761038450036951,-0.3147666928518704,-2.119898005290472,-1.0,0.3275862068965517,-0.534777176176593,0.5,-0.3416149068322982,0.0,0.0,0.0,1.0
-0.2879388087169414,5.308730764130026,-1.5703566016319999,-1.3800962096928873,-1.0,0.4482758620689655,-0.2832153269471054,0.2611940298507467,-0.023809523809523923,0.0,0.0,0.0,1.0
0.01797815061645498,0.47632101630721135,0.36041024579423586,0.13373278493837829,0.0,0.9310344827586208,0.03331945022907122,0.08208955223880622,0.1780538302277431,0.0,0.0,1.0,0.0
0.3020019705633743,-0.17665129353525322,0.2029877030561799,0.46815911927208553,0.0,0.8793103448275863,-1.4677217825905873,0.06716417910447818,-0.9285714285714285,-1.0,0.0,0.0,1.0
-0.5422698663300851,-0.1640681674330501,0.6597850564051584,-0.10481482249022143,0.0,0.4482758620689655,0.9496043315285299,0.19402985074626852,0.8498964803312626,0.0,1.0,0.0,0.0
0.7187404813499068,4.49389442296243,-1.3134246322120413,-1.0720321892744873,-1.0,1.0517241379310345,0.2515618492294876,-0.19402985074626852,0.5393374741200825,-1.0,0.0,0.0,0.0
1.3174419489936966,2.9976547603756227,-0.3324705193756478,-0.731778910855003,-1.0,-0.6206896551724138,-0.5164514785506039,3.6492537313432845,-0.582815734989648,0.0,0.0,0.0,0.0
-0.3180829677076041,-0.14913847340563527,-0.03190457554709092,0.523747129040063,0.0,-0.05172413793103449,-1.1178675551853394,0.49253731343283597,-0.8571428571428569,0.0,0.0,0.0,0.0
-0.41627766183487325,0.09562241559479412,0.4057534395001834,0.432261106639233,0.0,-0.08620689655172414,2.1341107871720117,-0.04477611940298479,1.7163561076604552,-1.0,1.0,0.0,0.0
0.30965288639085375,0.012589261419046292,0.1900873453180979,0.20213424606142535,0.0,0.05172413793103449,1.0845481049562682,-0.46268656716417855,0.817805383022774,0.0,0.0,0.0,1.0
0.09454511592186365,2.5934731666703574,-1.1163700151057967,-1.0091150608304031,-1.0,-0.05172413793103449,-1.1178675551853394,0.49253731343283597,-0.8571428571428569,0.0,1.0,0.0,0.0
0.27701060236423936,-0.047140451447842006,0.1499120109086805,0.17454192056091297,0.0,0.4482758620689655,-0.2832153269471054,0.2611940298507467,-0.023809523809523923,0.0,0.0,1.0,0.0
-0.30881319668071155,0.05058777979629199,-0.4935617936277959,0.1419731773798892,0.0,-0.4310344827586207,0.4831320283215327,-0.29104477611940277,0.26501035196687356,0.0,0.0,0.0,0.0
0.24897756310540395,0.6130680788952348,-0.7884415445014712,-1.224003282649626,-1.0,-1.3275862068965518,0.46813827571845057,-0.21641791044776057,0.019668737060041463,0.0,0.0,0.0,0.0
-0.47607159827898826,-0.1624573905880811,0.4600823714756946,0.07489818356502426,0.0,-0.5,-0.7846730528946274,0.6865671641791045,-0.520703933747412,-1.0,1.0,0.0,0.0
-0.2539017320696243,0.19625211029544218,-0.08409673519230436,0.38591089314145327,0.0,0.051724137931034454,0.3681799250312369,1.6417910447761197,0.38509316770186314,-1.0,0.0,0.0,1.0
-0.4540267803629191,-0.14779261246724898,0.1741475328607896,0.3367455232333275,0.0,-1.2758620689655173,0.618075801749271,1.2313432835820899,0.11697722567287765,0.0,1.0,0.0,0.0
0.4900668435557855,0.13669523768341957,-1.0908695331641414,-1.4601565098675684,-1.0,0.603448275862069,0.751353602665556,-0.07462686567164087,0.7443064182194615,0.0,0.0,0.0,1.0
0.12255175867564741,-0.21538909605974796,0.2203445732063101,-0.18799388621862853,0.0,0.08620689655172414,-2.1674302374010828,0.0746268656716422,-1.7556935817805381,-1.0,0.0,0.0,0.0
-0.5243123199374324,0.010306614310133948,0.31905040954521074,0.11445185799896015,0.0,-0.7068965517241379,0.24989587671803415,0.14925373134328374,0.018633540372670628,0.0,1.0,0.0,0.0
0.24136686519558748,-0.19526420712784046,0.12903736950373548,0.13346911893201083,0.0,0.4655172413793104,-1.9341940857975843,0.10447761194029895,-1.460662525879917,-1.0,0.0,1.0,0.0
2.302769640443068,3.875864651547594,-1.2266053281690315,-1.0651877642721297,-1.0,0.4137931034482759,-0.8513119533527697,-1.4104477611940298,-0.6842650103519666,-1.0,1.0,0.0,0.0
-0.43737320287971243,-0.09557439555348703,0.278876572676332,0.06548860062927854,0.0,0.08620689655172414,-1.2844648063306954,0.029850746268656747,-1.1024844720496891,-1.0,1.0,0.0,0.0
0.42940974926982073,4.004671805637359,-1.1069695105447754,-2.2589060323462666,-1.0,1.3275862068965518,-0.5164514785506039,2.0597014925373136,-0.003105590062111918,0.0,0.0,1.0,0.0
0.5846935009318867,0.33075526677000316,0.2977463419800133,-0.2594401000474579,0.0,0.0,-0.03331945022907122,1.9850746268656723,0.011387163561076543,-1.0,1.0,0.0,0.0
-0.5507593934107935,-0.12846288400066408,-0.29599366894481033,0.3233003573472982,0.0,-0.4482758620689655,0.2832153269471054,-0.19402985074626786,-0.05900621118012409,-1.0,0.0,0.0,0.0
-0.2507877087879146,-0.08229937802806396,-0.21167981801298738,-0.0821682464636715,0.0,0.10344827586206898,-0.4831320283215327,-0.7462686567164173,-0.06935817805383039,-1.0,1.0,0.0,0.0
-0.42258422569489434,0.5540301625076289,0.22978102436309925,0.21142825268183346,0.0,0.10344827586206898,-1.051228654727197,-0.029850746268656747,-0.8219461697722565,-1.0,0.0,0.0,1.0
0.07855502847253713,-0.2320623432431637,0.11944345251062077,-0.2909613097549334,0.0,0.4655172413793104,-0.4664723032069971,0.21641791044776124,-0.27950310559006203,-1.0,1.0,0.0,0.0
-0.23988248144125876,-0.19530239060230828,0.23219401422200225,-0.11042607961475101,0.0,-0.7931034482758622,-0.7163681799250312,0.022388059701492727,-0.8467908902691511,-1.0,0.0,0.0,1.0
0.5732749727645664,3.2460652920204476,-1.6510796317590393,-1.1733529252557884,-1.0,-0.017241379310344845,-0.24989587671803415,0.0746268656716422,-0.30020703933747406,-1.0,0.0,1.0,0.0
-0.4242574436295526,-0.04572028063725703,-0.4430278621801469,-0.1375396543917049,0.0,0.5,-1.00124947938359,-3.3134328358208953,-0.6480331262939958,0.0,0.0,0.0,1.0
-0.43328404303316537,-0.08336442159794538,0.45553854018361223,-0.1968537889887465,0.0,1.3793103448275863,-0.28154935443565193,2.1044776119402986,0.2732919254658382,0.0,0.0,0.0,1.0
1.0242461926979176,3.211702592454556,-2.284691910770692,-1.177774674314092,-1.0,0.6379310344827586,-0.6663890045814245,-0.2910447761194021,-0.412008281573499,-1.0,0.0,0.0,0.0
0.23921312965226624,-0.05097774503969406,0.41207675437533436,0.17266225232318894,0.0,-0.396551724137931,-1.2511453561016244,0.1865671641791045,-1.0838509316770186,-1.0,0.0,1.0,0.0
0.8405866051142594,4.394965631566969,-1.7754990305175282,-0.9091120869249931,-1.0,1.0862068965517242,0.299875052061641,-0.1119402985074623,0.45755693581780515,0.0,0.0,1.0,0.0
-0.12752921201539283,1.0166618418008737,0.12568775178319055,-0.19605634621825388,0.0,-0.32758620689655177,-0.4498125780924615,1.4552238805970152,-0.43788819875776397,-1.0,0.0,0.0,1.0
0.30452635622840446,-0.10539428117130939,0.14778539105330804,0.3353930326123095,0.0,1.1551724137931034,0.299875052061641,-3.1641791044776117,0.20082815734989648,0.0,0.0,0.0,1.0
0.6000432437582633,0.18634408211347245,-0.22100768481605898,0.25892784577820144,0.0,-0.48275862068965514,0.19991670137442732,-0.12686567164179033,-0.040372670807453465,-1.0,0.0,0.0,0.0
-0.34943108120852906,0.056198582439705796,0.15197928712254147,0.514559243501851,0.0,0.4655172413793104,-0.4664723032069971,0.21641791044776124,-0.27950310559006203,-1.0,0.0,0.0,0.0
-0.04884566424764396,-0.19124152756233245,0.5682998455805537,0.2670553135075971,0.0,0.15517241379310348,0.04997917534360683,-0.507462686567164,0.015527950310558855,0.0,0.0,1.0,0.0
-0.1658253256673126,-0.12904569190792647,0.2795308184758606,-0.30365829129459593,0.0,-0.7068965517241379,1.6343190337359432,3.589552238805971,1.1532091097308486,0.0,0.0,1.0,0.0
0.9052851804409459,3.4504338993440715,-1.456682562307646,-1.1441267722789614,-1.0,1.0517241379310345,0.2515618492294876,-0.19402985074626852,0.5393374741200825,-1.0,1.0,0.0,0.0
0.4464673289437943,0.01870150236128397,0.4792946314353592,0.6399321855486664,0.0,0.8448275862068967,0.917950853810912,0.052238805970149474,1.0838509316770182,-1.0,0.0,0.0,0.0
0.7096460912526757,-0.2122798545173702,-0.138898584954778,-0.29397638051425407,0.0,1.5,-0.9679300291545189,-3.5671641791044775,-0.36542443064182195,0.0,0.0,0.0,1.0
0.5323221392351676,-0.14818398012620557,0.31727014556208677,0.12353039362711797,0.0,0.5344827586206897,-0.9662640566430654,0.43283582089552247,-0.5786749482401655,0.0,0.0,0.0,1.0
1.0262241720743857,0.0023548058865702328,0.10041663206752154,-0.16245884638456023,0.0,0.7758620689655172,0.18492294877134519,0.29850746268656814,0.5041407867494822,0.0,1.0,0.0,0.0
0.5179207243065477,-0.21567780888160507,0.3606727873988761,-0.12033068314760582,0.0,-1.0000000000000002,-0.04997917534360683,0.2686567164179107,-0.3022774327122153,-1.0,0.0,1.0,0.0
-0.5457910063543012,-0.14054612722131868,0.22685030337104506,0.1713485790149068,0.0,0.0,-0.03331945022907122,1.9850746268656723,0.011387163561076543,-1.0,1.0,0.0,0.0
-0.5140795789203084,0.1573825368262258,0.029997919395133976,0.6476979933021605,0.0,0.0,0.2182423990004164,0.1940298507462692,0.28778467908902694,-1.0,0.0,1.0,0.0
-0.4429939111434936,-0.035550861110003946,-0.08138911803498487,0.3149068678274838,0.0,-1.5517241379310345,0.6997084548104956,3.55223880597015,0.04968944099378893,0.0,0.0,0.0,0.0
-0.4643790160128062,-0.0894212241085582,-0.035976225682399464,0.41362621576292646,0.0,1.0862068965517242,0.534777176176593,0.06716417910447818,0.7650103519668736,0.0,1.0,0.0,0.0
-0.4612604386574278,-0.1599411375469052,0.40080816298478383,0.042741564249506946,0.0,-0.9310344827586208,-0.28488129945855883,-2.201492537313433,-0.5559006211180124,0.0,0.0,0.0,1.0
-0.5305294104098027,0.7682437882103148,0.18152464513526234,0.5772943561053866,0.0,0.396551724137931,1.2178259058725531,-0.15671641791044708,1.0445134575569357,-1.0,0.0,0.0,0.0
-0.32611536111788125,-0.1885464661308175,0.2383391301141108,0.135640019917581,0.0,0.0,-0.031653477717617756,1.8283582089552246,0.03623188405797101,-1.0,0.0,0.0,0.0
-0.556738268712512,-0.16771471793820558,0.3107449859903782,0.14937797017559143,0.0,-0.1724137931034483,0.6680549770928779,5.977611940298509,0.6252587991718426,-1.0,0.0,0.0,1.0
1.9631937140710358,1.7678433075338025,-1.7002590114134761,-1.4155186166359601,-1.0,0.603448275862069,0.751353602665556,-0.07462686567164087,0.7443064182194615,0.0,1.0,0.0,0.0
-0.17701942889130565,-0.06101131135406208,0.3211502269985776,0.15498624931458968,0.0,1.2758620689655173,-0.6513952519783422,-1.2014925373134326,-0.15631469979296056,0.0,0.0,0.0,0.0
-0.10022197559916193,-0.18489461303398932,0.3903591934789409,0.27310420247992523,0.0,-1.2586206896551724,0.13327780091628488,3.955223880597015,-0.1904761904761905,0.0,0.0,1.0,0.0
3.522488477489736,3.451120459792755,-1.3718969758141728,-1.4293192207530807,-1.0,0.0,-0.0016659725114534663,-1.7985074626865671,-0.07556935817805394,-1.0,0.0,0.0,0.0
-0.15169612037362265,-0.2089497548326491,0.3743064480822502,0.3974534308204211,0.0,-0.8793103448275863,1.434402332361516,-0.03731343283582077,0.8892339544513456,-1.0,0.0,0.0,1.0
-0.3911409969391146,-0.145395773226389,-0.06134786785495043,0.23602950113458263,0.0,0.4137931034482759,-0.8513119533527697,-1.4104477611940298,-0.6842650103519666,-1.0,0.0,0.0,1.0
-0.032587796176592125,-0.19567789603939703,0.04856134085427848,-0.04370094914742976,0.0,-0.10344827586206898,1.0179092044981257,0.05970149253731415,0.7826086956521737,-1.0,0.0,0.0,1.0
0.7176604853737492,-0.2063357349446221,-0.17068786454575693,-0.14829195637995166,0.0,-0.5862068965517242,0.41649312786339027,0.23134328358208994,0.22981366459627325,-1.0,1.0,0.0,0.0
-0.2807896681775749,-0.21192673129486675,0.42076361964978004,0.17778977121742032,0.0,-0.0689655172413793,-0.01665972511453561,3.0671641791044784,0.2370600414078672,-1.0,0.0,0.0,0.0
-0.19492782902974232,-0.10863886500399718,0.2693680593080675,-0.1269462798322153,0.0,-0.017241379310344824,1.6343190337359432,0.17164179104477645,1.4171842650103517,0.0,0.0,0.0,1.0
0.30793188365878377,-0.17365342404619885,0.541151340995133,0.10628477361520595,0.0,0.2931034482758621,-0.5830903790087464,0.4179104477611938,-0.2598343685300209,-1.0,0.0,0.0,1.0
-0.5242123717636626,-0.04928386310846158,0.009989870270546802,0.427511367504535,0.0,0.9310344827586208,-1.2328196584756352,0.11194029850746297,-0.6521739130434784,-1.0,1.0,0.0,0.0
-0.28577580778414463,-0.017928223868874296,0.3738806969057184,0.1898538494369744,0.0,-0.08620689655172414,1.2511453561016244,6.628197161941233e-16,1.0631469979296062,-1.0,0.0,1.0,0.0
0.5888062540234631,2.4767317665861985,-1.3217353306755268,-1.6518839400032415,-1.0,-0.4655172413793104,0.6680549770928779,-0.007462686567163358,0.5476190476190476,-1.0,0.0,0.0,1.0
-0.24491367644586673,-0.13759266687530036,0.1101400980838681,0.21189520291998715,0.0,1.3275862068965518,-0.5014577259475218,0.24626865671641798,-0.059006211180124384,0.0,0.0,1.0,0.0
-0.3807070090729766,0.2556362471446186,0.5979104974862699,0.24964157881362933,0.0,-0.48275862068965514,0.19991670137442732,-0.12686567164179033,-0.040372670807453465,-1.0,0.0,1.0,0.0
-0.542213656443601,0.8486398107410639,0.28997301482178556,0.32668881506666336,0.0,-1.0344827586206897,-0.1832569762598917,1.5895522388059702,-0.3995859213250519,0.0,1.0,0.0,0.0
-0.4483587383040699,0.13338645370106003,0.20342790631391916,0.04821320136248501,0.0,0.6379310344827586,-0.6663890045814245,-0.2910447761194021,-0.412008281573499,-1.0,0.0,1.0,0.0
-0.4696143908670901,0.35694235050520423,-1.5076499465196604,-1.011768184779532,-1.0,-0.3965517241379311,0.5181174510620574,-0.14925373134328307,0.21739130434782603,-1.0,0.0,0.0,1.0
-0.38894012811229656,0.011106034014733087,0.7474976916562381,0.21426935572669648,0.0,-0.37931034482758624,-0.8179925031236984,-2.1417910447761193,-0.8737060041407866,-1.0,0.0,1.0,0.0
-0.3722923148141387,-0.045684927877390216,0.25652853496017847,0.13234689649918105,0.0,-0.1724137931034483,0.5497709287796751,-0.3582089552238803,0.22049689440993794,-1.0,0.0,1.0,0.0
0.6815467800244325,2.203537978855456,-0.5855296834037395,-0.8695470509967025,-1.0,1.3275862068965518,-0.26655560183256977,0.4253731343283585,0.24844720496894404,0.0,1.0,0.0,0.0
-0.517915719129089,-0.017447489733129453,0.31321643799088034,0.06865406590928866,0.0,-1.0344827586206897,0.1649312786339024,0.2686567164179107,0.03830227743271209,0.0,0.0,1.0,0.0
-0.3008046166270903,3.5645566291404305,-0.8525885236343044,-1.2940078418085432,-1.0,-0.4482758620689655,-0.9679300291545189,-1.9776119402985068,-0.9451345755693581,0.0,0.0,0.0,0.0
-0.49777732378429307,-0.026125483116973373,-0.07967637211044581,-0.04597092778164673,0.0,-0.20689655172413796,0.6497292794668889,0.2611940298507467,0.5248447204968942,-1.0,0.0,1.0,0.0
-0.45135917345358384,-0.23180022805436482,0.39138501187402386,0.2761767166722907,0.0,1.4482758620689655,-0.26655560183256977,-2.761194029850747,-0.03933747412008293,0.0,0.0,0.0,1.0
1.164485901048592,4.36199566036612,-0.08617645056092568,-1.6632653418946215,-1.0,0.9310344827586208,0.2515618492294876,-0.2238805970149246,0.5393374741200825,-1.0,0.0,0.0,0.0
3.427687626148703,2.3947937686601226,-2.214240960135313,-1.2016947813946453,-1.0,0.6379310344827587,-1.1678467305289462,-3.7761194029850746,-0.893374741200828,-1.0,1.0,0.0,0.0
-0.12012532999153035,-0.08510326292573916,0.2010941432174249,-0.004649110190889326,0.0,-0.22413793103448273,-0.18325697625989149,-0.6641791044776117,-0.6221532091097306,-1.0,1.0,0.0,0.0
0.4055857618737482,-0.17155507281153998,0.6949607589288584,0.11216713524180302,0.0,-0.8448275862068967,0.01665972511453561,-0.253731343283582,-0.26708074534161497,0.0,1.0,0.0,0.0
1.2274303478819106,-0.15029116594805048,0.7264422861359625,0.20059868775073095,0.0,-1.0862068965517242,-0.5514369012911287,-2.0074626865671643,-0.8354037267080745,0.0,1.0,0.0,0.0
0.13416328064608973,-0.19584573693262794,-0.19579021929292895,0.5420060803937441,0.0,-0.4482758620689655,-1.2178259058725531,-0.34328358208955156,-1.196687370600414,0.0,0.0,0.0,0.0
-0.5003201997987153,-0.1394202978336976,0.20957480754437646,0.46253101454443907,0.0,0.48275862068965514,-0.9329446064139942,-0.0970149253731336,-0.6915113871635611,-1.0,1.0,0.0,0.0
0.7928363078470964,3.894199544564013,-0.8921636332252942,-1.1017349053769958,-1.0,-0.48275862068965514,0.21657642648896294,-2.097014925373134,-0.07142857142857147,-1.0,0.0,0.0,1.0
0.26142257384400513,3.4118076450875368,-1.5726838348040573,-1.2676430807696963,-1.0,-0.9310344827586208,-0.30154102457309445,-0.23134328358208928,-0.5248447204968945,0.0,0.0,0.0,1.0
-0.36661110094643007,-0.1878204270595411,0.053089706348164546,0.4763314887545584,0.0,0.0,0.21657642648896294,0.35074626865671693,0.2629399585921325,-1.0,0.0,0.0,1.0
-0.5394561889936671,-0.06656289773078135,-0.06915190088197136,0.15635172433055025,0.0,0.8793103448275862,-0.8496459808413162,0.25373134328358266,-0.298136645962733,0.0,0.0,0.0,0.0
-0.04089498657671867,0.9821708156316522,-1.6493404165243006,-1.6655191279416883,-1.0,1.0344827586206897,-0.19825072886297362,-0.2388059701492533,-0.07763975155279501,0.0,0.0,1.0,0.0
0.14151534305097793,3.031439800136017,-0.8956212680991658,-1.0584643987081268,-1.0,-0.5,0.9679300291545189,3.343283582089553,0.6086956521739129,0.0,1.0,0.0,0.0
-0.05795868531046539,-0.0679919806130478,0.6679198890180754,-0.340408616083158,0.0,0.0,-0.2515618492294876,-0.16417910447761178,-0.32712215320910987,-1.0,0.0,0.0,1.0
0.42521243347741006,0.11224753474474775,0.4404948516473981,0.23272015958351402,0.0,0.6206896551724137,0.9845897542690545,-0.13432835820895436,1.0248447204968942,0.0,1.0,0.0,0.0
-0.1454798156090798,0.0845848610580316,0.13705097598373703,0.22487981379578093,0.0,-0.48275862068965514,0.4498125780924615,-1.7611940298507458,0.2111801242236025,-1.0,1.0,0.0,0.0
-0.14827262248448278,-0.21225581683080763,0.2352186216892955,-0.03254489435532661,0.0,-0.05172413793103449,-1.1178675551853394,0.49253731343283597,-0.8571428571428569,0.0,0.0,0.0,1.0
1.5350773537739915,2.451628326800355,-1.1744745094080367,-1.1535689376218126,-1.0,-1.0344827586206897,0.3998334027488544,0.4477611940298512,0.34575569358178054,0.0,0.0,1.0,0.0
0.42922939778837793,4.29885697507989,-2.094933322227912,-1.3429704386249453,-1.0,0.1724137931034483,-0.4831320283215327,-3.7985074626865667,-0.3260869565217391,-1.0,1.0,0.0,0.0
-0.4209314991895847,-0.2162703648999419,-0.34881961394541305,0.15716904533172824,0.0,0.6206896551724137,0.9845897542690545,-0.13432835820895436,1.0248447204968942,0.0,0.0,1.0,0.0
-0.4384372270826694,-0.12583060600435136,0.1555390314583025,0.6616283083770864,0.0,-1.0344827586206897,0.41482715535193654,-1.3656716417910446,0.28985507246376807,0.0,0.0,0.0,1.0
0.10959815206144898,-0.17533859110975814,0.2535206815604883,0.45089436336442573,0.0,1.3275862068965518,-0.41649312786339027,-1.1567164179104477,0.12008281573498956,0.0,1.0,0.0,0.0
1.1306724859413932,3.347293326278123,-1.032165598281048,-1.7532656080504803,-1.0,-0.3275862068965517,0.2832153269471054,-0.16417910447761178,-0.05900621118012409,-1.0,0.0,0.0,0.0
0.6459990390949185,4.901557811531224,-2.264136481150034,-1.67497897963412,-1.0,-0.1724137931034483,0.6847147022074135,4.007462686567164,0.5942028985507246,-1.0,0.0,1.0,0.0
0.5078089137752977,2.361571426010545,-1.802849734713786,-1.3045103353700758,-1.0,1.2758620689655173,-0.6513952519783422,-1.2014925373134326,-0.15631469979296056,0.0,0.0,0.0,1.0
1.4934959288863896,2.9281198695539694,-0.7138074075505172,-1.4906912660377811,-1.0,-0.5517241379310345,-0.05164514785506053,0.41044776119402976,0.05900621118012409,0.0,1.0,0.0,0.0
-0.0909928251451679,-0.17402207902795563,0.3629388681457061,0.32371706498858327,0.0,0.0,-0.03331945022907122,1.9850746268656723,0.011387163561076543,-1.0,1.0,0.0,0.0
-0.5524192236317282,-0.0938899293877127,0.2052415756866456,0.14161223753179666,0.0,-0.08620689655172414,1.2511453561016244,6.628197161941233e-16,1.0631469979296062,-1.0,0.0,0.0,1.0
-0.3293769511591136,0.06421253318853687,0.3554137089771911,-0.21907905580068113,0.0,0.2931034482758621,-0.08496459808413176,0.6791044776119405,0.3064182194616976,-1.0,0.0,0.0,1.0
0.3547461035503641,0.2622989233696685,-0.8177190721439976,-0.8823580869471044,-1.0,0.05172413793103449,1.0845481049562682,-0.46268656716417855,0.817805383022774,0.0,0.0,1.0,0.0
0.14607234355387008,0.15148755334383412,0.015344904795166758,0.4228062723312201,0.0,0.37931034482758624,0.8013327780091628,0.2014925373134332,0.8033126293995857,-1.0,1.0,0.0,0.0
0.7335899987697588,1.974799573119929,-0.8163061742760952,-1.6449590237219356,-1.0,-0.2931034482758621,0.05164514785506053,-0.649253731343283,-0.34575569358178054,-1.0,0.0,0.0,0.0
3.3773052655401954,1.5328714161468173,-1.3848471054103504,-0.5793672555511556,-1.0,-0.4482758620689655,0.24989587671803415,-0.23134328358208928,-0.015527950310559003,0.0,1.0,0.0,0.0
-0.2088448904710869,-0.18742765508565987,0.112986104856308,0.0378451241114536,0.0,-0.12068965517241383,-0.01665972511453561,-0.01492537313432738,-0.019668737060041463,-1.0,1.0,0.0,0.0
-0.3259568193958729,1.6678522713391537,-1.7290475585483054,-1.4707500257290893,-1.0,1.3793103448275863,-0.04831320283215337,2.440298507462687,0.5559006211180122,0.0,1.0,0.0,0.0
-0.5587581018370285,0.01961409218008987,0.5164711143559731,0.3303641772613532,0.0,0.48275862068965514,-0.46813827571845057,-0.022388059701492727,-0.3064182194616979,-1.0,0.0,0.0,0.0
-0.4901280766708249,-0.1449809186728415,-0.284919608101969,0.24390311615328134,0.0,-0.793103448275862,-0.45147855060391495,-0.20895522388059723,-0.8240165631469977,0.0,0.0,0.0,1.0
-0.04315631316226376,-0.12273648083313682,-0.1759576072232571,0.47998688402330414,0.0,0.06896551724137931,0.3665139525197834,0.1865671641791045,0.334368530020704,0.0,0.0,0.0,0.0
-0.28349198248259355,0.011905858180008314,0.2171946159199642,-0.19632135086513774,0.0,0.37931034482758624,0.5664306538942108,0.022388059701492727,0.49585921325051724,-1.0,1.0,0.0,0.0
0.2708582469936384,-0.14145011309944386,0.15111369073436426,0.5292075447124823,0.0,-0.06896551724137931,-0.39983340274885465,-0.15671641791044708,-0.3737060041407869,0.0,0.0,1.0,0.0
0.6851842960894353,-0.16771798661595066,0.14965015755714478,0.2050341101318579,0.0,0.4137931034482759,0.4498125780924615,-0.022388059701492064,0.5124223602484471,-1.0,1.0,0.0,0.0
0.12303773994669044,0.17125655180100519,0.16672266567816513,0.021420860381221426,0.0,-0.051724137931034454,-0.16659725114535612,-1.4328358208955219,-0.11697722567287765,-1.0,0.0,0.0,1.0
-0.540582308616384,-0.16754611661117524,-0.024424505338684295,0.3786075301891682,0.0,-0.603448275862069,-0.5847563515201999,0.43283582089552247,-0.5393374741200828,-1.0,0.0,0.0,0.0
2.7033478045153823,1.4993401755835056,-2.3436495159095916,-1.0877838522665655,-1.0,-0.06896551724137931,0.4831320283215327,-0.20149253731343253,0.279503105590062,0.0,0.0,0.0,0.0
-0.5103809864580693,0.10290167591931536,-0.047945366029910605,0.05328212908518276,0.0,-0.3448275862068965,-0.7180341524364847,0.03731343283582077,-0.8281573498964802,-1.0,0.0,0.0,1.0
1.3116672129749798,1.5111527332534576,-2.3436495159095916,-1.9190653245306022,-1.0,-0.5172413793103449,-0.982923781757601,2.8880597014925384,-0.6325051759834369,0.0,1.0,0.0,0.0
0.09475831577020688,0.1468812167094312,0.02190563453917153,-0.1025278637253896,0.0,-0.10344827586206898,0.4498125780924612,0.5149253731343287,0.5434782608695651,-1.0,0.0,1.0,0.0
0.4390488847428819,-0.11055690759813329,0.03497209800266114,-0.021609658913619774,0.0,0.4655172413793104,-0.4831320283215327,2.1865671641791047,-0.24844720496894404,-1.0,0.0,1.0,0.0
-0.42960477212635795,-0.22575384691089098,-0.2267482690285382,-0.0486868142366155,0.0,0.4655172413793104,-1.9341940857975843,0.10447761194029895,-1.460662525879917,-1.0,0.0,0.0,0.0
-0.2791587069056452,-0.22389296630237482,-0.29979438396108304,0.1541209568264121,0.0,0.9137931034482759,-0.7496876301541024,2.432835820895523,-0.2525879917184265,0.0,0.0,1.0,0.0
0.2796785925272516,1.6217473575308543,-1.5751618532384777,-1.5003280311515763,-1.0,0.5172413793103449,0.9496043315285299,-2.8582089552238807,0.593167701863354,0.0,0.0,0.0,1.0
1.0418443033554041,-0.20826253114386198,-0.009925335688034359,0.0131551122345392,0.0,-0.7068965517241379,1.6343190337359432,3.589552238805971,1.1532091097308486,0.0,0.0,0.0,1.0
-0.41579572021103944,-0.1829026306440672,0.29775813300562765,-0.18317512481097226,0.0,0.9310344827586208,0.03331945022907122,0.08208955223880622,0.1780538302277431,0.0,0.0,1.0,0.0
-0.4983393822019949,-0.2174903779861413,0.3533185122488392,-0.10667867625295814,0.0,0.4137931034482759,0.4498125780924615,-0.022388059701492064,0.5124223602484471,-1.0,0.0,1.0,0.0
-0.5273510829900968,0.18383634569741616,0.31324363330943783,0.3966530090632864,0.0,-0.37931034482758624,-0.8179925031236984,-2.1417910447761193,-0.8737060041407866,-1.0,0.0,1.0,0.0
0.399913133439122,0.004942372573224146,-0.2952077896352119,0.084077713677965,0.0,0.06896551724137931,-0.5164514785506039,0.23134328358208994,-0.3188405797101449,0.0,0.0,1.0,0.0
0.7262758171264393,3.125814251672907,-1.5098004280921749,-1.2537223569860019,-1.0,0.4655172413793104,-0.7013744273219491,0.03731343283582077,-0.5869565217391305,-1.0,0.0,0.0,1.0
-0.4810289877505021,-0.22621775817160103,0.42906574251218416,-0.09213866345391172,0.0,0.5862068965517241,-1.399416909620991,-0.5970149253731336,-1.2546583850931676,-1.0,0.0,0.0,0.0
1.9739362992021503,2.6784344346530156,-0.6780467891430142,-1.428252650121128,-1.0,0.03448275862068967,-1.434402332361516,-0.20149253731343253,-1.175983436853002,0.0,1.0,0.0,0.0
0.13318629131567936,-0.19935109068673657,0.3303509945157508,0.04641900898231535,0.0,-0.5517241379310345,-0.13327780091628488,3.82089552238806,-0.22877846790890258,-1.0,0.0,1.0,0.0
1.291133373871835,0.4011015495363208,0.20178882405587115,0.3187030175333124,0.0,-0.3448275862068965,-0.7180341524364847,0.03731343283582077,-0.8281573498964802,-1.0,0.0,0.0,1.0
-0.47045496724768804,0.22147694543178387,-0.12612326739046326,0.44843991976567366,0.0,0.8620689655172414,-1.1178675551853394,-1.1641791044776117,-0.6884057971014491,0.0,0.0,0.0,1.0
1.8430884150188547,3.912216046887779,-1.4911286832362223,-0.6799509942949502,-1.0,0.8793103448275862,-0.11661807580174928,-1.3656716417910444,0.08074534161490693,0.0,0.0,0.0,0.0
0.8628629278693232,1.4759201379966782,-1.698806087900202,-1.1725961069711288,-1.0,0.5862068965517241,-1.399416909620991,-0.5970149253731336,-1.2546583850931676,-1.0,0.0,0.0,1.0
0.19065287113495502,-0.1976448202618738,-0.30190334881523784,-0.002864576791645629,0.0,-0.12068965517241378,-0.5514369012911289,0.7164179104477613,-0.22567287784679096,-1.0,1.0,0.0,0.0
3.433402220392634,4.3022973565315175,-1.1313404001023488,-1.827992069839739,-1.0,0.8793103448275862,-0.8496459808413162,0.25373134328358266,-0.298136645962733,0.0,0.0,0.0,0.0
-0.21772942376182075,0.15276742853478895,-0.12155137700318029,0.1372939879417704,0.0,0.396551724137931,-0.534777176176593,-2.5522388059701493,-0.5983436853002069,0.0,0.0,0.0,1.0
1.6572835830650998,1.4138230002955798,-1.242666940752782,-1.3077631403714864,-1.0,-0.896551724137931,-0.2182423990004164,-0.2985074626865668,-0.5434782608695651,0.0,0.0,1.0,0.0
-0.39425208650673965,0.376035321009611,0.08125177705433168,0.15577632341382558,0.0,-0.08620689655172414,2.1341107871720117,-0.04477611940298479,1.7163561076604552,-1.0,1.0,0.0,0.0
-0.451657439127422,-0.17711031767297458,0.3366657568296044,0.43589983672739935,0.0,-0.3965517241379311,-0.8329862557267805,1.2835820895522394,-0.7919254658385094,0.0,0.0,1.0,0.0
-0.08518020461969003,0.01490835080963961,0.42319514834190547,0.10419685272253083,0.0,-0.3275862068965517,0.2832153269471054,-2.6194029850746268,-0.036231884057971155,0.0,0.0,0.0,1.0
-0.13602487190206783,0.2022043711786668,-0.23949210227924117,0.4876776858651588,0.0,1.206896551724138,-0.8996251561849228,-4.231343283582089,-0.6915113871635611,0.0,0.0,1.0,0.0
2.8206199768932745,2.0323278505099602,-1.237772331057327,-1.8888057724883474,-1.0,0.44827586206896547,0.4847980008329862,0.11940298507462764,0.46480331262939956,0.0,0.0,0.0,0.0
0.19521168051401913,-0.17479156005089563,0.46780034703888246,0.047182623593246174,0.0,-0.051724137931034454,-0.2515618492294876,-0.029850746268656084,-0.2960662525879916,-1.0,1.0,0.0,0.0
-0.38821316522720717,-0.025249083294506116,0.3389287280402108,-0.1891650684935346,0.0,-0.603448275862069,-0.7846730528946272,0.10447761194029828,-0.7836438923395445,0.0,0.0,0.0,0.0
-0.3839532276986207,0.015791203990553632,0.03659458798421975,-0.17334483273053394,0.0,-0.4137931034482759,-0.4831320283215327,0.052238805970149474,-0.55175983436853,-1.0,0.0,0.0,0.0
0.8124967828896026,-0.08126212373084334,0.1132818845428301,-0.06726093772288867,0.0,-1.3275862068965518,0.23323615160349856,-0.3955223880597011,-0.28778467908902694,0.0,0.0,1.0,0.0
0.6493229089091602,-0.047121614952794474,0.2154815165198102,0.054585784937409565,0.0,-0.3275862068965517,0.2832153269471054,-2.6194029850746268,-0.036231884057971155,0.0,1.0,0.0,0.0
-0.33745161146082836,0.2555978702088861,0.12242380634348049,-0.0478221507484836,0.0,0.017241379310344824,-1.6676384839650145,-0.14179104477611904,-1.4565217391304346,0.0,0.0,1.0,0.0
-0.19925968067824562,-0.1353076125166612,0.13321700852461843,0.16108414520342548,0.0,0.0689655172413793,-0.234902124114952,-5.186567164179105,-0.6149068322981366,-1.0,0.0,1.0,0.0
-0.4310164006487143,0.3155079650047417,0.1872414449919621,-0.04630536823430122,0.0,0.7068965517241379,0.08496459808413176,-0.9029850746268651,-0.0631469979296067,-1.0,0.0,0.0,0.0
-0.024637647627734495,-0.20468173131664094,0.19316719174732241,0.024511907510632213,0.0,-0.017241379310344824,1.6343190337359432,0.17164179104477645,1.4171842650103517,0.0,0.0,0.0,1.0
-0.25160852237515613,0.13582388562360892,0.16662542243940545,-0.10324943752252724,0.0,-1.4310344827586208,0.6997084548104956,3.582089552238806,0.04968944099378893,0.0,1.0,0.0,0.0
0.15965998928316663,0.3808218846070094,0.1620308582452326,0.5900814273923811,0.0,-1.0862068965517242,1.4010828821324448,3.559701492537314,0.8581780538302276,0.0,1.0,0.0,0.0
2.54842440804861,6.135525800987104,-1.1163796519916158,-0.9203363557833938,-1.0,-0.1724137931034483,0.5497709287796751,-0.3582089552238803,0.22049689440993794,-1.0,0.0,0.0,1.0
0.7746851939320831,-0.2160026347037143,-0.10769566217211848,-0.0469154943185835,0.0,-0.9137931034482759,0.9346105789254476,-0.2537313432835813,0.55175983436853,0.0,0.0,1.0,0.0
0.23773028793146844,-0.18235741173965403,-0.30853656166353893,0.5104703996636719,0.0,0.48275862068965514,-0.24989587671803415,2.1268656716417915,0.032091097308488546,-1.0,0.0,1.0,0.0
-0.36076319580148547,-0.05485120128088075,0.24716300457051374,0.5667184074113918,0.0,0.3275862068965517,-0.5497709287796751,2.3134328358208958,-0.28571428571428575,0.0,0.0,0.0,1.0
0.051527475315657836,0.6970374291818285,-1.4737760250200214,-1.815422502980577,-1.0,-0.37931034482758624,-0.834652228238234,-0.17164179104477578,-0.8426501035196686,-1.0,1.0,0.0,0.0
0.27065199282280467,4.495888031573168,-1.4665344346914424,-0.6535014742823105,-1.0,-0.9137931034482759,-0.45147855060391495,-0.2388059701492533,-0.8240165631469977,0.0,0.0,1.0,0.0
-0.49809290822975233,-0.1881074619734965,-0.3400181164741523,0.39980592221783184,0.0,0.3275862068965517,-0.5497709287796751,2.3134328358208958,-0.28571428571428575,0.0,0.0,1.0,0.0
1.8337378458312767,3.0339212754098743,-0.965050485992892,-0.7819640580721676,-1.0,-0.10344827586206898,1.0179092044981257,0.05970149253731415,0.7826086956521737,-1.0,1.0,0.0,0.0
1.2366239533890386,2.8017195990065176,-0.7210742147175316,-1.078543106280939,-1.0,-1.0862068965517242,1.4010828821324448,3.559701492537314,0.8581780538302276,0.0,1.0,0.0,0.0
0.2035213856108712,-0.13039072751786973,0.3419514625985219,0.14055267247884262,0.0,0.8793103448275863,-1.4677217825905873,0.06716417910447818,-0.9285714285714285,-1.0,1.0,0.0,0.0
-0.5134821055607842,-0.12084523709043749,0.5207346381532016,-0.02876282677268954,0.0,0.4137931034482759,-0.8513119533527697,-1.4104477611940298,-0.6842650103519666,-1.0,0.0,0.0,0.0
-0.08102777781319676,-0.17597544076910693,-0.06182807665560719,0.40433616759296864,0.0,0.3965517241379311,-0.5514369012911287,0.17910447761194048,-0.256728778467909,-1.0,1.0,0.0,0.0
0.6972467528025892,-0.12138266090249736,0.17049661169427033,-0.009374337723208264,0.0,-0.603448275862069,-0.7846730528946272,0.10447761194029828,-0.7836438923395445,0.0,0.0,1.0,0.0
-0.5191992613127512,-0.11825370686459535,0.448125097997555,0.3526124970712822,0.0,-1.4310344827586208,0.6997084548104956,3.582089552238806,0.04968944099378893,0.0,0.0,0.0,0.0
0.903103760398118,2.119489366737077,-1.9713610436381286,-1.468405867067416,-1.0,0.17241379310344823,1.2511453561016244,-0.38059701492537235,1.0289855072463767,-1.0,0.0,1.0,0.0
2.8806877954261507,3.071121368847792,-1.2752013942068021,-0.7738933501767733,-1.0,0.9310344827586208,0.03331945022907122,0.08208955223880622,0.1780538302277431,0.0,1.0,0.0,0.0
-0.2488052782565571,-0.18630501829520205,0.6009722619536744,-0.13201945138266907,0.0,-1.3275862068965518,0.38317367763431903,1.1865671641791051,-0.15942028985507248,0.0,0.0,0.0,0.0
0.08567189163170345,-0.22987614390512734,0.3655340868463856,-0.03260010562103575,0.0,-1.0517241379310345,-0.28488129945855883,0.22388059701492594,-0.5786749482401654,-1.0,0.0,0.0,0.0
1.1783468288779837,1.9891046106991916,-0.16373324114241236,-0.9741575569748115,-1.0,0.4137931034482759,-0.8513119533527697,-1.4104477611940298,-0.6842650103519666,-1.0,0.0,0.0,1.0
0.6217500878129354,6.871104623475617,-2.0793536338878904,-0.7770706756969431,-1.0,0.6379310344827586,-0.6663890045814245,-0.2910447761194021,-0.412008281573499,-1.0,1.0,0.0,0.0
-0.49617647670343407,0.061342038636200254,0.3321397879199683,-0.1632607940656124,0.0,-0.4310344827586207,0.4831320283215327,-0.29104477611940277,0.26501035196687356,0.0,0.0,0.0,1.0
-0.2856903692344323,-0.12529871278643304,-0.09783307825633018,0.24619511553620566,0.0,-0.9310344827586208,1.199500208246564,-0.08208955223880555,0.6128364389233955,-1.0,0.0,0.0,0.0
-0.3329275542735708,0.0887228770644671,-0.2988529669270024,0.17423432767261768,0.0,0.0,-0.03331945022907122,1.9850746268656723,0.011387163561076543,-1.0,0.0,0.0,1.0
-0.27092212676929134,-0.19070947681835934,-0.39214128089013506,0.022710717687901588,0.0,-0.44827586206896547,-0.5181174510620574,-0.08955223880597024,-0.5041407867494825,0.0,0.0,0.0,0.0
-0.03566195702714675,-0.2117351957174945,0.16109399211189251,-0.004244363731604973,0.0,-1.103448275862069,0.3998334027488544,3.5000000000000004,0.6024844720496891,0.0,1.0,0.0,0.0
-0.5505973134565294,-0.06415091685836567,0.7359666909883885,0.1733211078675277,0.0,0.0,-0.0016659725114534663,-1.7985074626865671,-0.07556935817805394,-1.0,0.0,0.0,0.0
0.09065453083786941,-0.19285894558628805,0.2571714551655227,-0.16900209136283875,0.0,-0.7241379310344828,-0.9512703040399832,0.007462686567164021,-1.123188405797101,-1.0,0.0,1.0,0.0
-0.30858652992354446,-0.11580495850081286,0.34727326452109664,-0.21304219532569277,0.0,-1.2586206896551724,0.014993752603082144,-2.3805970149253732,-0.5952380952380951,0.0,0.0,0.0,1.0
2.56367669024179,3.919426761642188,-1.1587258260215654,-1.0932153105495004,-1.0,-0.4482758620689655,0.24989587671803415,-0.23134328358208928,-0.015527950310559003,0.0,0.0,0.0,1.0
-0.5322620978166485,0.016765889866036377,0.3557739159355237,-0.15418215444705985,0.0,0.4655172413793104,0.6847147022074135,0.022388059701492727,0.7888198757763972,-1.0,0.0,0.0,0.0
-0.3272500233366343,-0.007535794245632158,0.2905786349590266,-0.418697746357786,0.0,1.2586206896551724,-0.28154935443565193,2.0746268656716427,0.2732919254658382,0.0,0.0,0.0,0.0
1.5381607584677959,-0.12316359168315079,-0.4265420221527357,0.31666863546425394,0.0,-1.4482758620689655,0.23323615160349856,2.791044776119404,0.0,0.0,0.0,1.0,0.0
0.6793590023006482,-0.1938059370061609,-0.05438137776526708,0.2254142783425855,0.0,-0.3275862068965517,0.2832153269471054,-2.6194029850746268,-0.036231884057971155,0.0,0.0,1.0,0.0
-0.40258999404437806,-0.08446875614994954,0.19800110834981977,0.0970046176823649,0.0,-0.4655172413793104,0.68304872969596,-1.8208955223880592,0.4917184265010351,-1.0,1.0,0.0,0.0
-0.55701946505548,-0.22730833894144556,0.08023204751040627,-0.037555551253971614,0.0,-0.5344827586206897,1.1828404831320283,-2.0373134328358202,0.7908902691511386,0.0,0.0,0.0,1.0
-0.4597356188744544,0.06959380394644744,0.18262043881336776,0.39316896407696567,0.0,-1.0862068965517242,-0.33319450229071224,0.1417910447761197,-0.4968944099378881,0.0,1.0,0.0,0.0
-0.026228235029233365,-0.21986784494003686,0.780445348940601,0.016291331185310922,0.0,0.4655172413793104,-0.7163681799250312,1.8507462686567167,-0.531055900621118,-1.0,1.0,0.0,0.0
-0.5474603789313747,-0.1864081170715601,0.5605046119135787,0.4338556941950494,0.0,0.1724137931034483,-0.7013744273219491,-5.947761194029852,-0.6645962732919255,-1.0,0.0,0.0,1.0
0.5567188204811818,-0.1056033920780873,0.19662309832794791,0.13113069932450613,0.0,0.24137931034482765,-0.8179925031236984,0.373134328358209,-0.536231884057971,-1.0,0.0,1.0,0.0
-0.45675406451361966,-0.19230641446930558,-0.3007998537731334,-0.015416389293294393,0.0,-0.7068965517241379,-0.11828404831320298,0.9328358208955225,0.023809523809523774,-1.0,0.0,0.0,0.0
1.3904128598129413,1.851602150404568,-0.38901474524372215,-0.9352645062381831,-1.0,-0.9310344827586208,1.199500208246564,-0.08208955223880555,0.6128364389233955,-1.0,0.0,0.0,1.0
1.801856411901317,0.9784222130340848,-2.3436495159095916,-0.9292789537195846,-1.0,-0.9310344827586208,-0.06663890045814244,-0.05223880597014881,-0.21739130434782603,0.0,0.0,0.0,1.0
-0.42754115429123,-0.13480229763239263,0.04600988882562063,0.10413774696356337,0.0,1.0517241379310345,0.2515618492294876,-0.19402985074626852,0.5393374741200825,-1.0,0.0,1.0,0.0
-0.4738944988673413,-0.06025460435078526,0.09507905884511118,0.3994800824020479,0.0,-0.3448275862068966,-0.18325697625989149,-0.6940298507462679,-0.6221532091097306,-1.0,0.0,0.0,1.0
-0.14651591171892497,-0.18335927062944843,0.0763514392488354,-0.03258247969465609,0.0,-0.37931034482758624,-0.8179925031236984,-2.1417910447761193,-0.8737060041407866,-1.0,0.0,0.0,0.0
-0.4579334859790993,0.03917101287268972,-0.27607095104440343,0.43784087116849907,0.0,-0.4482758620689655,-1.2011661807580174,-2.3134328358208953,-1.227743271221532,0.0,0.0,0.0,0.0
-0.35666084038561285,-0.049960084609111687,0.25373463049238,0.19550588552319736,0.0,-0.5,0.9679300291545189,3.343283582089553,0.6086956521739129,0.0,0.0,0.0,0.0
0.036240549130485175,0.29463644055385,0.44755727858599453,0.07625911314920203,0.0,-0.4655172413793104,0.4498125780924615,-2.1567164179104474,0.20910973084886111,-1.0,0.0,0.0,0.0
-0.08362131103477652,-0.20195735490034827,0.6035154102579989,-0.22640863875613323,0.0,0.5172413793103449,0.9496043315285299,-2.8582089552238807,0.593167701863354,0.0,0.0,0.0,1.0
-0.11110530460848632,-0.2037125808047553,0.3094903663664282,-0.10711591522449772,0.0,1.3793103448275863,-0.28154935443565193,2.1044776119402986,0.2732919254658382,0.0,1.0,0.0,0.0
1.889928908428503,3.586680963509502,-2.3436495159095916,-0.8076665915072977,-1.0,-1.2586206896551724,-0.0016659725114534663,-0.41044776119402976,-0.564182194616977,0.0,0.0,0.0,0.0
-0.499999329536688,0.2637374138839144,0.44064323991786547,0.5882574284901155,0.0,-0.5344827586206897,0.9496043315285299,-2.3731343283582085,0.5082815734989645,0.0,0.0,0.0,1.0
3.7760935295315274,3.0039965386880585,-1.3241073814815127,-1.8366706147829999,-1.0,0.051724137931034454,0.13327780091628488,1.4626865671641793,0.07763975155279472,-1.0,1.0,0.0,0.0
-0.3357021534914444,-0.20463435342458997,0.5308410350098042,-0.0009657562239328333,0.0,-1.0344827586206897,0.1649312786339024,0.2686567164179107,0.03830227743271209,0.0,0.0,1.0,0.0
0.28483720047608474,-0.07442223094195528,0.30059860555993545,0.5621127473910351,0.0,-0.4310344827586207,0.4831320283215327,-0.29104477611940277,0.26501035196687356,0.0,0.0,1.0,0.0
-0.19714755186577454,-0.14413439762898433,-0.06082150265217675,0.18993690205791489,0.0,1.3275862068965518,-0.5164514785506039,2.0597014925373136,-0.003105590062111918,0.0,0.0,0.0,0.0
0.3902675313417569,0.18831146754618028,0.7816478634392511,0.05514343189014362,0.0,-0.08620689655172414,2.1341107871720117,-0.04477611940298479,1.7163561076604552,-1.0,0.0,0.0,0.0
3.413665491456807,3.2585911277735575,0.04242362803512097,-1.1805472765364744,-1.0,-0.48275862068965525,1.3177842565597666,1.223880597014926,0.9440993788819873,0.0,0.0,0.0,0.0
0.5437919275471195,3.246593471752737,-1.9664070189983454,-1.4749613155859238,-1.0,1.3275862068965516,-0.26655560183256977,-2.791044776119403,-0.03933747412008293,0.0,0.0,0.0,0.0
-0.23445107662728665,-0.0563187985761269,0.0338658810093042,-0.16863594883513122,0.0,0.22413793103448273,-0.33319450229071224,-2.3507462686567164,-0.22877846790890288,-1.0,0.0,1.0,0.0
0.1960090279801193,0.022453701605295598,-0.20532161355103304,0.12516901693993746,0.0,0.3448275862068966,0.14993752603082025,0.7238805970149252,0.5828157349896477,-1.0,0.0,0.0,1.0
-0.20363260218498727,3.529684870773174,-1.4291507407563209,-2.4520838690964353,-1.0,-0.2931034482758621,0.05164514785506053,-0.649253731343283,-0.34575569358178054,-1.0,0.0,1.0,0.0
0.2698142952034164,0.6665682694160541,0.14465925655778222,0.12012124719056712,0.0,0.1724137931034483,-0.4831320283215327,-3.7985074626865667,-0.3260869565217391,-1.0,1.0,0.0,0.0
1.1092547641717998,2.617429918886445,-0.8035334383566732,-1.8374684603759428,-1.0,0.5344827586206897,-1.2011661807580174,0.253731343283582,-0.886128364389234,0.0,1.0,0.0,0.0
1.0980529922195663,5.298977490072526,-2.3436495159095916,-0.637914864455618,-1.0,1.2586206896551724,-0.04831320283215337,2.410447761194031,0.5559006211180122,0.0,0.0,0.0,1.0
-0.34473637970610677,-0.04041469143970721,0.2848694131532336,0.11292583466553302,0.0,0.37931034482758624,0.8013327780091628,0.2014925373134332,0.8033126293995857,-1.0,0.0,0.0,0.0
-0.11667932410189566,0.5667460758452105,-0.16470426514373984,-0.07743465023682883,0.0,0.017241379310344845,0.21657642648896294,-0.04477611940298479,0.26086956521739113,-1.0,0.0,1.0,0.0
-0.21543446105096295,-0.20374703041415768,0.17601239396087062,-0.24556549234198888,0.0,-0.8620689655172414,-0.21657642648896294,-0.19402985074626852,-0.5476190476190476,0.0,0.0,0.0,1.0
2.528215137863591,4.499451823783557,-1.6632450924427806,-1.2166096826954946,-1.0,1.3275862068965518,-0.5164514785506039,2.0597014925373136,-0.003105590062111918,0.0,1.0,0.0,0.0
-0.5481522673210112,0.07369460858730682,-0.6458583164638638,0.13782535682193772,0.0,0.017241379310344824,-1.6676384839650145,-0.14179104477611904,-1.4565217391304346,0.0,0.0,0.0,1.0
-0.21441655428350329,-0.06769336055156709,0.4168211986671837,-0.20107282045403965,0.0,0.3448275862068965,0.6847147022074135,-0.007462686567163358,0.7888198757763972,-1.0,1.0,0.0,0.0
-0.28021180720993955,0.02812151337972878,-0.3525878864553512,0.27633955272527755,0.0,0.1724137931034483,-0.5830903790087464,0.3880597014925377,-0.2598343685300209,-1.0,1.0,0.0,0.0
0.07108537364611273,0.0697155091799464,-0.6458116844658581,0.09697976440758613,0.0,-1.0,0.8163265306122449,-0.2537313432835813,0.25879917184265006,0.0,0.0,0.0,0.0
0.4101729277768251,-0.12502953495575103,-0.1263560876069065,-0.08596758663597318,0.0,0.5517241379310345,0.09995835068721366,-3.791044776119403,0.18944099378881965,-1.0,0.0,1.0,0.0
-0.5550896482034516,-0.15364712116470455,0.4510632880343397,0.053013373930558834,0.0,-1.206896551724138,0.38317367763431903,1.2164179104477613,-0.15942028985507248,0.0,0.0,1.0,0.0
2.3364063759822864,1.3089190180550356,-1.693704577691103,-1.1511254072818138,-1.0,0.396551724137931,-0.534777176176593,-2.5522388059701493,-0.5983436853002069,0.0,0.0,0.0,1.0
0.2862519356790985,-0.16744067322100384,0.1992258565203138,-0.16792983662989927,0.0,1.396551724137931,-0.5014577259475218,-2.8059701492537314,-0.31573498964803304,0.0,1.0,0.0,0.0
0.1570925431386542,-0.13369907984269963,-0.21793523266538767,-0.2476331500478344,0.0,1.0344827586206897,0.1499375260308205,-1.559701492537313,0.36024844720496896,0.0,0.0,0.0,1.0
0.5514277025281112,-0.15056410975601608,0.0006334654598993275,-0.011235001277858411,0.0,-0.051724137931034454,-0.4014993752603081,-1.6119402985074622,-0.42443064182194606,-1.0,0.0,0.0,1.0
-0.36063208622294135,0.17979564855580593,-0.05672567418494882,0.1538089530320497,0.0,-1.396551724137931,0.46813827571845057,2.8358208955223887,0.2763975155279501,0.0,0.0,1.0,0.0
-0.37810124079951185,-0.11004542399235781,0.3241949802801513,0.25412261097223093,0.0,-1.396551724137931,0.46813827571845057,2.8358208955223887,0.2763975155279501,0.0,1.0,0.0,0.0
-0.15045715092597503,-0.1942401055235431,-0.7134057143392227,0.2984299949260716,0.0,0.4655172413793104,-0.7163681799250312,1.8507462686567167,-0.531055900621118,-1.0,1.0,0.0,0.0
0.1594701918547063,0.3052410528784625,0.14143198866870157,0.2497425535715525,0.0,-0.603448275862069,-0.7846730528946272,0.10447761194029828,-0.7836438923395445,0.0,0.0,1.0,0.0
-0.5196854038917028,-0.07856652243735747,-0.094666262624854,0.06203086531099477,0.0,-1.5,0.9346105789254476,3.5970149253731347,0.3260869565217391,0.0,1.0,0.0,0.0
-0.4821461971625403,0.2394014395639568,0.22530434554531764,-0.17311346007720727,0.0,0.9310344827586208,0.01832569762598908,1.895522388059702,0.23395445134575557,0.0,0.0,0.0,0.0
-0.5381072147717596,-0.09984417548755359,-0.09512358530843144,0.3950303816501727,0.0,0.5862068965517242,-0.4498125780924615,-0.20149253731343253,-0.2691511387163562,-1.0,1.0,0.0,0.0
-0.45624730923661677,0.09784388406057956,-0.14520584123390223,-0.14984133421568896,0.0,0.12068965517241376,0.13327780091628488,-1.5895522388059702,-0.17908902691511394,-1.0,0.0,0.0,0.0
-0.371063782051378,-0.1773106328994473,0.16502998902693336,-0.10819771436348935,0.0,-0.8448275862068967,-0.9512703040399832,-0.022388059701492064,-1.123188405797101,-1.0,1.0,0.0,0.0
-0.5170665494410145,-0.22251388760615445,0.6414400601545978,-0.18183507880569122,0.0,-0.051724137931034454,-0.7496876301541022,-0.29104477611940277,-0.8623188405797101,-1.0,0.0,0.0,1.0
-0.16941073272325605,-0.20035250476206662,0.271885336102685,0.28195097992786256,0.0,-0.3275862068965517,0.5014577259475218,-0.4701492537313426,0.3022774327122153,0.0,0.0,0.0,0.0
2.6416072253505294,1.3498741519788962,-1.7809221247904583,-2.020647244312274,-1.0,0.6206896551724137,0.9845897542690545,-0.13432835820895436,1.0248447204968942,0.0,1.0,0.0,0.0
0.34771190887021836,0.9703434939220834,-0.9694982734183913,-1.4041604020340746,-1.0,0.5862068965517241,-1.399416909620991,-0.5970149253731336,-1.2546583850931676,-1.0,0.0,0.0,0.0
0.48692305075615316,-0.16669938918297308,0.4781431847845171,-0.2523584883083052,0.0,0.396551724137931,-0.534777176176593,-2.5522388059701493,-0.5983436853002069,0.0,1.0,0.0,0.0
0.44338605211912047,0.11199570259982806,-0.7042815350898316,-0.29438320373557114,0.0,-1.0000000000000002,-0.04997917534360683,0.2686567164179107,-0.3022774327122153,-1.0,0.0,0.0,0.0
-0.014570631305479888,0.36550856665407333,-0.22330501394136157,0.35210368786223306,0.0,-0.603448275862069,-0.5847563515201999,0.43283582089552247,-0.5393374741200828,-1.0,0.0,1.0,0.0
-0.43649279139386044,-0.22181745659982802,0.21692250442610123,0.2687305139311447,0.0,-0.48275862068965514,0.899625156184923,0.126865671641791,0.6521739130434782,-1.0,1.0,0.0,0.0
0.24080998840359027,-0.014573325195725056,0.5916271500810008,-0.0937218315954197,0.0,-0.1724137931034483,0.43481882548937933,5.64179104477612,0.3426501035196686,-1.0,1.0,0.0,0.0
-0.5242356409234438,0.11658863565093347,0.5338025068219818,0.0813446894879166,0.0,-0.1724137931034483,0.4498125780924615,3.8283582089552244,0.28674948240165615,-1.0,0.0,1.0,0.0
0.6104260796133537,4.510836292456849,-1.764691645718069,-1.3864710440873977,-1.0,-0.48275862068965514,0.4498125780924615,-1.7611940298507458,0.2111801242236025,-1.0,1.0,0.0,0.0
-0.533887228513345,0.22786646308083802,0.017075581720143822,-0.1551428202167767,0.0,-0.5517241379310345,-1.517700957934194,0.380597014925373,-1.3633540372670807,-1.0,0.0,0.0,1.0
1.8891219763500449,0.7979258989819472,-0.8213206653380523,-1.6530908182102824,-1.0,-0.06896551724137931,-0.39983340274885465,-0.15671641791044708,-0.3737060041407869,0.0,0.0,1.0,0.0
0.8704843564729573,-0.22614987992391758,0.3011483686637883,0.2937849353752678,0.0,1.0862068965517242,0.299875052061641,-0.1119402985074623,0.45755693581780515,0.0,0.0,0.0,1.0
2.7019074561633367,2.3313816453054046,-1.5186351397084006,-1.4215827821461635,-1.0,-1.2586206896551724,0.23323615160349856,-0.23134328358208928,-0.25672877846790865,0.0,0.0,0.0,0.0
2.6358520557357137,2.164887281796856,-0.7059582870748453,-1.3283641673897566,-1.0,-0.15517241379310343,-0.2832153269471054,0.20895522388059723,-0.2991718426501035,-1.0,0.0,0.0,0.0
0.37706964903851187,0.05944090923495195,-0.06654312896558999,0.3428282304009455,0.0,-0.4137931034482759,0.8179925031236984,1.440298507462687,0.6449275362318837,-1.0,0.0,0.0,1.0
-0.3733563003065429,-0.11996752897541219,-0.4189556319403307,-0.15155679134147493,0.0,-0.7758620689655172,-0.2182423990004164,-0.2686567164179107,-0.5434782608695651,0.0,0.0,1.0,0.0
0.36795028770456295,-0.22269340886693764,0.6279882730131902,0.050663723834979496,0.0,1.0862068965517242,0.5181174510620574,2.0373134328358216,0.7960662525879916,0.0,0.0,1.0,0.0
0.10558448797574112,0.1714965235783962,0.6344779244610406,-0.27831885492219793,0.0,-0.4655172413793104,-0.7180341524364847,0.007462686567164684,-0.8281573498964802,-1.0,1.0,0.0,0.0
3.066454059752379,2.9551034517087826,-2.1123075581209276,-1.036307124391542,-1.0,-0.051724137931034475,0.7163681799250312,-0.261194029850746,0.5600414078674946,0.0,0.0,0.0,0.0
0.8538167927774758,2.905740851531808,-1.0508064060274176,-1.1910437595696295,-1.0,-0.44827586206896547,-0.5181174510620574,-0.08955223880597024,-0.5041407867494825,0.0,0.0,1.0,0.0
0.21742382127903515,-0.22622255215620612,-0.008530726747102658,-0.10741257829964711,0.0,-0.9310344827586208,1.199500208246564,-0.08208955223880555,0.6128364389233955,-1.0,0.0,1.0,0.0
-0.5569137976683927,-0.0018742036638103158,0.7816478634392511,-0.18109258564889705,0.0,0.051724137931034454,0.2182423990004164,0.059701492537313494,0.25672877846790865,-1.0,1.0,0.0,0.0
-0.13868939656852755,-0.14470998979239583,0.6011916919222086,0.08939736893176918,0.0,0.1724137931034483,-0.7180341524364847,-3.977611940298507,-0.6335403726708074,-1.0,0.0,0.0,0.0
0.5112164325627547,-0.2215146053140973,0.3037796024653997,0.30259333690961515,0.0,-1.5517241379310345,0.6997084548104956,3.55223880597015,0.04968944099378893,0.0,0.0,1.0,0.0
0.3250218117571553,0.2126482940075633,-1.6400828498965423,-1.5816718892289063,-1.0,-0.8793103448275862,0.8163265306122449,-0.22388059701492527,0.25879917184265006,0.0,0.0,0.0,0.0
0.33535810241689734,0.2374945237434618,-0.001873022526175653,-0.48278975389500184,0.0,1.0862068965517242,0.534777176176593,0.06716417910447818,0.7650103519668736,0.0,0.0,0.0,1.0
0.32170126897963475,-0.19766015257641267,0.03978950185431057,0.2933044117888572,0.0,-0.5344827586206897,1.1678467305289462,-0.2238805970149246,0.8467908902691511,0.0,0.0,0.0,1.0
-0.23347891700978513,0.1059676518726427,0.2333202023207634,0.3200697146735608,0.0,0.6551724137931034,-1.016243231986672,-0.4253731343283578,-0.9006211180124222,0.0,1.0,0.0,0.0
0.21952824147705347,3.5027126092887797,-1.7233979840165445,-1.1310843431802349,-1.0,-0.5517241379310345,0.43481882548937933,3.1044776119402995,0.5238095238095236,-1.0,0.0,1.0,0.0
-0.2687113833046148,-0.16166483981464327,-0.24518909053115479,0.3893744552563595,0.0,-0.7931034482758622,-0.7163681799250312,0.022388059701492727,-0.8467908902691511,-1.0,0.0,0.0,0.0
0.3920723990882851,2.9831422901338067,-0.8070453577549921,-1.0469885351765806,-1.0,0.12068965517241376,0.13327780091628488,-1.5895522388059702,-0.17908902691511394,-1.0,0.0,1.0,0.0
0.1510826478457981,-0.0659292816076221,0.10475817278405317,0.4050600804144416,0.0,-0.5344827586206897,1.1678467305289462,-0.2238805970149246,0.8467908902691511,0.0,0.0,1.0,0.0
2.00662551103247,5.213825611938619,-1.8154645632575335,-1.1875562466329932,-1.0,-0.3275862068965517,0.26655560183256977,-0.649253731343283,-0.005175983436853148,0.0,0.0,1.0,0.0
-0.08024127851120233,-0.05389893392538061,0.19726446486378443,-0.1536770228101844,0.0,-0.37931034482758624,-0.834652228238234,-0.17164179104477578,-0.8426501035196686,-1.0,0.0,0.0,1.0
0.3328139253174885,-0.04826129845635483,0.38033378386852795,0.20361306064734636,0.0,-0.0689655172413793,0.2182423990004164,3.2462686567164187,0.5445134575569356,-1.0,0.0,0.0,0.0
0.882224660033899,3.957029815765212,-1.2124609412439695,-1.0394132798442,-1.0,0.3448275862068965,0.6847147022074135,-0.007462686567163358,0.7888198757763972,-1.0,0.0,1.0,0.0
-0.3339188969598327,-0.10052148135207455,0.114148211707258,0.5249748219910415,0.0,-1.3275862068965518,0.4831320283215327,-2.0298507462686564,-0.03623188405797101,0.0,1.0,0.0,0.0
3.672204025417981,2.9804859549525156,-1.7135142163223775,-1.243513793411292,-1.0,-0.12068965517241381,-1.5010412328196585,0.3208955223880602,-1.2111801242236024,-1.0,0.0,0.0,1.0
1.6199158891163155,0.5962974980242016,-1.7685042779107765,-1.1693454935351388,-1.0,0.396551724137931,1.2178259058725531,-0.15671641791044708,1.0445134575569357,-1.0,0.0,0.0,0.0
0.34112071895446117,-0.06103317945094765,0.6215352678527278,0.3241642625807415,0.0,-1.3793103448275863,0.014993752603082144,-2.4104477611940296,-0.5952380952380951,0.0,0.0,0.0,0.0
-0.4867516034128622,-0.22464684039559438,0.3517965386106786,-0.42211133762299236,0.0,1.2586206896551724,-0.16659725114535612,-3.9253731343283578,0.15113871635610757,0.0,0.0,0.0,0.0
1.6761244861414453,2.3045286293964558,-1.8220585521909642,-0.7346972679850355,-1.0,-0.4655172413793104,-0.751353602665556,-0.029850746268656747,-0.7846790890269151,0.0,0.0,0.0,0.0
1.2925186335899586,7.024130251763231,-1.3974121521992697,-0.6303517413918308,-1.0,1.2586206896551724,-0.031653477717617756,0.44029850746268717,0.5248447204968941,0.0,1.0,0.0,0.0
0.5226059822222082,-0.015029341221889593,0.7816478634392511,0.14957393840396124,0.0,-1.2586206896551724,-0.0016659725114534663,-0.41044776119402976,-0.564182194616977,0.0,1.0,0.0,0.0
2.252584181778569,0.4841949495970192,-1.340329058966546,-1.4802552898079888,-1.0,0.48275862068965514,-0.24989587671803415,2.1268656716417915,0.032091097308488546,-1.0,0.0,1.0,0.0
-0.45360942667692794,-0.10568612603287929,-0.2116116148180465,-0.26764646845668394,0.0,0.1724137931034483,-0.5830903790087464,0.3880597014925377,-0.2598343685300209,-1.0,1.0,0.0,0.0
0.7400779009104494,-0.2182135784734564,-0.12451585273701529,0.5828878518666474,0.0,1.206896551724138,-0.8996251561849228,-4.231343283582089,-0.6915113871635611,0.0,0.0,0.0,1.0
0.7090850960826344,1.1781585574820208,-1.5074752894520314,-1.8835087575918943,-1.0,-1.0862068965517242,-0.33319450229071224,0.1417910447761197,-0.4968944099378881,0.0,1.0,0.0,0.0
1.4994966334928672,4.74565063064813,-2.2035555605810733,-1.71119822275111,-1.0,-0.4655172413793104,0.68304872969596,-1.8208955223880592,0.4917184265010351,-1.0,0.0,1.0,0.0
-0.38814511137841473,-0.19504522124587945,-0.09222638321956199,-0.2512541860479841,0.0,-0.9827586206896552,0.5497709287796749,1.8955223880597016,0.4430641821946167,0.0,0.0,0.0,1.0
3.007421348547111,3.0393975996272116,-0.4848866639830667,-0.5141260849982886,-1.0,-0.5344827586206897,1.1678467305289462,-0.2238805970149246,0.8467908902691511,0.0,1.0,0.0,0.0
2.909726184853739,2.0296790411236816,-1.8126452392738293,-0.33557680411076224,-1.0,-1.4310344827586208,0.6997084548104956,3.582089552238806,0.04968944099378893,0.0,0.0,0.0,0.0
0.19495268246387396,0.08789112783851766,0.31070227912139886,0.05221267425789855,0.0,-1.2586206896551724,0.13327780091628488,3.955223880597015,-0.1904761904761905,0.0,0.0,1.0,0.0
-0.418207048220437,-0.027756608553319226,0.3206243058845325,0.4796788997703854,0.0,0.10344827586206898,-0.4831320283215327,-0.7462686567164173,-0.06935817805383039,-1.0,0.0,0.0,1.0
-0.25585700855301563,-0.11602118604667659,-0.023134399782263403,0.19420627659478706,0.0,-0.0689655172413793,-0.031653477717617756,4.880597014925374,0.29296066252587966,-1.0,0.0,1.0,0.0
0.2536140671524696,-0.07741166821867948,0.061864975317952924,-0.01027249148057669,0.0,1.2586206896551724,-0.031653477717617756,0.44029850746268717,0.5248447204968941,0.0,0.0,0.0,1.0
-0.07232059471838606,0.03353931123756331,-0.4635106371635214,0.28941804591596937,0.0,-0.3448275862068965,-0.7180341524364847,0.03731343283582077,-0.8281573498964802,-1.0,0.0,1.0,0.0
-0.3453456354364653,0.6237726452601243,-1.8862273880036435,-1.3785748160247862,-1.0,0.0,-0.2515618492294876,-0.16417910447761178,-0.32712215320910987,-1.0,0.0,1.0,0.0
-0.1469003467217515,-0.025009355500244836,0.631821388901088,0.022406292232427554,0.0,-1.3275862068965518,0.24989587671803415,-2.3656716417910446,-0.31884057971014496,0.0,0.0,1.0,0.0
0.5813195939965681,0.0152610885321886,0.5739571829674674,0.28157054942374987,0.0,0.1724137931034483,-0.46813827571845057,-5.611940298507462,-0.3819875776397515,-1.0,0.0,0.0,0.0
-0.21499447818913175,-0.21810545841109114,-0.2637287255801557,0.13487030286396134,0.0,-0.9137931034482759,0.6997084548104956,-0.4328358208955218,0.24430641821946159,0.0,0.0,0.0,0.0
-0.4879184896967924,-0.018000392583031943,-0.10545162455549835,0.053529651739308286,0.0,0.12068965517241381,1.4677217825905873,-0.29104477611940277,1.1718426501035195,-1.0,0.0,0.0,1.0
-0.24814803562983262,-0.1668543457345098,-0.06405297118980764,0.1466275490147797,0.0,-1.206896551724138,0.38317367763431903,1.2164179104477613,-0.15942028985507248,0.0,0.0,0.0,0.0
-0.10775270695245738,-0.11260801112330096,0.5348505832080567,-0.06596714522674514,0.0,0.2931034482758621,-0.5830903790087464,0.4179104477611938,-0.2598343685300209,-1.0,1.0,0.0,0.0
0.8195733749175282,-0.08094500029256672,0.4840262843247697,0.17918052100609502,0.0,-0.7241379310344828,-0.9512703040399832,0.007462686567164021,-1.123188405797101,-1.0,0.0,0.0,0.0
0.36152306519201927,1.7381432599492084,-0.24678616079916013,-1.4658539437305063,-1.0,-0.5344827586206896,0.6680549770928779,3.0447761194029863,0.8043478260869562,-1.0,0.0,0.0,0.0
-0.1049332386078627,0.3799673803886259,0.35321187745957305,0.3589450402610806,0.0,0.1724137931034483,-0.5830903790087464,0.3880597014925377,-0.2598343685300209,-1.0,1.0,0.0,0.0
-0.4754077989354935,-0.04145025880553803,0.6205452734790704,0.3142143578412167,0.0,1.0344827586206897,0.1499375260308205,-1.559701492537313,0.36024844720496896,0.0,0.0,0.0,0.0
0.5570519320994985,-0.12619168652679777,0.287645193075038,0.24389655840186505,0.0,-1.0,-0.06663890045814244,3.0000000000000004,0.03933747412008263,0.0,0.0,0.0,1.0
0.8366574225393042,0.023841904499634286,0.11140072306809586,0.1538391061773785,0.0,0.017241379310344824,-1.6676384839650145,-0.14179104477611904,-1.4565217391304346,0.0,0.0,0.0,1.0
-0.4554830434539486,-0.21525419300822768,-0.1640494155228198,-0.09496042730039152,0.0,0.4655172413793104,0.6847147022074135,0.022388059701492727,0.7888198757763972,-1.0,1.0,0.0,0.0
-0.0004284549997439262,-0.0468418611254541,0.28989460010040974,0.4891614484934797,0.0,0.48275862068965514,-0.4831320283215327,1.791044776119403,-0.2505175983436854,-1.0,0.0,0.0,1.0
1.3574576455907619,3.4160515242370395,-1.1938338906011663,-0.7078848579500595,-1.0,-1.0,0.8163265306122449,-0.2537313432835813,0.25879917184265006,0.0,0.0,0.0,1.0
-0.4117917489540048,0.11095447704266771,0.07947564993933909,-0.3074556921791364,0.0,0.3275862068965517,-0.3165347771761766,0.1940298507462692,0.01966873706004117,-1.0,0.0,1.0,0.0
-0.18654814084092422,-0.18584816385625513,-0.022783252896951055,0.3525520226935852,0.0,-0.793103448275862,-0.45147855060391495,-0.20895522388059723,-0.8240165631469977,0.0,0.0,0.0,0.0
0.6971279022407859,1.856776583014353,-2.064376939998054,-1.5825086546446954,-1.0,0.3275862068965517,-0.3165347771761766,0.1940298507462692,0.01966873706004117,-1.0,0.0,0.0,0.0
-0.08489154157681311,-0.13280387597770654,0.5371083517928764,-0.05586510539143268,0.0,0.6206896551724137,0.9845897542690545,-0.13432835820895436,1.0248447204968942,0.0,0.0,0.0,0.0
0.12118045416491206,-0.11567490286271691,0.19365267152798618,0.10731093187513602,0.0,0.12068965517241376,0.13327780091628488,-1.5895522388059702,-0.17908902691511394,-1.0,0.0,0.0,0.0
0.9376948209420913,2.991255539348549,-0.7548029558356588,-1.707149609739606,-1.0,0.9310344827586208,0.2515618492294876,-0.2238805970149246,0.5393374741200825,-1.0,0.0,0.0,0.0
0.18139493426185002,2.4585781602840844,-1.5450698736152908,-0.8351678033864158,-1.0,-0.5172413793103449,-0.982923781757601,2.8880597014925384,-0.6325051759834369,0.0,0.0,0.0,1.0
-0.10207307234842025,-0.2275677572821643,0.027601339402068662,0.19216120463756337,0.0,-0.37931034482758624,-0.8179925031236984,-2.1417910447761193,-0.8737060041407866,-1.0,1.0,0.0,0.0
1.6166707198638752,-0.1030283136702469,0.23717781124614193,0.08876929987607626,0.0,0.5344827586206897,-1.5510204081632653,0.27611940298507476,-1.1066252587991716,0.0,0.0,0.0,0.0
0.1873317212788929,1.1914414972797298,-1.7255893301394978,-0.7795069121718041,-1.0,-0.5344827586206897,0.9496043315285299,-2.3731343283582085,0.5082815734989645,0.0,0.0,1.0,0.0
-0.18311678545492768,-0.20938358218366077,0.1592566462040174,0.23669759538297339,0.0,0.10344827586206898,-0.4831320283215327,-0.7462686567164173,-0.06935817805383039,-1.0,1.0,0.0,0.0
1.6437045545386686,3.8569883969541774,-2.3436495159095916,-1.5168357677819755,-1.0,-0.5517241379310345,-0.13327780091628488,3.82089552238806,-0.22877846790890258,-1.0,0.0,0.0,1.0
0.4905127904030103,0.24253298184137492,0.1308215735628076,-0.11766387211123337,0.0,0.7068965517241379,-1.6676384839650145,-3.5597014925373136,-1.1925465838509315,0.0,1.0,0.0,0.0
-0.3558574777811234,-0.09550578407938089,0.740153692415917,0.503168141403213,0.0,1.2586206896551724,-0.26655560183256977,0.2611940298507467,0.21739130434782575,0.0,0.0,1.0,0.0
-0.4504875114013325,0.04952949621682622,0.32865900852291047,0.13284277891288446,0.0,0.9310344827586208,0.2515618492294876,2.23134328358209,0.5165631469979295,0.0,1.0,0.0,0.0
0.9245102968138289,1.5675697237378285,0.04289148183309064,-0.3589305137845462,-1.0,1.1551724137931034,0.299875052061641,-3.1641791044776117,0.20082815734989648,0.0,0.0,1.0,0.0
-0.2442367937197235,-0.22613792799077545,-0.16764299393173307,0.1829190267442576,0.0,0.9137931034482759,-0.7496876301541024,2.432835820895523,-0.2525879917184265,0.0,1.0,0.0,0.0
0.02288602193138637,3.208936995415589,-1.0883629965493269,-1.1323768818854825,-1.0,-0.12068965517241376,-0.16659725114535612,1.6194029850746277,0.13975155279503101,-1.0,0.0,0.0,1.0
-0.5004868697803334,-0.15985105097125063,0.44688202407804994,0.4836951818039599,0.0,-0.896551724137931,-0.2182423990004164,-0.2985074626865668,-0.5434782608695651,0.0,0.0,0.0,0.0
0.13454431723513036,-0.18874927468389996,0.34138396795499726,0.23833881351818936,0.0,-1.0344827586206897,0.41482715535193654,-1.3656716417910446,0.28985507246376807,0.0,0.0,0.0,0.0
-0.2820311942869798,0.8537175889480382,-0.8369485673286642,-1.5894784686449648,-1.0,0.37931034482758624,0.5514369012911287,1.8358208955223885,0.5517598343685297,-1.0,0.0,0.0,0.0
-0.1267736407675933,-0.1176839120528213,0.23030323475619033,-0.09716520020278704,0.0,-0.8620689655172414,1.0845481049562682,1.1940298507462692,0.6490683229813662,0.0,0.0,1.0,0.0
-0.3877855991496801,-0.2035963078362623,0.207828100927574,0.11865292493861272,0.0,0.5344827586206896,-0.7013744273219491,-3.0149253731343286,-0.8436853002070391,-1.0,0.0,0.0,1.0
0.6238888323415668,-0.2186216544304723,0.04332684994198261,0.04510397477557168,0.0,-0.7758620689655172,-0.2182423990004164,-0.2686567164179107,-0.5434782608695651,0.0,0.0,0.0,1.0
0.1453239695990155,-0.07193712801245371,-0.1256895996204543,0.06755973060143518,0.0,-0.37931034482758624,-0.5847563515201999,-1.8059701492537312,-0.5910973084886126,-1.0,0.0,1.0,0.0
-0.257084877515151,-0.06397076283237818,0.2746119839738035,0.1295081195984443,0.0,0.0,0.2182423990004164,0.1940298507462692,0.28778467908902694,-1.0,0.0,1.0,0.0
0.8255904486702815,3.036296316246002,-0.8611927497707266,-1.4762646365747594,-1.0,0.9310344827586208,0.01832569762598908,1.895522388059702,0.23395445134575557,0.0,0.0,0.0,1.0
-0.08944950069884572,2.287804207908436,-1.5601709708301879,-1.1445777803976391,-1.0,-0.4655172413793104,-0.751353602665556,-0.029850746268656747,-0.7846790890269151,0.0,0.0,1.0,0.0
1.5168341409161894,2.2856097794427996,-0.8961033347087507,-1.1549155819015466,-1.0,0.13793103448275862,-0.1832569762598917,-0.44776119402985054,-0.2650103519668737,0.0,0.0,0.0,0.0
0.27152810321343945,-0.1206124528954013,0.31840310202670463,0.0024399313232777156,0.0,0.3275862068965517,-0.299875052061641,0.6791044776119405,-0.034161490683229774,0.0,0.0,1.0,0.0
-0.4757486317816606,-0.1968440185329458,-0.010160396899535058,0.26520373704598027,0.0,1.2586206896551724,-0.28154935443565193,2.0746268656716427,0.2732919254658382,0.0,0.0,1.0,0.0
3.2617799718912024,1.5326007544943152,-1.4918753850545934,-1.6999198893372516,-1.0,-0.15517241379310348,-0.08329862557267806,0.5373134328358214,-0.05486542443064178,0.0,0.0,0.0,1.0
1.2858945659756427,0.8001994333093687,-1.5787082182078038,-1.223083376178826,-1.0,0.0689655172413793,-0.01665972511453561,-3.0373134328358207,-0.2763975155279501,-1.0,0.0,0.0,1.0
3.10981234405847,6.10709989802484,-0.6583260357503923,-1.430284050850476,-1.0,0.44827586206896547,0.4847980008329862,0.11940298507462764,0.46480331262939956,0.0,0.0,1.0,0.0
1.9725626602482613,3.114660759843334,-0.9331439789451589,-0.5978169914513664,-1.0,0.4655172413793104,-0.7163681799250312,1.8507462686567167,-0.531055900621118,-1.0,0.0,0.0,0.0
0.9212609850762716,3.586668786387844,-1.178798506460149,-0.8011567314104948,-1.0,0.4482758620689655,-0.2832153269471054,0.2611940298507467,-0.023809523809523923,0.0,0.0,1.0,0.0
1.143992107552686,0.16386902305683043,-2.3436495159095916,-1.313236640652952,-1.0,-1.5517241379310345,0.6997084548104956,3.55223880597015,0.04968944099378893,0.0,0.0,0.0,0.0
0.7613960821197561,-0.04537917908376016,-0.16588809392393075,-0.2795513062243249,0.0,-0.0689655172413793,0.2182423990004164,3.2462686567164187,0.5445134575569356,-1.0,0.0,1.0,0.0
-0.26066389965432524,-0.16776520080114446,-0.3089589142038608,0.10723531240729138,0.0,0.37931034482758624,0.21657642648896294,0.044776119402985454,0.2753623188405795,-1.0,0.0,0.0,0.0
0.5448359807822397,0.2024678909369732,-0.02949943951055645,0.08370485343641622,0.0,-0.4482758620689655,-0.9679300291545189,-1.9776119402985068,-0.9451345755693581,0.0,1.0,0.0,0.0
0.4391180491297224,2.3853327397255173,-0.536773881757299,-1.4611658504250014,-1.0,0.7758620689655172,0.18492294877134519,0.29850746268656814,0.5041407867494822,0.0,1.0,0.0,0.0
-0.31208509925985656,-0.09048231529796655,0.12914566644454764,0.3378658346550489,0.0,0.4655172413793104,-0.4664723032069971,0.21641791044776124,-0.27950310559006203,-1.0,1.0,0.0,0.0
0.39691029455806853,-0.08325558242224822,0.38879654863711727,0.2508243768100631,0.0,0.0,-0.0016659725114534663,-1.7985074626865671,-0.07556935817805394,-1.0,0.0,1.0,0.0
2.152235537267993,1.4767679073440605,-1.635916913046078,-0.7536689676116023,-1.0,-0.8793103448275862,0.8163265306122449,-0.22388059701492527,0.25879917184265006,0.0,1.0,0.0,0.0
-0.3400163183114851,-0.1495389773044529,-0.11816778521856022,0.3107871728330703,0.0,-0.9827586206896552,0.5497709287796749,1.8955223880597016,0.4430641821946167,0.0,0.0,0.0,1.0
-0.009969080442575632,-0.14642523476586017,0.11825502121396547,0.6014156168725688,0.0,0.44827586206896547,0.5664306538942108,-3.029850746268657,0.2391304347826086,-1.0,0.0,0.0,0.0
-0.5196037003017125,-0.21692688387804335,0.28649555245810343,-0.08296463456507308,0.0,0.4655172413793104,0.7180341524364847,0.05970149253731415,0.7453416149068322,0.0,0.0,0.0,1.0
-0.14566858279806816,-0.12734249577658815,0.4965353441101775,-0.23368421543915563,0.0,-0.603448275862069,-0.5847563515201999,0.43283582089552247,-0.5393374741200828,-1.0,0.0,0.0,1.0
-0.437537536321456,-0.1541471398657352,-0.15044590261099872,-0.3681773802509543,0.0,-0.06896551724137938,0.2182423990004164,0.02985074626865741,0.25672877846790865,-1.0,1.0,0.0,0.0
-0.4042782543485566,-0.14754394226001338,0.7816478634392511,0.17371105889198937,0.0,-0.603448275862069,-0.7846730528946272,0.10447761194029828,-0.7836438923395445,0.0,0.0,0.0,0.0
-0.40240839293283664,-0.15015383416744046,-0.6466591522423202,0.21024679859197604,0.0,0.0,-0.03331945022907122,1.9850746268656723,0.011387163561076543,-1.0,0.0,0.0,1.0
0.7609732856910463,4.4279636858148494,-1.8138481418598593,-1.2554988814171693,-1.0,0.3448275862068965,0.6847147022074135,-0.007462686567163358,0.7888198757763972,-1.0,0.0,0.0,0.0
-0.2099188388446375,-0.2174493725439574,0.5733277806818755,0.08823040894923526,0.0,1.3793103448275863,-0.031653477717617756,0.47014925373134325,0.5248447204968941,0.0,0.0,0.0,1.0
-0.21188589956695758,-0.07336660462715201,-0.001040736328943674,-0.08552858170256154,0.0,-0.4655172413793104,0.68304872969596,-1.8208955223880592,0.4917184265010351,-1.0,0.0,1.0,0.0
-0.4172909399763282,0.0021747929420786664,0.5351448757580111,-0.03095326077881423,0.0,0.4482758620689655,0.9496043315285299,0.19402985074626852,0.8498964803312626,0.0,0.0,0.0,1.0
-0.35207982339921123,0.8793696770437883,0.3681360807270551,0.15991497204345037,0.0,-0.37931034482758624,-0.834652228238234,-0.17164179104477578,-0.8426501035196686,-1.0,0.0,1.0,0.0
-0.5411514737061559,-0.16551779934852004,0.47672878400754726,-0.16983160497639035,0.0,0.9137931034482759,-0.7496876301541024,2.432835820895523,-0.2525879917184265,0.0,1.0,0.0,0.0
-0.2111666514503288,-0.1617184965905073,-0.1952797269867145,-0.05699516076829025,0.0,1.0344827586206897,-0.19825072886297362,-0.2388059701492533,-0.07763975155279501,0.0,0.0,0.0,1.0
0.25391473565208666,0.278294581617138,0.31816635662641857,0.13079543595708967,0.0,0.10344827586206898,-1.051228654727197,-0.029850746268656747,-0.8219461697722565,-1.0,0.0,1.0,0.0
0.2830307017778236,0.011535890779826316,0.3713401673290899,-0.24559807011234833,0.0,0.32758620689655177,0.41649312786339027,-1.4253731343283578,0.39855072463768104,-1.0,0.0,0.0,0.0
0.9438098624532162,0.32942765914890826,0.7816478634392511,0.0602775268321465,0.0,-0.4655172413793104,0.4331528529779259,-0.18656716417910382,0.24016563146997913,-1.0,1.0,0.0,0.0
0.8523298176068055,1.190666405746222,-0.5595979309541329,-1.0172497637100604,-1.0,-0.2931034482758621,0.05164514785506053,-0.649253731343283,-0.34575569358178054,-1.0,0.0,0.0,0.0
0.10812069788307214,-0.17064929981742696,0.4419501672624227,-0.05755801797151946,0.0,0.4310344827586207,-0.5164514785506039,0.3208955223880602,-0.3043478260869565,0.0,0.0,0.0,0.0
-0.1500592011482357,3.3116304677038313,-1.5301073801893146,-1.2794744411756962,-1.0,0.27586206896551724,-0.6847147022074135,-0.9477611940298505,-0.43892339544513437,0.0,0.0,0.0,0.0
-0.4356457079553413,-0.1153560205264389,0.4583588388559699,0.7466033882093753,0.0,-0.06896551724137931,-0.39983340274885465,-0.15671641791044708,-0.3737060041407869,0.0,0.0,0.0,0.0
-0.5387589519493823,0.10489186868479544,0.4137510050735878,0.5998214807793496,0.0,-1.2758620689655173,0.618075801749271,1.2313432835820899,0.11697722567287765,0.0,0.0,0.0,1.0
-0.25416453656672633,-0.044000968823629,-0.10845774684125967,-0.31514003594735307,0.0,-0.051724137931034454,-0.4014993752603081,-1.6119402985074622,-0.42443064182194606,-1.0,0.0,0.0,0.0
0.005295090373886809,-0.23272164047161273,-0.7053228845357259,0.04244817092527752,0.0,0.017241379310344845,0.21657642648896294,-0.04477611940298479,0.26086956521739113,-1.0,0.0,0.0,0.0
-0.44222256229339985,-0.03990202954633477,-0.664328710860319,-0.11870846406747608,0.0,0.5,-1.00124947938359,-3.3134328358208953,-0.6480331262939958,0.0,0.0,0.0,0.0
2.3052458997324927,3.369768576171363,-2.3436495159095916,-1.133454217224002,-1.0,-0.5862068965517241,1.3660974593919197,0.626865671641791,1.2153209109730847,-1.0,1.0,0.0,0.0
0.14713844979131363,-0.08078862597385471,-0.04799452301283742,-0.3121353751321182,0.0,-0.4655172413793104,-0.751353602665556,-0.029850746268656747,-0.7846790890269151,0.0,0.0,0.0,1.0
0.2567865558967023,3.8624970467724458,-1.9348191398083059,-1.4964300856746307,-1.0,-0.4482758620689655,0.2832153269471054,-0.19402985074626786,-0.05900621118012409,-1.0,1.0,0.0,0.0
0.5922213736607211,-0.08131339597076781,0.21691354412345376,0.38295157887117637,0.0,0.9310344827586208,0.2682215743440232,0.2611940298507467,0.48550724637681153,0.0,0.0,0.0,1.0
-0.09459364138782732,-0.12646580170867525,0.37491399953102567,-0.14641752647918393,0.0,1.4482758620689655,-0.26655560183256977,-2.761194029850747,-0.03933747412008293,0.0,0.0,0.0,1.0
0.4118702085170875,-0.061430232958078104,-0.26951598455021875,-0.16608761765852262,0.0,0.10344827586206898,-0.4831320283215327,-0.7462686567164173,-0.06935817805383039,-1.0,1.0,0.0,0.0
-0.33043073975217896,-0.08020037159139863,0.15973462710483308,0.48028059728539546,0.0,0.793103448275862,0.4181591003748437,0.23880597014925464,0.7846790890269147,0.0,1.0,0.0,0.0
-0.3891533255645137,-0.1844681103158183,0.10678409396316829,0.2767679989090172,0.0,0.1724137931034483,-0.7013744273219491,-5.947761194029852,-0.6645962732919255,-1.0,1.0,0.0,0.0
0.11782985551222848,-0.1829303302583662,0.45241295087945904,0.1651586736886831,0.0,-0.5172413793103449,-0.982923781757601,2.8880597014925384,-0.6325051759834369,0.0,0.0,0.0,0.0
-0.46440030004302674,-0.21178586311554826,0.2944398362883358,-0.01263550931121312,0.0,-0.051724137931034454,-0.2515618492294876,-0.029850746268656084,-0.2960662525879916,-1.0,0.0,0.0,1.0
1.6388236116658008,3.782416302084129,-1.58313525083617,-1.1150088373800306,-1.0,-0.15517241379310343,-0.2832153269471054,0.20895522388059723,-0.2991718426501035,-1.0,0.0,0.0,0.0
1.9016997725560914,1.9433609451850082,-2.084097590286606,-0.8904820123146411,-1.0,0.5517241379310345,1.4843815077051228,-0.3507462686567156,1.3240165631469978,-1.0,0.0,0.0,1.0
-0.40483105786886237,-0.1468363950486707,0.31468604284212337,0.11224310509750447,0.0,0.4482758620689655,-0.2832153269471054,0.2611940298507467,-0.023809523809523923,0.0,0.0,0.0,0.0
-0.5121738556425691,0.21991986258826968,0.621057344444392,-0.14939520532105904,0.0,-0.05172413793103449,-1.1178675551853394,0.49253731343283597,-0.8571428571428569,0.0,0.0,1.0,0.0
1.2923225648626675,-0.15225677861506146,0.281458657084832,0.10134529938858766,0.0,-0.2931034482758621,0.05164514785506053,-0.649253731343283,-0.34575569358178054,-1.0,1.0,0.0,0.0
-0.1418861724985041,-0.1353740137919621,0.20464415692095397,-0.06906665130541706,0.0,0.5172413793103449,0.9496043315285299,-2.8582089552238807,0.593167701863354,0.0,1.0,0.0,0.0
-0.36857197847461964,-0.19481413414904364,0.43214474082470966,0.3789610686198387,0.0,1.0000000000000002,0.01665972511453561,-0.2388059701492533,0.2629399585921324,-1.0,0.0,0.0,0.0
-0.5102533511975148,0.12304319666834318,0.13755970916292146,0.3059832986676866,0.0,-0.06896551724137931,0.4831320283215327,-0.20149253731343253,0.279503105590062,0.0,0.0,1.0,0.0
5.376224941990309,4.062803058649802,-1.409552593134706,-1.2554427928277876,-1.0,-1.3793103448275863,0.23323615160349856,-0.26119402985074536,-0.25672877846790865,0.0,0.0,0.0,1.0
0.06375847583849874,0.2227430786396253,-0.010691812013781513,-0.06038223164438497,0.0,-0.9310344827586208,-0.051645147855060296,-1.8656716417910446,-0.2732919254658385,0.0,0.0,0.0,1.0
2.60133086273061,1.0981049301051573,-1.0604379220790128,-1.1884789345050248,-1.0,-0.9310344827586208,-0.28488129945855883,-2.201492537313433,-0.5559006211180124,0.0,0.0,0.0,1.0
-0.21290942328517043,-0.22435958130745967,-0.23501129817082905,0.10246248664674988,0.0,1.396551724137931,-0.5014577259475218,-2.8059701492537314,-0.31573498964803304,0.0,0.0,0.0,0.0
-0.4688468971155538,0.3793853709543196,0.12384401821574213,0.28115185878004406,0.0,1.4310344827586208,-0.7330279050395668,-3.552238805970149,-0.08902691511387185,0.0,1.0,0.0,0.0
-0.08767034782879354,5.217978522384273,-0.9775455509142698,-1.0008717961964548,-1.0,0.15517241379310343,0.24989587671803415,-0.17910447761193982,0.25983436853002057,-1.0,0.0,1.0,0.0
-0.04316965786062144,-0.20974368838441063,0.2356198630727036,0.13392252103437785,0.0,-0.4310344827586207,0.5847563515201999,1.5000000000000007,0.36438923395445116,-1.0,0.0,0.0,0.0
-0.2588386297723316,-0.17632460866592,0.48509519193394773,0.34302874526157284,0.0,-0.22413793103448273,0.299875052061641,2.3805970149253737,0.18944099378881996,-1.0,1.0,0.0,0.0
0.030290062253204686,0.26802184675536084,-0.22156166575024455,0.06010464916364643,0.0,0.051724137931034454,0.2182423990004164,0.059701492537313494,0.25672877846790865,-1.0,0.0,0.0,0.0
-0.5317897331279902,-0.19992944229349321,-0.4528743417392663,-0.06020980938979676,0.0,-0.44827586206896547,-0.599750104123282,3.059701492537314,-0.2784679089026915,-1.0,0.0,0.0,0.0
-0.14318664788766053,0.12127041582655133,-0.09648586228675406,-0.0030914116264955556,0.0,0.48275862068965514,-0.46813827571845057,-0.022388059701492727,-0.3064182194616979,-1.0,0.0,1.0,0.0
1.1880599166146828,0.043252625576683114,-0.3818136181286713,0.06137081950959627,0.0,-0.4137931034482759,0.8179925031236984,1.440298507462687,0.6449275362318837,-1.0,1.0,0.0,0.0
1.149359529497774,0.025222884393165904,0.1766055563178972,0.2318563746735604,0.0,0.603448275862069,-1.2011661807580174,-2.7985074626865676,-1.1428571428571426,0.0,1.0,0.0,0.0
0.7800500192931777,-0.22234426343123073,0.16292395670190551,0.04751275853577487,0.0,-0.5862068965517241,1.3660974593919197,0.626865671641791,1.2153209109730847,-1.0,0.0,0.0,0.0
0.594565544485951,2.457544979491526,-1.296335959180338,-0.8541690468770906,-1.0,0.5,0.7513536026655562,-0.6567164179104471,0.481366459627329,-1.0,0.0,0.0,1.0
-0.14545410613380383,-0.19289575723166033,0.1861969785938912,0.3529951575301498,0.0,-0.5344827586206897,1.1678467305289462,-0.2238805970149246,0.8467908902691511,0.0,0.0,0.0,1.0
-0.49358053136623653,-0.12717797778300888,-0.06758387201225914,0.2538317412447422,0.0,-0.3965517241379311,-0.8329862557267805,1.2835820895522394,-0.7919254658385094,0.0,0.0,0.0,1.0
0.35902245816388617,-0.01336914366305064,0.19420857001636618,0.09430112582739889,0.0,1.2586206896551724,-0.16659725114535612,-3.9253731343283578,0.15113871635610757,0.0,0.0,0.0,1.0
0.47933750086217364,6.338914441546017,-1.2871221661618557,-1.6126836435773682,-1.0,-0.4655172413793104,0.6680549770928779,-0.007462686567163358,0.5476190476190476,-1.0,0.0,0.0,0.0
0.3438261602024033,0.0833143413415567,-0.5989017934210691,-1.5705834171002295,-1.0,-0.4482758620689655,-0.982923781757601,-0.1641791044776111,-0.8892339544513456,0.0,0.0,0.0,1.0
2.074046455723509,5.9539780287129425,-0.9357429247965255,-1.4792890068616729,-1.0,-1.103448275862069,0.3998334027488544,3.5000000000000004,0.6024844720496891,0.0,0.0,0.0,1.0
0.21998118504013256,3.6012651200472336,-1.485760372571108,-1.3620639518596114,-1.0,-0.05172413793103449,-1.1178675551853394,0.49253731343283597,-0.8571428571428569,0.0,0.0,0.0,0.0
0.45221306936844313,0.28412641133431127,0.10992350296176721,0.23906214997603592,0.0,0.8448275862068967,0.917950853810912,0.052238805970149474,1.0838509316770182,-1.0,1.0,0.0,0.0
0.7299965479120972,-0.19520873662378047,0.3153324518012775,0.4530058795608388,0.0,0.37931034482758624,0.7846730528946272,2.171641791044777,0.8343685300207037,-1.0,0.0,1.0,0.0
-0.4581930370481785,-0.14404691881328197,0.2798951312182448,0.18752331883814685,0.0,0.051724137931034454,0.3681799250312369,1.6417910447761197,0.38509316770186314,-1.0,0.0,0.0,1.0
-0.3869243251589313,-0.12196607984911262,0.047561764309256065,0.28281471942084924,0.0,-0.5172413793103449,-0.982923781757601,2.8880597014925384,-0.6325051759834369,0.0,0.0,0.0,0.0
-0.29479018241560284,0.1848825889598087,0.2330878045151749,-0.26001430707189954,0.0,0.6551724137931034,-1.016243231986672,-0.4253731343283578,-0.9006211180124222,0.0,1.0,0.0,0.0
2.3443448287099296,2.440857919348834,-0.7231669390316445,-1.660514632311086,-1.0,0.5344827586206897,-1.2011661807580174,0.253731343283582,-0.886128364389234,0.0,0.0,0.0,1.0
-0.24296140216738701,0.19830585033366444,0.4023299676114099,0.16933218963707977,0.0,-1.0,-0.06663890045814244,3.0000000000000004,0.03933747412008263,0.0,1.0,0.0,0.0
-0.2501613462048679,-0.13745520259259925,0.03814459422258122,0.07866368088933026,0.0,0.051724137931034454,0.11828404831320274,3.2761194029850746,0.13354037267080718,-1.0,0.0,0.0,0.0
-0.17753269370631142,2.6034202000440874,-1.4096374180414548,-1.2343288385439268,-1.0,-0.396551724137931,-1.2511453561016244,0.1865671641791045,-1.0838509316770186,-1.0,1.0,0.0,0.0
-0.5065654415004126,-0.16482861410176142,0.1816406965075809,-0.0852411516128883,0.0,0.7068965517241379,-0.2832153269471054,-0.11940298507462632,-0.05797101449275355,0.0,1.0,0.0,0.0
0.27203258152085347,-0.19200021645238094,0.2996243762760505,0.06264862376757188,0.0,-1.3275862068965518,0.24989587671803415,-2.3656716417910446,-0.31884057971014496,0.0,0.0,1.0,0.0
-0.02155501284522857,-0.19317130594041387,-0.22499497441624183,0.12870989376360562,0.0,0.7068965517241379,-1.6676384839650145,-3.5597014925373136,-1.1925465838509315,0.0,1.0,0.0,0.0
-0.19106313013460755,0.008461132986090568,0.12303931328074057,0.046935053291231085,0.0,-0.5344827586206897,1.1828404831320283,-2.0373134328358202,0.7908902691511386,0.0,0.0,1.0,0.0
-0.5311187980511731,0.3497438539591306,0.13012621416320105,0.17326024545424332,0.0,-1.0862068965517242,-0.31820074968763007,-1.671641791044776,-0.5527950310559006,0.0,1.0,0.0,0.0
1.4941886519419005,6.276178043481047,-0.752371279754724,-1.457660747597619,-1.0,1.2586206896551724,-0.28154935443565193,2.0746268656716427,0.2732919254658382,0.0,0.0,0.0,0.0
-0.5072137738095766,0.11195000731816812,0.37861718103159564,0.07666308477602876,0.0,-0.7068965517241379,0.24989587671803415,0.14925373134328374,0.018633540372670628,0.0,0.0,0.0,1.0
-0.16774416392124744,-0.1522571578030093,-0.1781370756316176,-0.040168121403068795,0.0,-0.4482758620689655,0.24989587671803415,-0.23134328358208928,-0.015527950310559003,0.0,1.0,0.0,0.0
-0.2867354958346421,0.19291548073980913,-0.13662071546848095,0.04651209400514712,0.0,0.396551724137931,-0.534777176176593,-2.5522388059701493,-0.5983436853002069,0.0,0.0,0.0,0.0
0.9528951187158577,2.6821051167399275,-0.07598494560336079,-1.1182795082370889,-1.0,-1.206896551724138,0.38317367763431903,1.2164179104477613,-0.15942028985507248,0.0,1.0,0.0,0.0
-0.00766764031284137,-0.11266182529009706,0.14912800009947744,0.302510851554301,0.0,0.5344827586206897,-1.2161599333610995,2.067164179104478,-0.8302277432712215,0.0,0.0,0.0,1.0
0.9722419098666933,-0.19961488061274843,0.5667990433032776,0.1885930913162015,0.0,0.051724137931034454,0.716368179925031,0.3208955223880602,0.8229813664596272,-1.0,0.0,1.0,0.0
-0.5512348724435218,-0.08665250598161928,-0.14489579588478685,0.2119509874829922,0.0,1.0000000000000002,0.01665972511453561,-0.2388059701492533,0.2629399585921324,-1.0,0.0,0.0,1.0
0.4930568997647252,0.05963904476140381,-0.6382038604810589,-0.5511830590275085,0.0,-1.103448275862069,0.3998334027488544,3.5000000000000004,0.6024844720496891,0.0,0.0,0.0,1.0
0.4231277883599961,0.08624673043625553,-0.32624173284260116,0.10856854306307855,0.0,0.017241379310344807,0.9845897542690545,-0.18656716417910382,0.7494824016563146,-1.0,0.0,0.0,0.0
-0.21453549947116576,0.10457783059345498,0.13059195766580128,-0.05885524134281294,0.0,-1.0344827586206897,0.3998334027488544,0.4477611940298512,0.34575569358178054,0.0,0.0,0.0,0.0
-0.23473121469255984,0.18070982596772306,0.033402260957276005,0.2936096005491118,0.0,0.15517241379310348,0.04997917534360683,-0.507462686567164,0.015527950310558855,0.0,1.0,0.0,0.0
-0.17107765332945352,-0.11144550010954891,0.42100261247880616,0.2726963129286143,0.0,1.103448275862069,-0.4331528529779259,-3.731343283582089,-0.1283643892339545,0.0,0.0,0.0,1.0
-0.3483688443756358,-0.05732230501051467,0.5509262723641474,-0.17501544414119113,0.0,-0.44827586206896547,-0.5181174510620574,-0.08955223880597024,-0.5041407867494825,0.0,1.0,0.0,0.0
0.7788244835495834,6.582278975383856,-2.3436495159095916,-0.935079791581291,-1.0,-0.32758620689655177,-0.4498125780924615,1.4552238805970152,-0.43788819875776397,-1.0,0.0,0.0,1.0
0.6611882360099164,4.604231145144675,-1.4575217925467632,-1.768553026368316,-1.0,-0.8620689655172414,-0.21657642648896294,-0.19402985074626852,-0.5476190476190476,0.0,1.0,0.0,0.0
-0.4166374187987246,-0.2020203126870468,0.05276672240107723,0.13677163902453365,0.0,-0.5,-0.7846730528946274,0.6865671641791045,-0.520703933747412,-1.0,1.0,0.0,0.0
2.203686701919717,3.548083673963817,-0.2237883591235671,-1.0751535958841105,-1.0,0.6206896551724137,0.9845897542690545,-0.13432835820895436,1.0248447204968942,0.0,0.0,0.0,0.0
0.027695416383866533,0.07686431745724949,-0.26117701508063346,0.023573036593665626,0.0,-0.9137931034482759,0.6997084548104956,-0.4328358208955218,0.24430641821946159,0.0,1.0,0.0,0.0
-0.513969080823077,-0.01817319962426131,0.30632736301502284,0.00317236897187171,0.0,0.9482758620689655,-1.0845481049562682,0.23880597014925398,-0.5745341614906831,0.0,1.0,0.0,0.0
-0.4383178516100497,-0.034779333277201153,-0.27518677774629435,-0.11296827565584694,0.0,0.9310344827586208,-1.2328196584756352,0.11194029850746297,-0.6521739130434784,-1.0,0.0,0.0,1.0
-0.331970673522735,-0.06941041520888887,-0.10899782202365255,-0.09177932605512286,0.0,0.5344827586206897,-1.2161599333610995,2.067164179104478,-0.8302277432712215,0.0,1.0,0.0,0.0
0.37458401271640274,4.031967741562373,-2.0801020411232987,-0.9521946672372863,-1.0,-1.0344827586206897,-0.1832569762598917,1.5895522388059702,-0.3995859213250519,0.0,0.0,1.0,0.0
0.7489273315597746,2.8388546429245842,-2.3436495159095916,-1.1323401748212685,-1.0,-0.4655172413793104,-0.7180341524364847,0.007462686567164684,-0.8281573498964802,-1.0,0.0,0.0,0.0
0.3350660619371612,-0.02297460370769049,0.031880292693487196,-0.03169625863542483,0.0,0.3965517241379311,0.7996668054977093,-1.253731343283582,0.7525879917184265,0.0,0.0,0.0,1.0
-0.32363426355663394,-0.09360297138767491,0.09273630920746498,0.23249622635508202,0.0,-0.4655172413793104,0.4498125780924615,-2.1567164179104474,0.20910973084886111,-1.0,0.0,0.0,1.0
0.19873983332806733,-0.2213773296751978,0.7816478634392511,0.10760164683856802,0.0,-0.9310344827586208,-0.051645147855060296,-1.8656716417910446,-0.2732919254658385,0.0,0.0,0.0,0.0
0.2855834978090217,0.00511137823742177,0.21606596118617963,0.20542842833105973,0.0,-0.3965517241379311,-0.8329862557267805,1.2835820895522394,-0.7919254658385094,0.0,1.0,0.0,0.0
0.2963652278990434,0.21783043219977463,-0.17515348248330104,-0.009848313676714316,0.0,0.3275862068965517,-0.299875052061641,0.6791044776119405,-0.034161490683229774,0.0,0.0,1.0,0.0
-0.47469081466134155,-0.20694051339882463,0.16961500433779295,0.1898040389632268,0.0,-0.15517241379310345,1.7509371095376927,-0.21641791044776057,1.3623188405797098,0.0,1.0,0.0,0.0
-0.5511989076064212,-0.22136509518532013,-0.07145139916602136,0.40885618690756925,0.0,-0.9310344827586208,-0.06663890045814244,-0.05223880597014881,-0.21739130434782603,0.0,1.0,0.0,0.0
-0.45700204511687353,-0.22509908572100576,0.30464361936096856,-0.07292382877392985,0.0,-1.3275862068965516,0.23323615160349856,2.82089552238806,0.0,0.0,0.0,0.0,0.0
-0.4887583848665527,0.4482238249826636,-0.18364014868129575,0.23174352285518826,0.0,-0.4482758620689655,-1.2178259058725531,-0.34328358208955156,-1.196687370600414,0.0,0.0,1.0,0.0
0.23391204336432964,0.0590823380520406,-0.5130752844933305,0.141107173285848,0.0,-0.1724137931034483,0.4498125780924615,3.8283582089552244,0.28674948240165615,-1.0,0.0,1.0,0.0
0.20721581282600585,-0.12163257517486901,0.03613912138503992,-0.18047560273946603,0.0,-1.0862068965517242,-0.5680966264056643,-0.03731343283582077,-0.8043478260869565,0.0,0.0,0.0,0.0
0.2792451364795998,0.25513574707391007,0.20498375759902634,0.1556812040374441,0.0,0.9310344827586208,0.2515618492294876,2.23134328358209,0.5165631469979295,0.0,1.0,0.0,0.0
-0.2894337410291458,0.00545736386608532,0.18294746825954714,0.24980393651843202,0.0,0.10344827586206898,-0.4831320283215327,-0.7462686567164173,-0.06935817805383039,-1.0,0.0,0.0,0.0
0.8860855832015427,0.3778406842743954,-1.1848005408022317,-0.8863471790324547,-1.0,-0.6206896551724138,-0.5164514785506039,3.6492537313432845,-0.582815734989648,0.0,0.0,0.0,1.0
-0.30676368342523247,-0.11988554184842767,-0.46426041951328695,0.4198850003829104,0.0,-0.03448275862068967,1.4010828821324448,0.23134328358208994,1.136645962732919,0.0,0.0,0.0,0.0
1.026577772308789,0.6845545385706127,-2.2008509733738073,-1.065449742425923,-1.0,0.3275862068965517,-0.3165347771761766,0.1940298507462692,0.01966873706004117,-1.0,0.0,1.0,0.0
0.22635818285809117,0.006258102438600407,0.6375239279816735,-0.14763357317078457,0.0,-0.3965517241379311,0.5181174510620574,-0.14925373134328307,0.21739130434782603,-1.0,0.0,0.0,0.0
2.429925422199815,1.8805787985342457,-1.6036517787896842,-1.364410713355958,-1.0,0.4482758620689655,0.9496043315285299,0.19402985074626852,0.8498964803312626,0.0,0.0,0.0,1.0
0.49655112619109004,2.333203045370987,-0.920045453203766,-1.0351295926176438,-1.0,-0.17241379310344823,-1.2844648063306954,0.41044776119402976,-1.0683229813664596,-1.0,0.0,0.0,1.0
1.210954481234334,0.05539748563358751,-1.9577360991858836,-0.7640657624117787,-1.0,0.0,-0.26655560183256977,1.649253731343284,-0.2712215320910974,-1.0,0.0,0.0,0.0
-0.30073747764081465,-0.04818683319590462,0.618170440122502,-0.003160779926964436,0.0,0.396551724137931,1.2178259058725531,-0.15671641791044708,1.0445134575569357,-1.0,0.0,1.0,0.0
-0.38444934790330393,-0.10233990098573802,0.3483366732373128,0.2009743676756348,0.0,-1.0862068965517242,-0.5680966264056643,-0.03731343283582077,-0.8043478260869565,0.0,0.0,0.0,0.0
1.164320140435337,0.020213384079948295,0.6874072407161412,-0.18750461403590696,0.0,-0.017241379310344824,1.6343190337359432,0.17164179104477645,1.4171842650103517,0.0,0.0,1.0,0.0
-0.5274577215053887,0.11506641835123982,0.028920140213596866,0.3404023525510694,0.0,0.6379310344827586,-0.6663890045814245,-0.2910447761194021,-0.412008281573499,-1.0,0.0,0.0,1.0
0.5369185688592619,0.052459768180288954,-0.32005247873974907,-0.1559717993417694,0.0,0.0689655172413793,-0.2515618492294876,-3.216417910447761,-0.5838509316770185,-1.0,0.0,0.0,1.0
-0.17371793129661228,-0.1581872205481728,0.004114789327248327,0.5046549374357998,0.0,-0.8793103448275863,1.434402332361516,-0.03731343283582077,0.8892339544513456,-1.0,0.0,1.0,0.0
-0.4744759471084136,0.1136180799613667,0.36434662178982175,-0.09317333787468055,0.0,0.48275862068965514,-0.9329446064139942,-0.0970149253731336,-0.6915113871635611,-1.0,0.0,1.0,0.0
-0.5060248025487297,-0.16107618936948795,0.14779869997834522,-0.16014527623834293,0.0,-0.08620689655172414,1.2511453561016244,6.628197161941233e-16,1.0631469979296062,-1.0,0.0,1.0,0.0
1.1687186959961233,-0.22916489232424542,-0.3156732831234788,0.39553794290081495,0.0,-0.32758620689655177,-0.4498125780924615,1.4552238805970152,-0.43788819875776397,-1.0,1.0,0.0,0.0
0.6600034106621269,0.17745637201959838,0.09851860893816762,0.35029843352674056,0.0,1.0344827586206897,-0.43315285297792566,-0.4179104477611938,-0.3850931677018634,0.0,0.0,0.0,0.0
3.4096645416953093,3.0649343731884886,-1.2561730188909415,-0.8433180618150714,-1.0,1.0862068965517242,0.299875052061641,-0.1119402985074623,0.45755693581780515,0.0,0.0,0.0,1.0
1.7392758943091997,0.6415962368899581,-0.8821686420285271,-1.8788732375045893,-1.0,-1.103448275862069,0.3998334027488544,3.5000000000000004,0.6024844720496891,0.0,0.0,0.0,1.0
0.10149072182662966,-0.027016279225908612,-1.8188066151312021,-1.5482798555755573,-1.0,0.37931034482758624,0.8013327780091628,0.2014925373134332,0.8033126293995857,-1.0,1.0,0.0,0.0
-0.5004727994816754,-0.050244385867871326,0.11120011694480701,0.08691737200799726,0.0,1.0517241379310345,0.2515618492294876,-0.19402985074626852,0.5393374741200825,-1.0,1.0,0.0,0.0
-0.3625445105199114,0.13868200263813313,-0.055750429759833194,0.5605821298177873,0.0,1.206896551724138,-0.41649312786339027,-1.1865671641791038,0.12008281573498956,0.0,0.0,0.0,0.0
0.061504335383420816,-0.1479199886959901,-0.6001647917255583,-0.035541619979686745,0.0,1.103448275862069,-0.4331528529779259,-3.731343283582089,-0.1283643892339545,0.0,0.0,0.0,1.0
-0.1744447369322498,0.03411276752901119,0.3410941337583061,0.1534739601881696,0.0,0.37931034482758624,0.5664306538942108,0.022388059701492727,0.49585921325051724,-1.0,0.0,0.0,1.0
-0.25750060041962275,-0.20752735144370513,0.7816478634392511,0.3189158777962257,0.0,-0.051724137931034454,-0.4014993752603081,-1.6119402985074622,-0.42443064182194606,-1.0,0.0,1.0,0.0
0.6462310658332454,-0.23244089915757982,0.29077325359219514,0.13482541257474961,0.0,0.7068965517241379,-0.2832153269471054,-0.11940298507462632,-0.05797101449275355,0.0,0.0,0.0,1.0
0.49634993490107215,4.108233247800573,-0.3140878370134779,-1.4452210211968242,-1.0,1.2758620689655173,-0.6513952519783422,-1.2014925373134326,-0.15631469979296056,0.0,0.0,1.0,0.0
-0.07296979707677537,-0.19627589396934159,0.10952655065856165,-0.10869939410213252,0.0,-0.396551724137931,-1.2511453561016244,0.1865671641791045,-1.0838509316770186,-1.0,0.0,0.0,1.0
0.2557740360768844,-0.2149992850257335,-0.21648206540724602,0.41352703535590013,0.0,0.017241379310344824,-1.6676384839650145,-0.14179104477611904,-1.4565217391304346,0.0,0.0,0.0,1.0
2.7265886541700315,3.7744850249724613,-1.8478857187722577,-1.6223357677117423,-1.0,0.0,0.2182423990004164,0.1940298507462692,0.28778467908902694,-1.0,0.0,1.0,0.0
-0.2594184098006514,-0.23297338575370072,0.2365020971857398,0.031109424110522158,0.0,-0.4655172413793104,-0.7180341524364847,0.007462686567164684,-0.8281573498964802,-1.0,1.0,0.0,0.0
1.382311877913588,-0.16491947861561498,-0.2175617739083935,0.3530911564276493,0.0,-0.08620689655172414,1.2511453561016244,6.628197161941233e-16,1.0631469979296062,-1.0,0.0,0.0,0.0
0.2685970613128362,0.36394817293518955,-0.10223003261203509,-0.28071749991879885,0.0,-0.5517241379310345,-0.05164514785506053,0.41044776119402976,0.05900621118012409,0.0,0.0,0.0,1.0
0.7555985512548072,0.13996427626177851,-0.13191380916262402,0.06788439897753241,0.0,0.5517241379310345,0.018325697625989314,-0.38059701492537235,-0.09834368530020701,0.0,0.0,0.0,1.0
-0.19704387576941812,-0.21912289555119624,0.11595515458018357,-0.26315875114953374,0.0,-0.051724137931034454,-0.15160349854227395,-3.2462686567164174,-0.1728778467908901,-1.0,0.0,1.0,0.0
0.1342171198578711,-0.1854502468823742,0.0024801422547288186,0.015807772484463637,0.0,0.896551724137931,0.18492294877134519,0.3283582089552242,0.5041407867494822,0.0,1.0,0.0,0.0
1.2542334076899138,3.340209612070657,-1.5340632678898358,-1.3790565106014585,-1.0,-0.48275862068965525,1.3177842565597666,1.223880597014926,0.9440993788819873,0.0,0.0,0.0,0.0
0.5800646959673963,-0.17138426884791655,-0.2982903563363723,0.12783137972720918,0.0,-0.8620689655172414,-0.21657642648896294,-0.19402985074626852,-0.5476190476190476,0.0,0.0,1.0,0.0
0.2827730471181332,-0.16217501038774473,0.2066741804252338,0.10478274268174073,0.0,-0.051724137931034454,-0.4014993752603081,-1.6119402985074622,-0.42443064182194606,-1.0,1.0,0.0,0.0
-0.1338626904371414,0.07729426125911479,0.4487154797163473,0.46271132408559396,0.0,-0.37931034482758624,-0.8179925031236984,-2.1417910447761193,-0.8737060041407866,-1.0,0.0,0.0,1.0
0.01836167660751897,-0.21640612182077837,0.21827190134830196,0.08483023933604059,0.0,0.7758620689655172,0.18492294877134519,0.29850746268656814,0.5041407867494822,0.0,0.0,1.0,0.0
2.5924322116093537,0.9798981755237539,-0.9721371114585908,-0.6237703376165514,-1.0,-0.10344827586206898,0.4498125780924615,0.7761194029850748,0.030020703933747464,-1.0,0.0,0.0,0.0
-0.29990168740467105,-0.006927333312261006,0.5723940998178824,0.3055923593938831,0.0,-1.3793103448275863,-0.0016659725114534663,-0.44029850746268584,-0.564182194616977,0.0,0.0,1.0,0.0
-0.01579059314752182,0.14061133896254352,0.7816478634392511,0.5922879093778577,0.0,1.3275862068965518,-0.5014577259475218,0.24626865671641798,-0.059006211180124384,0.0,0.0,0.0,1.0
0.6876324517115329,0.1376727597769454,-0.7162278439065485,-1.2947599163859147,-1.0,0.0689655172413793,-0.0016659725114534663,-4.850746268656716,-0.3322981366459626,-1.0,0.0,0.0,0.0
0.683372985588671,-0.1529532896629947,0.06064289651849013,0.45343775923031265,0.0,0.0689655172413793,-0.01665972511453561,-3.0373134328358207,-0.2763975155279501,-1.0,0.0,0.0,0.0
0.057645204950459446,-0.1597912368745979,0.12382890607187133,-0.19891759387724875,0.0,-0.396551724137931,-1.2511453561016244,0.1865671641791045,-1.0838509316770186,-1.0,0.0,1.0,0.0
1.6218808570505225,2.6491570060891583,-1.251950578518792,-0.8199077972137095,-1.0,0.051724137931034454,0.11828404831320274,3.2761194029850746,0.13354037267080718,-1.0,0.0,0.0,1.0
0.9682609143837375,0.8505789935442551,-0.3038278934164782,-1.3230871260104136,-1.0,-0.396551724137931,0.5014577259475218,2.582089552238807,0.559006211180124,0.0,0.0,1.0,0.0
0.10217537234075591,-0.1456466562421379,0.33769897616540834,-0.0718190088484665,0.0,1.206896551724138,-0.8996251561849228,-4.231343283582089,-0.6915113871635611,0.0,1.0,0.0,0.0
-0.49076415673642065,-0.21422329010229185,0.12173541606973959,-0.10022733214407302,0.0,0.0,0.0,-1.9552238805970148,-0.050724637681159465,-1.0,0.0,0.0,0.0
-0.2697573363223204,-0.228950278682091,0.05381897551126127,-0.08633881714436373,0.0,-1.206896551724138,0.38317367763431903,1.2164179104477613,-0.15942028985507248,0.0,0.0,0.0,0.0
-0.2027964993603492,-0.2200395538106359,0.42494624715866364,-0.05182345083202426,0.0,1.3793103448275863,-0.26655560183256977,0.29104477611940277,0.21739130434782575,0.0,0.0,0.0,0.0
2.0668472732750445,2.647749312189357,-1.6249505239923057,-1.3242044513632085,-1.0,-0.4655172413793104,1.900874635568513,-0.07462686567164153,1.4213250517598341,-1.0,1.0,0.0,0.0
0.27875938528844085,1.9728912230289126,-1.9087755875449801,-1.3971755805886692,-1.0,-0.3275862068965517,0.5014577259475218,-0.4701492537313426,0.3022774327122153,0.0,0.0,0.0,1.0
-0.5038181462488033,0.07876378409095729,0.7158411989930313,-0.06419024148384546,0.0,-1.3793103448275863,0.23323615160349856,-0.26119402985074536,-0.25672877846790865,0.0,0.0,1.0,0.0
2.198036242704031,2.1624486493109902,-1.7154096582314682,-1.6010839629280469,-1.0,-0.9137931034482759,0.6997084548104956,-0.4328358208955218,0.24430641821946159,0.0,1.0,0.0,0.0
-0.45214586066068346,-0.05392440263881089,0.21010724491538307,0.33220682891557063,0.0,0.37931034482758624,0.5664306538942108,0.022388059701492727,0.49585921325051724,-1.0,0.0,0.0,1.0
-0.32962135285068317,-0.11327041590253137,-0.12032527028275014,0.30359515314627766,0.0,0.06896551724137931,-0.5164514785506039,0.23134328358208994,-0.3188405797101449,0.0,0.0,0.0,0.0
-0.502590776933565,-0.18637367031482158,-0.027917197257232393,0.004614784498793291,0.0,-0.22413793103448273,-0.18325697625989149,-0.6641791044776117,-0.6221532091097306,-1.0,0.0,0.0,1.0
1.2303834046728788,2.50783779774092,-1.7813189427562348,-0.701091442645352,-1.0,0.03448275862068967,-1.434402332361516,-0.20149253731343253,-1.175983436853002,0.0,0.0,1.0,0.0
-0.31659055322062435,0.016426026215338896,0.0161733555211212,-0.03177631408017285,0.0,0.4482758620689655,-0.3165347771761766,0.22388059701492527,0.01966873706004117,-1.0,1.0,0.0,0.0
-0.45058257850597194,-0.04999292800455247,-0.03713975568622486,0.08613407654875685,0.0,-0.7241379310344828,-0.9512703040399832,0.007462686567164021,-1.123188405797101,-1.0,1.0,0.0,0.0
1.5061423231734417,0.6627004867636954,-1.925685626372314,-1.420058195750928,-1.0,-1.2586206896551724,0.2482299042065807,-2.044776119402985,-0.3126293995859211,0.0,0.0,0.0,0.0
-0.5369392495216957,-0.20012861052931236,-0.03596123186403281,0.17059415772299294,0.0,0.6551724137931034,-1.016243231986672,-0.4253731343283578,-0.9006211180124222,0.0,0.0,1.0,0.0
-0.26619134590296173,0.5634582619359276,-1.0691763263975933,-1.3652117213338502,-1.0,-0.603448275862069,-0.7846730528946272,0.10447761194029828,-0.7836438923395445,0.0,0.0,0.0,0.0
0.15348622436855883,-0.12579046530347499,-0.4593206181884125,0.5585653198728939,0.0,-0.7068965517241379,-0.11828404831320298,0.9328358208955225,0.023809523809523774,-1.0,0.0,0.0,0.0
3.5717194651676802,3.2923482572838574,-1.343523959264692,-1.582828103465165,-1.0,-0.9827586206896552,0.9346105789254476,2.798507462686568,0.8084886128364387,0.0,0.0,0.0,1.0
0.6275991599679672,0.034872316319527266,0.2428421727626202,-0.04774243397979695,0.0,-0.15517241379310348,-0.08329862557267806,0.5373134328358214,-0.05486542443064178,0.0,0.0,0.0,1.0
-0.057746838209345244,0.17364045020947358,-0.1647133764392156,0.15117026863072014,0.0,1.3793103448275863,-0.28154935443565193,2.1044776119402986,0.2732919254658382,0.0,0.0,1.0,0.0
-0.4973696658450837,-0.108483608159877,0.17181379861348717,0.366466905026469,0.0,0.05172413793103449,1.0845481049562682,-0.46268656716417855,0.817805383022774,0.0,0.0,0.0,1.0
0.21554946929473054,1.8711454084302945,-2.2220832220820155,-1.970447267518979,-1.0,-0.017241379310344807,-1.0179092044981257,0.21641791044776124,-0.7888198757763976,-1.0,0.0,0.0,0.0
-0.27342317907633656,-0.20743456613877637,0.7816478634392511,0.24217520694071562,0.0,1.3275862068965518,-0.41649312786339027,-1.1567164179104477,0.12008281573498956,0.0,1.0,0.0,0.0
-0.3316196949464188,-0.19739618457262031,-0.25633644621327856,0.412287116479002,0.0,0.12068965517241383,-0.01665972511453561,0.04477611940298479,-0.019668737060041463,-1.0,1.0,0.0,0.0
-0.5104345265966871,0.9351852157381624,-0.8352055976706606,-1.5172873048355913,-1.0,0.5344827586206897,-1.2011661807580174,0.253731343283582,-0.886128364389234,0.0,0.0,0.0,0.0
0.825516955640304,3.9217583821958724,-2.3436495159095916,-1.6354219785087087,-1.0,-0.051724137931034454,-0.15160349854227395,-3.2462686567164174,-0.1728778467908901,-1.0,1.0,0.0,0.0
2.504771679406194,0.24571541256910004,-2.039741686475526,-1.617752987010836,-1.0,1.3275862068965518,-0.5014577259475218,0.24626865671641798,-0.059006211180124384,0.0,0.0,0.0,1.0
-0.31641009686807037,0.21886630088164544,-0.5434131036975884,-0.01529565043327996,0.0,0.0689655172413793,-0.01665972511453561,-3.0373134328358207,-0.2763975155279501,-1.0,0.0,0.0,0.0
2.390992207210662,3.0898165833504563,-0.09390449787948872,-1.24144322261105,-1.0,0.5689655172413793,0.2515618492294879,-0.44029850746268584,0.18219461697722558,0.0,0.0,0.0,0.0
0.5864585848283256,-0.06338331279934702,0.42358796169469287,0.3483099761856399,0.0,1.0862068965517242,0.5181174510620574,2.0373134328358216,0.7960662525879916,0.0,1.0,0.0,0.0
-2.8860337722192414e-05,0.12400130939990033,0.579577093091926,-0.043143837662437706,0.0,-0.3275862068965517,0.26655560183256977,-0.649253731343283,-0.005175983436853148,0.0,0.0,0.0,1.0
-0.08824032899229056,0.9640971341758381,-1.8762855587378482,-0.5139753304078488,-1.0,0.9310344827586208,0.2515618492294876,-0.2238805970149246,0.5393374741200825,-1.0,0.0,0.0,0.0
0.16614395392260753,-0.1357127424700964,0.26066145581794936,0.4836179720504407,0.0,0.017241379310344807,0.9845897542690545,-0.18656716417910382,0.7494824016563146,-1.0,0.0,0.0,1.0
0.5093161824764492,0.13767370534589,-0.9521874141950603,-1.1495110867705782,-1.0,0.4655172413793104,0.6847147022074135,0.022388059701492727,0.7888198757763972,-1.0,0.0,1.0,0.0
-0.23959992361181198,-0.020950487008287225,0.4553232524290141,-0.015434417930167912,0.0,0.3275862068965517,-0.534777176176593,0.5,-0.3416149068322982,0.0,0.0,0.0,1.0
-0.10190239794280924,-0.21652246569450523,-0.11555199986205034,-0.13648652436982575,0.0,-0.22413793103448273,0.299875052061641,2.3805970149253737,0.18944099378881996,-1.0,0.0,0.0,1.0
0.7754092527676297,0.7497309988599159,-0.8479818531868457,-2.2055847196084852,-1.0,0.0,-0.0016659725114534663,-1.7985074626865671,-0.07556935817805394,-1.0,0.0,0.0,1.0
-0.3211092279037535,1.7158722746480604,-1.5985135926342875,-1.8720752363594844,-1.0,0.7586206896551725,0.8179925031236984,-0.5970149253731336,0.7795031055900619,-1.0,0.0,0.0,0.0
0.9591863076542552,3.693627818092633,-1.3012689838494709,-1.6436063768124356,-1.0,0.5517241379310345,-0.5497709287796751,0.0746268656716422,-0.3374741200828156,0.0,0.0,1.0,0.0
-0.2948014678738163,-0.22561593498454197,-0.16408840143296072,0.2586901934026602,0.0,1.0344827586206897,-0.43315285297792566,-0.4179104477611938,-0.3850931677018634,0.0,0.0,0.0,1.0
2.2069727733147664,-0.12078388021348616,0.15469388674905427,-0.3200557523170056,0.0,0.051724137931034454,0.3515201999167013,3.611940298507464,0.41614906832298115,-1.0,0.0,1.0,0.0
-0.2560508018758544,0.01650125432463616,-0.5535234485969334,-0.03617258249617283,0.0,0.48275862068965514,-0.24989587671803415,2.1268656716417915,0.032091097308488546,-1.0,0.0,1.0,0.0
0.14261235347589796,-0.05427414333100586,0.3344270397264835,0.3280328916501248,0.0,-0.10344827586206898,0.4498125780924615,0.7761194029850748,0.030020703933747464,-1.0,1.0,0.0,0.0
-0.42161245491936183,0.14454593687158207,-0.06697587543465088,-0.11564420352953468,0.0,0.396551724137931,1.2178259058725531,-0.15671641791044708,1.0445134575569357,-1.0,0.0,0.0,1.0
0.1087742577338781,-0.21504904887807821,-0.09877824198713323,0.20164798998439584,0.0,0.017241379310344824,-1.6676384839650145,-0.14179104477611904,-1.4565217391304346,0.0,0.0,0.0,0.0
-0.2562061601595443,-0.04827726519621891,0.3571153533167428,0.157646547610889,0.0,0.15517241379310348,0.04997917534360683,-0.507462686567164,0.015527950310558855,0.0,0.0,1.0,0.0
-0.05499958944241635,-0.05353646450382274,0.651547217071086,0.07432243603941267,0.0,-1.0,-0.06663890045814244,3.0000000000000004,0.03933747412008263,0.0,1.0,0.0,0.0
0.6746620131804092,-0.2082151411253337,0.2587394844415989,0.08365470308959039,0.0,1.1551724137931034,0.299875052061641,-3.1641791044776117,0.20082815734989648,0.0,0.0,0.0,1.0
-0.43241768666803543,0.38247086245055867,0.035972808679182885,0.09241205750229894,0.0,1.2586206896551724,-0.16659725114535612,-3.9253731343283578,0.15113871635610757,0.0,0.0,1.0,0.0
2.268699806142322,2.0185145612539044,-1.8716500948593817,-0.7529692836283707,-1.0,-0.4655172413793104,0.4331528529779259,-0.18656716417910382,0.24016563146997913,-1.0,0.0,1.0,0.0
-0.48004289919795484,-0.14008620911222797,0.2129441403189548,0.440695134200991,0.0,-0.9310344827586208,-0.28488129945855883,-2.201492537313433,-0.5559006211180124,0.0,0.0,1.0,0.0
-0.23748359155139498,-0.015720186602160527,0.3855090852957196,0.06064662859012482,0.0,-0.8620689655172414,1.0845481049562682,1.1940298507462692,0.6490683229813662,0.0,0.0,0.0,1.0
0.9964253469540094,-0.13615395351647097,-0.2192883245076667,0.03714064531061927,0.0,0.5344827586206897,-1.2161599333610995,2.067164179104478,-0.8302277432712215,0.0,0.0,0.0,0.0
-0.40007789185058285,0.197078928403674,0.47185666956233824,0.14337678952954244,0.0,-0.44827586206896547,-0.599750104123282,3.059701492537314,-0.2784679089026915,-1.0,0.0,0.0,0.0
0.3136263781912055,0.01805738969080284,-0.17733009988172088,0.2583909411946072,0.0,-0.3275862068965517,0.5014577259475218,-0.4701492537313426,0.3022774327122153,0.0,1.0,0.0,0.0
-0.24532219095039606,-0.10716660020378309,0.6783203626947395,0.1935607693820645,0.0,0.6206896551724137,0.9845897542690545,-0.13432835820895436,1.0248447204968942,0.0,0.0,0.0,0.0
-0.517110452989495,0.4321918368080943,0.2996050402945573,0.2129081021411443,0.0,0.27586206896551724,-0.6847147022074135,-0.9477611940298505,-0.43892339544513437,0.0,0.0,0.0,0.0
0.20783591965525128,0.3056542357395707,0.2752976377311246,-0.1057047434717555,0.0,-0.10344827586206898,0.4498125780924615,0.7761194029850748,0.030020703933747464,-1.0,0.0,1.0,0.0
0.03718108920504338,0.8542461981840672,-1.8682983921981526,-1.4097615642204067,-1.0,1.206896551724138,-0.8996251561849228,-4.231343283582089,-0.6915113871635611,0.0,0.0,1.0,0.0
0.9803273848809079,0.18042112171105032,0.30835092814360804,0.37659098837468463,0.0,1.0344827586206897,0.1499375260308205,-1.559701492537313,0.36024844720496896,0.0,0.0,0.0,0.0
-0.28264966477161146,-0.1781371549600298,0.36993759677422694,0.3331079127813407,0.0,-0.4137931034482759,0.8179925031236984,1.440298507462687,0.6449275362318837,-1.0,1.0,0.0,0.0
1.9736538184430357,2.777570042726838,-0.04843536498574065,-1.2054158114701221,-1.0,0.051724137931034454,0.11828404831320274,3.2761194029850746,0.13354037267080718,-1.0,0.0,0.0,1.0
-0.08580618788283335,-0.21343908371775117,0.04690521904153715,0.1371771641328732,0.0,-0.603448275862069,-0.7846730528946272,0.10447761194029828,-0.7836438923395445,0.0,0.0,0.0,1.0
-0.24950692984701933,-0.16632681895966916,0.02629485354794146,-0.3243300622658673,0.0,0.6379310344827587,-1.1678467305289462,-3.7761194029850746,-0.893374741200828,-1.0,0.0,0.0,1.0
1.6669628410029815,2.943881292038189,-0.544158763283376,-0.8671037693154221,-1.0,-0.4482758620689655,0.2832153269471054,-0.19402985074626786,-0.05900621118012409,-1.0,0.0,1.0,0.0
-0.17388047764874134,0.006664093983061688,0.23541822588758896,0.2141079849653106,0.0,-0.3275862068965517,0.2832153269471054,-2.6194029850746268,-0.036231884057971155,0.0,0.0,0.0,1.0
3.3243498727106493,0.8599479976461026,-2.3436495159095916,-1.1247987955863985,-1.0,0.8620689655172414,0.1832569762598917,0.22388059701492594,0.5082815734989646,0.0,1.0,0.0,0.0
-0.3629723314817128,2.5258062357625137,-1.5882066095947946,-1.8212861107056686,-1.0,-0.06896551724137938,0.2182423990004164,0.02985074626865741,0.25672877846790865,-1.0,0.0,0.0,0.0
-0.17189756451401772,-0.08280916338878586,-0.3043775618272688,-0.3728726356270852,0.0,-1.2586206896551724,0.13327780091628488,3.955223880597015,-0.1904761904761905,0.0,0.0,1.0,0.0
1.740049749466166,4.005371887007829,-1.8284201969850906,-1.0680886212893672,-1.0,0.5862068965517241,-1.399416909620991,-0.5970149253731336,-1.2546583850931676,-1.0,0.0,0.0,0.0
-0.4221663432551712,-0.06177155216302677,0.20467240939949102,0.002640523948960554,0.0,-0.6206896551724138,-0.5164514785506039,3.6492537313432845,-0.582815734989648,0.0,0.0,0.0,0.0
-0.24795105704105375,-0.09644388344487256,0.5287265001867125,0.41844274829321726,0.0,-0.48275862068965525,1.3177842565597666,1.223880597014926,0.9440993788819873,0.0,0.0,0.0,0.0
1.669798103847122,4.859656829446745,-1.9605896845982924,-1.7161450034514225,-1.0,0.8448275862068967,-0.04997917534360683,0.2835820895522394,0.22774327122153204,0.0,1.0,0.0,0.0
1.0359593952063426,-0.00915997563797803,-0.3184155718470921,0.07029166227869739,0.0,-0.5344827586206897,1.1828404831320283,-2.0373134328358202,0.7908902691511386,0.0,1.0,0.0,0.0
-0.5617140857593674,-0.10611174144592274,-0.4375539054637123,0.1072945001721431,0.0,0.8793103448275863,-1.4677217825905873,0.06716417910447818,-0.9285714285714285,-1.0,0.0,0.0,1.0
0.5262376153039444,0.0784936339108882,-0.14092208601026587,-1.4579283587161416,-1.0,-0.9137931034482759,0.6997084548104956,-0.4328358208955218,0.24430641821946159,0.0,1.0,0.0,0.0
0.16585645732676316,-0.1378662970833016,0.432528645675719,0.3410608895339397,0.0,0.4137931034482759,-0.8513119533527697,-1.4104477611940298,-0.6842650103519666,-1.0,0.0,1.0,0.0
0.5438518943071392,0.22705224689078665,0.17576010687864538,0.13352670381374315,0.0,-1.0344827586206897,0.1649312786339024,0.2686567164179107,0.03830227743271209,0.0,1.0,0.0,0.0
-0.3128220643178972,-0.1977840809507207,0.48196554062986413,-0.014044592455696689,0.0,-0.0689655172413793,-0.031653477717617756,4.880597014925374,0.29296066252587966,-1.0,0.0,0.0,0.0
0.3723480984916409,0.5593148702114109,-1.4647861185237794,-1.6372553827184604,-1.0,-1.2586206896551724,-0.0016659725114534663,-0.41044776119402976,-0.564182194616977,0.0,1.0,0.0,0.0
2.012795623528162,2.500312975152801,-0.6867201991604625,-0.3565101603134732,-1.0,-0.1724137931034483,0.5497709287796751,-0.3582089552238803,0.22049689440993794,-1.0,1.0,0.0,0.0
-0.02469768014026998,0.02585641961739674,0.22609119284091125,0.12181311917117467,0.0,0.051724137931034454,0.11828404831320274,3.2761194029850746,0.13354037267080718,-1.0,1.0,0.0,0.0
-0.36704268964640896,0.008620540261414348,-0.05808211220150261,-0.2106950553376761,0.0,0.8793103448275863,-1.4677217825905873,0.06716417910447818,-0.9285714285714285,-1.0,1.0,0.0,0.0
0.1664692838185746,-0.16769319811764521,0.2810479754064379,0.0010945147446434474,0.0,-0.06896551724137931,0.4831320283215327,-0.20149253731343253,0.279503105590062,0.0,0.0,0.0,1.0
-0.2210009023961196,0.029478841411914678,0.13927626356719897,0.16307996507832814,0.0,0.7241379310344828,0.917950853810912,0.02238805970149339,1.0838509316770182,-1.0,1.0,0.0,0.0
1.5416244277912645,1.9757584469756686,-1.1827935083759487,-1.614291684462259,-1.0,-0.4482758620689655,-0.9679300291545189,-1.9776119402985068,-0.9451345755693581,0.0,0.0,0.0,1.0
-0.08361748444013367,1.0959822781110775,-0.873233811905948,-1.3134464472720369,-1.0,-0.1724137931034483,0.4498125780924615,3.8283582089552244,0.28674948240165615,-1.0,0.0,0.0,1.0
0.34432767990898555,0.07832622030930113,-0.11578459008493411,0.07774081924751199,0.0,1.2586206896551724,-0.031653477717617756,0.44029850746268717,0.5248447204968941,0.0,1.0,0.0,0.0
0.7183190552351981,0.5355696175985586,-0.9477567949417723,-0.7389875794819121,-1.0,-0.06896551724137938,0.2182423990004164,0.02985074626865741,0.25672877846790865,-1.0,0.0,1.0,0.0
0.21233460258606068,0.0792371632173206,-0.11817313134783852,0.2791554746276226,0.0,0.5172413793103449,0.9496043315285299,-2.8582089552238807,0.593167701863354,0.0,0.0,0.0,1.0
-0.11490714305501736,-0.1826922738163745,0.5131732338150607,0.3663196113217064,0.0,-0.3965517241379311,-0.8329862557267805,1.2835820895522394,-0.7919254658385094,0.0,0.0,1.0,0.0
0.9654727985303408,3.607081134907352,-1.1545418888975456,-1.611199335896681,-1.0,0.8448275862068967,-0.04997917534360683,0.2835820895522394,0.22774327122153204,0.0,0.0,1.0,0.0
0.6887732083523248,2.006175144600327,-1.6030740858789998,-1.3450655580294768,-1.0,0.13793103448275862,-0.1832569762598917,-0.44776119402985054,-0.2650103519668737,0.0,0.0,0.0,0.0
-0.41292569209988195,0.12402438268804927,0.1905869056894283,-0.12682459133799065,0.0,-0.793103448275862,-0.45147855060391495,-0.20895522388059723,-0.8240165631469977,0.0,0.0,1.0,0.0
-0.4242163114600769,0.2115763609533671,-0.19530475092726038,-0.12126253467486606,0.0,0.27586206896551724,-0.6847147022074135,-0.9477611940298505,-0.43892339544513437,0.0,0.0,0.0,0.0
-0.10498007230000951,-0.10831447422695228,0.48376921719100513,0.25509741801348923,0.0,-0.9827586206896552,0.5497709287796749,1.8955223880597016,0.4430641821946167,0.0,0.0,0.0,1.0
-0.4435662200539976,-0.1513985652530322,0.6023290064809054,-0.4848553613142195,0.0,-0.4655172413793104,-0.751353602665556,-0.029850746268656747,-0.7846790890269151,0.0,0.0,1.0,0.0
1.6299451322958032,0.8610830686352909,-2.11417943964203,-1.3279700182208705,-1.0,0.4655172413793104,-0.7163681799250312,1.8507462686567167,-0.531055900621118,-1.0,0.0,1.0,0.0
-0.41114997414495746,0.08214767277484357,0.7816478634392511,0.4494771538763861,0.0,0.017241379310344807,0.9845897542690545,-0.18656716417910382,0.7494824016563146,-1.0,0.0,0.0,0.0
-0.17105752048234374,0.03656760608036902,0.035086591880452905,0.19539636308050587,0.0,0.4655172413793104,-0.7013744273219491,0.03731343283582077,-0.5869565217391305,-1.0,0.0,0.0,1.0
1.4474697895339552,1.2047675924732495,-1.0986686220678386,-1.5168961048569558,-1.0,-0.603448275862069,-0.7846730528946272,0.10447761194029828,-0.7836438923395445,0.0,0.0,0.0,1.0
0.09915681060977642,0.32297280363158115,-0.32441204373632976,0.14177020553079608,0.0,0.4482758620689655,1.1678467305289462,2.3432835820895526,1.1884057971014492,0.0,0.0,1.0,0.0
-0.42954109167228677,0.3034909991534461,0.36516545389617444,0.09377783669072755,0.0,-0.0689655172413793,0.2015826738858808,5.216417910447762,0.5755693581780537,-1.0,0.0,1.0,0.0
0.5598204528367622,3.385101950922889,-1.4400330811943836,-1.332773441332586,-1.0,1.3275862068965518,-0.26655560183256977,0.4253731343283585,0.24844720496894404,0.0,1.0,0.0,0.0
-0.03488348166011007,-0.01928067722694145,0.3091071145752663,0.17648306209927478,0.0,-1.2586206896551724,0.2482299042065807,-2.044776119402985,-0.3126293995859211,0.0,0.0,0.0,1.0
-0.43533999447228955,-0.08347526664393762,-0.18234093221567516,0.2508122076223417,0.0,-0.5344827586206897,1.1828404831320283,-2.0373134328358202,0.7908902691511386,0.0,0.0,1.0,0.0
2.8694512852390406,0.9199320234069966,-1.1085252409075699,-1.6158015213838217,-1.0,-1.3275862068965518,0.46813827571845057,-0.21641791044776057,0.019668737060041463,0.0,1.0,0.0,0.0
1.6863886980159706,0.1002813348535204,0.5510877659420986,0.48265110148729784,0.0,0.8793103448275862,-0.11661807580174928,-1.3656716417910444,0.08074534161490693,0.0,0.0,0.0,1.0
-0.4660178990099336,0.03376252654490395,0.39350646405745593,0.3663555696675422,0.0,0.0,-0.2515618492294876,-0.16417910447761178,-0.32712215320910987,-1.0,0.0,0.0,0.0
0.3573502911500617,3.5498677078949434,-1.3950331223836328,-1.6934657317982027,-1.0,0.8620689655172414,-1.1178675551853394,-1.1641791044776117,-0.6884057971014491,0.0,0.0,1.0,0.0
0.10520326088569273,2.559484221304388,-1.595241455430975,-0.735852479912637,-1.0,-1.0862068965517242,1.4010828821324448,3.559701492537314,0.8581780538302276,0.0,0.0,1.0,0.0
1.313710003698391,1.067356636546171,-1.2844058652026036,-0.6379158524312588,-1.0,0.37931034482758624,0.21657642648896294,0.044776119402985454,0.2753623188405795,-1.0,0.0,1.0,0.0
0.7437736804006695,0.6125801828586817,-1.6262170748472384,-1.207048514759643,-1.0,0.5172413793103449,0.9496043315285299,-2.8582089552238807,0.593167701863354,0.0,0.0,0.0,0.0
1.1308151920357061,2.5200627589798685,-0.8596870122734833,-0.8553468438368367,-1.0,0.2931034482758621,-0.5830903790087464,0.4179104477611938,-0.2598343685300209,-1.0,1.0,0.0,0.0
1.1392699835564373,-0.21500800643254703,0.04642823507772312,0.026856038816632892,0.0,0.8620689655172414,0.1832569762598917,0.22388059701492594,0.5082815734989646,0.0,0.0,0.0,0.0
-0.4639082024008614,-0.13293399497867778,0.16972683678526226,0.13716989919925365,0.0,0.6206896551724138,0.4831320283215327,-3.6194029850746268,0.5434782608695651,0.0,0.0,1.0,0.0
-0.5522985985742661,0.2139784623346222,-0.07181925210669789,-0.1262463802272408,0.0,0.2931034482758621,-0.5830903790087464,0.4179104477611938,-0.2598343685300209,-1.0,1.0,0.0,0.0
3.0673378442065555,-0.06068667199320197,0.7559729209105555,-0.04573934647694173,0.0,0.12068965517241381,1.4677217825905873,-0.29104477611940277,1.1718426501035195,-1.0,0.0,0.0,1.0
0.17729679192286693,1.2424593125646095,-1.0914498825348558,-1.0073784330058972,-1.0,-0.9827586206896552,0.9346105789254476,2.798507462686568,0.8084886128364387,0.0,1.0,0.0,0.0
-0.5582416442750952,-0.07490890355768495,-0.10955938466973103,0.11037650084335991,0.0,-0.4137931034482759,-0.4831320283215327,0.052238805970149474,-0.55175983436853,-1.0,1.0,0.0,0.0
0.01727557392030983,0.35066938083105775,0.16062042609246588,0.00012136225687029696,0.0,1.5517241379310345,-0.7330279050395668,-3.522388059701493,-0.08902691511387185,0.0,0.0,0.0,1.0
1.6560760943311825,2.4158055699033194,-0.9714767628079918,-1.0211533068881629,-1.0,0.051724137931034454,0.3515201999167013,3.611940298507464,0.41614906832298115,-1.0,0.0,1.0,0.0
-0.507427888247131,-0.18069036391357102,0.7816478634392511,0.23455022254272118,0.0,0.793103448275862,0.4181591003748437,0.23880597014925464,0.7846790890269147,0.0,0.0,0.0,0.0
0.1478477541945417,0.03750219999514571,0.7816478634392511,0.22321267418384466,0.0,-1.0,0.8163265306122449,-0.2537313432835813,0.25879917184265006,0.0,0.0,1.0,0.0
1.019597850936552,-0.22293897175225053,-0.1503446949556285,0.28177421286524695,0.0,-0.5517241379310345,-0.13327780091628488,3.82089552238806,-0.22877846790890258,-1.0,0.0,0.0,1.0
-0.35936741480527634,0.07685839783000313,0.7816478634392511,0.1524141052067652,0.0,1.3793103448275863,-0.04831320283215337,2.440298507462687,0.5559006211180122,0.0,0.0,0.0,1.0
0.8787619781025324,-0.19911195324383413,-0.011035695677655631,0.12644887495710755,0.0,-0.017241379310344824,1.6343190337359432,0.17164179104477645,1.4171842650103517,0.0,1.0,0.0,0.0
-0.25821767262407014,-0.2231642543941428,0.6589501102811396,0.026631697916598824,0.0,0.0689655172413793,-0.0016659725114534663,-4.850746268656716,-0.3322981366459626,-1.0,0.0,0.0,1.0
0.29952475148093394,0.09265923820665034,0.09705594235410929,-0.04270056055477227,0.0,-0.48275862068965525,1.3177842565597666,1.223880597014926,0.9440993788819873,0.0,0.0,0.0,1.0
-0.4898922001595398,0.011862540863611845,0.40614491614873743,0.12229551221537067,0.0,-0.8620689655172414,-0.21657642648896294,-0.19402985074626852,-0.5476190476190476,0.0,0.0,0.0,0.0
1.3353433925266387,3.2054509762615395,-0.8993902330460108,-1.2921647511821588,-1.0,-0.44827586206896547,-0.599750104123282,3.059701492537314,-0.2784679089026915,-1.0,1.0,0.0,0.0
0.004548127799217804,3.228464402221329,-1.6179102297138166,-0.7246615792385159,-1.0,-0.48275862068965514,0.19991670137442732,-0.12686567164179033,-0.040372670807453465,-1.0,0.0,1.0,0.0
0.6569932741783211,2.5000303423240626,-1.25075651137928,-1.880411429559383,-1.0,1.0344827586206897,-0.21491045397750924,1.7313432835820903,-0.04658385093167701,0.0,0.0,0.0,0.0
0.12650787684891787,0.306874345715744,0.24864980760846736,0.4829027448299097,0.0,-0.48275862068965514,0.21657642648896294,-2.097014925373134,-0.07142857142857147,-1.0,1.0,0.0,0.0
0.9513432292155704,-0.09138807520038877,-0.026084999111990696,0.10489714363554234,0.0,1.1551724137931034,0.299875052061641,-3.1641791044776117,0.20082815734989648,0.0,0.0,0.0,1.0
-0.09250890366358087,-0.1851061946699712,0.10551876857236066,0.08835862018128074,0.0,-1.3275862068965518,0.38317367763431903,1.1865671641791051,-0.15942028985507248,0.0,0.0,0.0,1.0
-0.5597714202493198,0.3712774774163541,-0.12825979063092027,-0.03886971871130195,0.0,-0.24137931034482765,0.7846730528946272,-0.34328358208955156,0.4968944099378881,-1.0,0.0,0.0,1.0
2.593025263963132,0.9314182218551555,-1.3606250644387563,-0.9598125097485968,-1.0,-0.15517241379310343,-0.2832153269471054,0.20895522388059723,-0.2991718426501035,-1.0,0.0,0.0,1.0
-0.24433030522707957,-0.21216562478919218,-0.23599749117783353,0.5864388826669422,0.0,-1.3275862068965518,0.24989587671803415,-2.3656716417910446,-0.31884057971014496,0.0,0.0,1.0,0.0
0.05476805138965714,-0.22310621912511996,-0.026808036654806397,0.24888255610132323,0.0,-0.6551724137931034,0.9012911286963764,3.8656716417910455,0.5734989648033125,-1.0,0.0,0.0,1.0
-0.23225629456480254,0.14159479381590667,-0.08475802127452918,-0.11988859539305491,0.0,0.6206896551724137,0.9845897542690545,-0.13432835820895436,1.0248447204968942,0.0,0.0,1.0,0.0
0.2656765388025003,0.10431063689169663,0.03541533689193855,-0.28933272269892735,0.0,0.5,-1.00124947938359,-3.3134328358208953,-0.6480331262939958,0.0,1.0,0.0,0.0
0.3206287915587109,-0.1540300428851245,0.10976808290002399,0.13099714194310244,0.0,1.0000000000000002,0.01665972511453561,-0.2388059701492533,0.2629399585921324,-1.0,0.0,1.0,0.0
1.4874478588949627,2.151304264675606,-1.273677442950423,-1.201158522940749,-1.0,1.206896551724138,-0.8996251561849228,-4.231343283582089,-0.6915113871635611,0.0,0.0,0.0,1.0
-0.31589649945296616,0.11642593203224583,-0.09733259619683987,0.052380943407979684,0.0,-0.1724137931034483,0.4498125780924615,3.8283582089552244,0.28674948240165615,-1.0,0.0,0.0,0.0
1.6241304505572949,2.3873461019296007,-1.473931861355148,-0.9006713853271243,-1.0,-0.1724137931034483,0.6680549770928779,5.977611940298509,0.6252587991718426,-1.0,1.0,0.0,0.0
-0.5141111456260259,-0.03746873794450787,0.31398981348855626,0.3896081081514554,0.0,-0.7068965517241379,0.24989587671803415,0.14925373134328374,0.018633540372670628,0.0,0.0,1.0,0.0
-0.27946836418835036,-0.1956020376263822,0.2338732806663288,-0.09028813217733432,0.0,0.6379310344827586,-0.6663890045814245,-0.2910447761194021,-0.412008281573499,-1.0,0.0,0.0,0.0
0.07017661712733803,0.07913209750535757,-0.03510973685288749,-0.15993557977176526,0.0,0.48275862068965525,-1.3511037067888378,-1.1940298507462686,-0.9834368530020702,0.0,1.0,0.0,0.0
3.3353070929618673,4.054095781766093,-2.285650934399149,-1.2705412479748874,-1.0,-0.08620689655172414,2.1341107871720117,-0.04477611940298479,1.7163561076604552,-1.0,0.0,1.0,0.0
-0.3328961183728153,0.5226907545080023,0.16021181338609503,0.18681765354906332,0.0,-0.37931034482758624,-0.8179925031236984,-2.1417910447761193,-0.8737060041407866,-1.0,0.0,0.0,1.0
0.2525273344334579,4.72439261380585,-2.33296915038405,-1.6741149586071404,-1.0,0.603448275862069,-1.2011661807580174,-2.7985074626865676,-1.1428571428571426,0.0,0.0,1.0,0.0
-0.32396814399273,-0.049855663306735534,0.7182094885352475,-0.2509234985182344,0.0,0.2931034482758621,-0.5830903790087464,0.4179104477611938,-0.2598343685300209,-1.0,1.0,0.0,0.0
-0.33751625151930564,-0.20347400855104286,0.2237399989096793,0.29934858686658244,0.0,0.6379310344827586,-0.6663890045814245,-0.2910447761194021,-0.412008281573499,-1.0,0.0,0.0,0.0
-0.39267562897503555,-0.028555550476111476,0.10419855083897932,0.10223596526491315,0.0,-0.1724137931034483,0.6847147022074135,4.007462686567164,0.5942028985507246,-1.0,0.0,0.0,1.0
1.0231829554169685,0.052930739823495596,0.2194217613998614,0.0608126109233252,0.0,-1.103448275862069,0.3998334027488544,3.5000000000000004,0.6024844720496891,0.0,0.0,0.0,0.0
-0.17929669464072676,-0.21109283275575164,-0.07264032756872578,0.17289197174590012,0.0,0.3275862068965517,-0.3165347771761766,0.1940298507462692,0.01966873706004117,-1.0,0.0,0.0,1.0
0.38721578650603944,-0.18244252984065526,0.48125669051159703,0.26487846757132527,0.0,0.0,-0.031653477717617756,1.8283582089552246,0.03623188405797101,-1.0,0.0,0.0,1.0
0.5429221881376279,0.053672848679365344,-0.19710907650813858,-0.041556277784848654,0.0,-0.37931034482758624,-0.599750104123282,0.007462686567164684,-0.5351966873706002,-1.0,0.0,0.0,0.0
-0.36933089424873283,-0.17514783173132445,0.3667999181534159,0.16963060677561873,0.0,-0.051724137931034454,-0.16659725114535612,-1.4328358208955219,-0.11697722567287765,-1.0,0.0,0.0,0.0
-0.5526107141198645,0.36483805972356936,-0.06125467488348484,0.06739381170735799,0.0,-0.0689655172413793,-0.01665972511453561,3.0671641791044784,0.2370600414078672,-1.0,1.0,0.0,0.0
-0.41105523334521243,-0.11271276936636289,0.37671514600356387,-0.06506229518539725,0.0,0.1724137931034483,-0.4831320283215327,-3.7985074626865667,-0.3260869565217391,-1.0,0.0,0.0,1.0
-0.5275106473615963,-0.1374188714804922,0.22398942202480887,0.15256847078576702,0.0,0.4655172413793104,0.6847147022074135,0.022388059701492727,0.7888198757763972,-1.0,0.0,0.0,1.0
0.8809937425743412,2.4134272226131572,-1.673849364109981,-1.5001028199094246,-1.0,-0.32758620689655177,-0.4498125780924615,1.4552238805970152,-0.43788819875776397,-1.0,0.0,0.0,0.0
-0.3248528805036178,0.14636572357760794,0.3955484994436485,0.12308918396044155,0.0,0.1724137931034483,-0.7013744273219491,-5.947761194029852,-0.6645962732919255,-1.0,0.0,1.0,0.0
0.30948253873982967,2.3962469778502316,-1.610964368105238,-1.5061658244176672,-1.0,0.3275862068965517,-0.5497709287796751,2.3134328358208958,-0.28571428571428575,0.0,0.0,1.0,0.0
-0.4651305432288534,0.7903927059909505,0.24511867085362685,0.00558970330637063,0.0,-0.5517241379310345,-1.517700957934194,0.380597014925373,-1.3633540372670807,-1.0,0.0,1.0,0.0
0.009951939246559708,-0.22369944563544217,0.38525774806252316,0.2301130184564996,0.0,0.0,0.2182423990004164,0.1940298507462692,0.28778467908902694,-1.0,1.0,0.0,0.0
0.9820302247171319,1.2022042948637315,-2.067654810256553,-1.3224433980226493,-1.0,0.37931034482758624,0.21657642648896294,0.044776119402985454,0.2753623188405795,-1.0,1.0,0.0,0.0
-0.4821169043420445,0.03621787827479603,-0.06765126250860758,0.020168758139997738,0.0,-0.5172413793103449,-0.982923781757601,2.8880597014925384,-0.6325051759834369,0.0,0.0,1.0,0.0
1.3414093773472173,5.472754293692618,-2.3436495159095916,-1.0359674100332747,-1.0,-0.3965517241379311,0.5181174510620574,-0.14925373134328307,0.21739130434782603,-1.0,0.0,0.0,1.0
-0.391691195847081,0.015587777118008548,0.6537717375792333,-0.12947871957381663,0.0,-0.8448275862068967,0.01665972511453561,-0.253731343283582,-0.26708074534161497,0.0,1.0,0.0,0.0
0.07798836598982119,-0.19865670178115022,0.3337995724100857,0.2701121083270843,0.0,0.15517241379310345,-1.784256559766764,0.24626865671641798,-1.4016563146997927,0.0,0.0,0.0,0.0
-0.1774968461207292,-0.18163378699079524,-0.0065746079265557615,0.04595529373915255,0.0,0.9310344827586208,0.03331945022907122,0.08208955223880622,0.1780538302277431,0.0,0.0,0.0,0.0
-0.40432208362309,-0.2248474496208161,-0.05459358264332699,0.05176500122415288,0.0,-0.10344827586206898,1.0179092044981257,0.05970149253731415,0.7826086956521737,-1.0,0.0,0.0,1.0
1.0728627485780946,-0.035881829813668234,0.45479317313633827,-0.07883935598302133,0.0,-0.4655172413793104,0.6680549770928779,-0.007462686567163358,0.5476190476190476,-1.0,0.0,1.0,0.0
-0.3879969600322169,-0.1490927345789951,0.27308923048330097,-0.19325119253890877,0.0,0.0,-0.2515618492294876,-0.16417910447761178,-0.32712215320910987,-1.0,0.0,0.0,1.0
-0.28030008170902554,-0.20431896184472964,-0.03536438284939469,0.1883007436084046,0.0,0.10344827586206898,-1.051228654727197,-0.029850746268656747,-0.8219461697722565,-1.0,0.0,0.0,0.0
0.6623962735084792,-0.0034771679817579624,0.38434180460987805,-0.14160824901039698,0.0,0.22413793103448273,-0.33319450229071224,-2.3507462686567164,-0.22877846790890288,-1.0,0.0,1.0,0.0
-0.0009879791206669833,-0.13795201754401343,0.038834848752017745,0.1681705435681249,0.0,-1.0862068965517242,-0.5514369012911287,-2.0074626865671643,-0.8354037267080745,0.0,1.0,0.0,0.0
-0.2753537036869612,-0.19829032478171646,0.5888349538970946,0.06525919829966396,0.0,0.5,0.7513536026655562,-0.6567164179104471,0.481366459627329,-1.0,1.0,0.0,0.0
0.17355671110231174,-0.18966422512443076,-0.02209692170061815,0.25912148523057693,0.0,-0.7758620689655172,-0.2182423990004164,-0.2686567164179107,-0.5434782608695651,0.0,0.0,0.0,1.0
0.4258447050662262,0.178879696082139,0.4674048737433573,0.41408433572348285,0.0,1.0862068965517242,0.299875052061641,-0.1119402985074623,0.45755693581780515,0.0,0.0,1.0,0.0
-0.05057275430494516,-0.20901817014406873,0.6185648255942956,0.3297286110522283,0.0,0.8448275862068967,-0.04997917534360683,0.2835820895522394,0.22774327122153204,0.0,0.0,0.0,1.0
0.21046108736073224,0.059767202397840426,0.16792674539020444,0.3174485362942562,0.0,0.9310344827586208,0.2515618492294876,2.23134328358209,0.5165631469979295,0.0,0.0,0.0,0.0
0.23304242144444065,-0.10468888852441577,0.04872273937706195,-0.1636062932527011,0.0,0.5517241379310345,1.4843815077051228,-0.3507462686567156,1.3240165631469978,-1.0,1.0,0.0,0.0
-0.3249051692360347,-0.0465128804834097,0.19341824393553647,0.17397097234765707,0.0,-0.051724137931034475,0.7163681799250312,-0.261194029850746,0.5600414078674946,0.0,1.0,0.0,0.0
-0.4911820749385493,0.17275128921135235,0.7240415867800114,0.3246965546845248,0.0,1.0862068965517242,0.28488129945855883,1.7014925373134335,0.5134575569358176,0.0,0.0,0.0,1.0
-0.2894345570475608,-0.11079636828800546,0.39475601035740326,0.14774375977851173,0.0,0.2931034482758621,-0.5830903790087464,0.4179104477611938,-0.2598343685300209,-1.0,0.0,0.0,0.0
-0.4211528359417548,-0.14113033067728778,0.056861387608949265,0.3759731600903847,0.0,0.4482758620689655,1.1678467305289462,2.3432835820895526,1.1884057971014492,0.0,0.0,0.0,0.0
-0.1475251793784404,0.14373237368485692,0.6223025750762919,-0.18429496828038486,0.0,-0.8793103448275863,1.434402332361516,-0.03731343283582077,0.8892339544513456,-1.0,0.0,1.0,0.0
0.4583919179878269,-0.22933648353400757,0.09231604945213598,0.09069361057563755,0.0,0.24137931034482765,-0.8179925031236984,0.373134328358209,-0.536231884057971,-1.0,0.0,0.0,0.0
0.3227254800615781,-0.18492928766310382,0.6397932907799923,0.3026621984684144,0.0,-0.44827586206896547,-0.599750104123282,3.059701492537314,-0.2784679089026915,-1.0,0.0,0.0,0.0
-0.019175265134940864,0.5033421019994374,0.04652152441287778,0.0781817023654789,0.0,-0.10344827586206898,0.4498125780924612,0.5149253731343287,0.5434782608695651,-1.0,0.0,0.0,0.0
-0.2966806637201454,-0.21650325222500147,0.28488396753321166,-0.12235226021840705,0.0,-0.1724137931034483,0.5497709287796751,-0.3582089552238803,0.22049689440993794,-1.0,0.0,0.0,1.0
-0.22171114896973168,1.6643682589637068,-2.2306212346495826,-1.4232827080832204,-1.0,-0.15517241379310343,-0.2832153269471054,0.20895522388059723,-0.2991718426501035,-1.0,0.0,0.0,1.0
0.16564496585893684,0.2624481466594921,0.38176172216792,0.03906731607637958,0.0,-0.3275862068965517,0.5164514785506039,-2.2835820895522385,0.2463768115942028,0.0,0.0,1.0,0.0
-0.3252823893687747,0.4057375971311948,0.34005660252006203,-0.2839696783083294,0.0,-0.8793103448275862,0.08329862557267806,1.3955223880597016,-0.12008281573498986,0.0,0.0,0.0,1.0
-0.22545414124848082,-0.177013272822004,0.576236944146766,0.46201859517431193,0.0,1.1551724137931034,0.299875052061641,-3.1641791044776117,0.20082815734989648,0.0,0.0,0.0,0.0
0.08116573375139786,0.06170609125087921,0.44050451711696853,0.3219156809892473,0.0,0.3275862068965517,-0.534777176176593,0.5,-0.3416149068322982,0.0,0.0,0.0,0.0
0.2820701955924579,-0.10297868690818057,-0.21088750997688627,0.5102321292603829,0.0,0.3275862068965517,-0.3165347771761766,2.649253731343284,-0.003105590062111771,0.0,0.0,0.0,0.0
0.5906201032947874,5.663046446143512,-2.0332661139274824,-0.9566817787256131,-1.0,-0.0689655172413793,0.2015826738858808,5.216417910447762,0.5755693581780537,-1.0,0.0,1.0,0.0
-0.5487019494909268,-0.0016027814118354292,-0.2471398573874314,-0.008993356316057103,0.0,0.7758620689655172,0.18492294877134519,0.29850746268656814,0.5041407867494822,0.0,0.0,0.0,0.0
-0.4316161708342931,0.5927755620962142,0.29283457793141854,0.2099912834369965,0.0,0.06896551724137931,0.3665139525197834,0.1865671641791045,0.334368530020704,0.0,0.0,0.0,0.0
0.6425560212249503,4.3413734763875835,-0.7293553364197475,-1.4342519903498352,-1.0,-0.4310344827586207,0.5847563515201999,1.5000000000000007,0.36438923395445116,-1.0,1.0,0.0,0.0
0.8228508664451692,-0.050181116872189756,0.4359155278833126,0.03361816252767974,0.0,-0.10344827586206898,0.4498125780924615,0.7761194029850748,0.030020703933747464,-1.0,0.0,0.0,0.0
0.08036656191509849,0.5416564548134414,0.18760059576014668,0.27413765247108873,0.0,1.0,0.03331945022907122,-2.970149253731343,-0.07867494824016555,0.0,1.0,0.0,0.0
-0.5125607795974043,-0.09486437762445443,0.37169795214979334,0.10797002679665789,0.0,-1.4310344827586208,0.6997084548104956,3.582089552238806,0.04968944099378893,0.0,0.0,0.0,0.0
1.428587264352277,1.9172069600169785,-0.6248477822495871,-0.8244580070884716,-1.0,-0.051724137931034454,-0.3848396501457725,-3.582089552238806,-0.4554865424430641,-1.0,0.0,0.0,1.0
-0.28059953233958684,-0.16842833950904026,0.5282748336032687,0.13977717050063135,0.0,0.5,-1.00124947938359,-3.3134328358208953,-0.6480331262939958,0.0,0.0,1.0,0.0
1.1932013434306172,-0.22048996766722812,0.15917441311783187,0.08830049214876887,0.0,1.0862068965517242,-1.434402332361516,-3.529850746268657,-0.8975155279503105,0.0,0.0,0.0,0.0
1.3649469559775578,1.5250217531828665,-1.5921627907423868,-1.4223287819565844,-1.0,0.4655172413793104,0.6847147022074135,0.022388059701492727,0.7888198757763972,-1.0,1.0,0.0,0.0
1.8432722118084655,1.1362472875166212,-1.0360801562266209,-1.3629505116355447,-1.0,1.5,-0.9679300291545189,-3.5671641791044775,-0.36542443064182195,0.0,0.0,0.0,1.0
-0.5394609099340769,0.2385452071159405,-0.037349089611433406,0.1903066772141966,0.0,-1.0,0.8163265306122449,-0.2537313432835813,0.25879917184265006,0.0,1.0,0.0,0.0
0.331313654215757,-0.15544842145799337,0.1426499762985718,0.06902790184322828,0.0,0.4655172413793104,-0.4831320283215327,2.1865671641791047,-0.24844720496894404,-1.0,1.0,0.0,0.0
-0.3370966376751015,-0.09570080233312193,0.23677645385428192,0.033655141096658105,0.0,-0.4482758620689655,-0.9679300291545189,-1.9776119402985068,-0.9451345755693581,0.0,0.0,1.0,0.0
0.031057087157842916,-0.11823873066777515,0.3193156736635387,0.162811340890224,0.0,-1.3793103448275863,0.014993752603082144,-2.4104477611940296,-0.5952380952380951,0.0,1.0,0.0,0.0
-0.47667252568752855,-0.22149696535772861,0.3446000415058815,0.29406568051716586,0.0,-0.08620689655172414,2.1341107871720117,-0.04477611940298479,1.7163561076604552,-1.0,1.0,0.0,0.0
-0.40512645126098856,-0.09500384120053253,0.28259105409089225,-0.2796462877188337,0.0,0.896551724137931,0.18492294877134519,0.3283582089552242,0.5041407867494822,0.0,0.0,0.0,1.0
-0.3712881236122672,-0.17669743907372112,0.4427186734487958,-0.04364868590546799,0.0,-0.20689655172413796,0.6497292794668889,0.2611940298507467,0.5248447204968942,-1.0,0.0,0.0,1.0
0.31443588797797967,-0.045239452206331444,0.07228642647474445,0.014624631910865491,0.0,-0.9137931034482759,0.6997084548104956,-0.4328358208955218,0.24430641821946159,0.0,1.0,0.0,0.0
-0.4953288751195098,-0.20188763605252819,-0.21966167424467836,0.25287724013648094,0.0,0.5344827586206897,-1.2011661807580174,0.253731343283582,-0.886128364389234,0.0,0.0,0.0,0.0
-0.07455708524262311,0.5826960641187001,-0.24930701139200392,0.35133133592111265,0.0,0.10344827586206898,-1.051228654727197,-0.029850746268656747,-0.8219461697722565,-1.0,0.0,0.0,1.0
2.1389861135328188,3.3160806640727776,-1.7748616250944,-1.5792062028185667,-1.0,0.0689655172413793,-0.0016659725114534663,-4.850746268656716,-0.3322981366459626,-1.0,0.0,0.0,0.0
-0.5208465181367519,-0.06298074289680758,-0.08701485473959786,0.0022622100947475637,0.0,0.9137931034482759,-0.7496876301541024,2.432835820895523,-0.2525879917184265,0.0,0.0,1.0,0.0
1.3076276515244907,-0.18618901171409732,0.22122465092079646,-0.15539770217936683,0.0,-0.9137931034482759,-0.45147855060391495,-0.2388059701492533,-0.8240165631469977,0.0,0.0,0.0,1.0
-0.09676257692311543,0.03394761776168001,0.21942780127134967,0.6104743739495401,0.0,0.9482758620689655,-1.0845481049562682,0.23880597014925398,-0.5745341614906831,0.0,0.0,0.0,0.0
0.26963936215744017,2.565613439064884,-2.3436495159095916,-0.6758050818304597,-1.0,-0.5689655172413793,-0.28488129945855906,0.47014925373134325,-0.2215320910973085,0.0,0.0,1.0,0.0
-0.5295742432703207,-0.08827066161443958,0.6805916235648036,0.17978828300503277,0.0,-0.8448275862068967,0.01665972511453561,-0.253731343283582,-0.26708074534161497,0.0,0.0,0.0,1.0
0.02565183856015902,-0.05259108174700646,0.0477316561458594,0.23928046739418476,0.0,0.8793103448275862,-0.11661807580174928,-1.3656716417910444,0.08074534161490693,0.0,0.0,1.0,0.0
0.22533589774688997,2.91618216073775,-2.078535890877319,-1.4748266506890195,-1.0,0.2931034482758621,-0.08496459808413176,0.6791044776119405,0.3064182194616976,-1.0,0.0,0.0,1.0
1.6558230839567838,2.145805761235656,-1.6983440719744183,-1.2172528580067539,-1.0,-0.9310344827586208,-0.06663890045814244,-0.05223880597014881,-0.21739130434782603,0.0,0.0,0.0,1.0
-0.4119639123357151,0.11045158551089461,0.7816478634392511,0.09290293337029926,0.0,1.2586206896551724,-0.28154935443565193,2.0746268656716427,0.2732919254658382,0.0,0.0,1.0,0.0
0.11474653308887003,4.656671659323781,-1.261383046664269,-0.39679053928667823,-1.0,-0.9827586206896552,0.9346105789254476,2.798507462686568,0.8084886128364387,0.0,1.0,0.0,0.0
-0.5428483532735214,-0.02596639590798393,0.110274827474876,0.37244362123040375,0.0,-0.48275862068965514,0.43481882548937933,0.05223880597015013,0.26708074534161497,-1.0,1.0,0.0,0.0
-0.3308219332382743,0.12486164221824353,0.6804474550782902,0.19062274161353898,0.0,0.3448275862068966,0.14993752603082025,0.7238805970149252,0.5828157349896477,-1.0,0.0,0.0,0.0
-0.04387521104237396,0.07455199904211039,0.2923440931759701,0.18911554448191004,0.0,-0.051724137931034454,-0.7496876301541022,-0.29104477611940277,-0.8623188405797101,-1.0,0.0,0.0,1.0
-0.4101066060249237,-0.22278895594350595,0.28848042472086494,0.43761794304099616,0.0,1.3793103448275863,-0.26655560183256977,0.29104477611940277,0.21739130434782575,0.0,1.0,0.0,0.0
2.4760552283078976,3.484069987184825,-0.5666003731959706,-1.6627952915763682,-1.0,-0.5517241379310345,0.5164514785506039,-0.04477611940298479,0.29813664596273265,0.0,1.0,0.0,0.0
0.29429300835714645,3.6467581005565783,-0.3770352732288287,-0.9328093438317083,-1.0,0.0,-0.26655560183256977,1.649253731343284,-0.2712215320910974,-1.0,0.0,1.0,0.0
-0.2045531325686478,0.035532093383798674,0.08426336154768749,0.08402181862769255,0.0,-0.08620689655172414,1.2511453561016244,6.628197161941233e-16,1.0631469979296062,-1.0,1.0,0.0,0.0
-0.2112916674248545,-0.2275020935940299,0.39372226161674523,0.2575128394826089,0.0,0.37931034482758624,0.5514369012911287,1.8358208955223885,0.5517598343685297,-1.0,0.0,1.0,0.0
-0.3394440713855816,-0.12782219642261225,0.32425675633199325,0.2844294699137593,0.0,1.1551724137931034,0.299875052061641,-3.1641791044776117,0.20082815734989648,0.0,0.0,0.0,0.0
0.12373469845634087,0.2864391049262843,0.2501974257557619,-0.2613801961992161,0.0,0.20689655172413796,-0.68304872969596,-0.23134328358208928,-0.5641821946169772,-1.0,0.0,0.0,1.0
-0.5141521738449817,-0.0881146197806928,0.23279155304648844,0.006177351497773656,0.0,0.051724137931034454,0.3515201999167013,3.611940298507464,0.41614906832298115,-1.0,0.0,1.0,0.0
3.4865913040273098,2.4307494603453557,-1.381372477249345,-1.6769860700969328,-1.0,1.0344827586206897,-0.19825072886297362,-0.2388059701492533,-0.07763975155279501,0.0,0.0,1.0,0.0
-0.26737233189425125,2.1962000620313913,-1.4512702297491427,-1.4692154599760958,-1.0,0.5862068965517241,-1.399416909620991,-0.5970149253731336,-1.2546583850931676,-1.0,1.0,0.0,0.0
0.020458539391607102,0.1864314648007819,-0.45818716066871346,0.20061383257020515,0.0,0.6379310344827587,-1.1678467305289462,-3.7761194029850746,-0.893374741200828,-1.0,0.0,0.0,0.0
2.370476303790296,2.7623112855014926,-1.6055280879920721,-1.1984356820175928,-1.0,0.1724137931034483,-0.46813827571845057,-5.611940298507462,-0.3819875776397515,-1.0,0.0,1.0,0.0
-0.32306330565375274,-0.21750284663623914,-0.276139232702081,0.03493890667767065,0.0,0.0,0.0,-1.9552238805970148,-0.050724637681159465,-1.0,1.0,0.0,0.0
-0.1394107587257355,0.09597773593452019,0.3213138111653793,-0.048088735501935764,0.0,1.0,-0.8496459808413162,0.28358208955223874,-0.298136645962733,0.0,0.0,0.0,1.0
-0.38884150166004205,-0.2314739241905102,-0.007853937958368928,0.010901763147695481,0.0,1.0344827586206897,-0.4481466055810078,1.395522388059702,-0.329192546583851,0.0,1.0,0.0,0.0
0.39412360232525673,0.9191363742917525,-1.4572792272002448,-0.6055321499638714,-1.0,-0.2931034482758621,0.5497709287796751,-0.3880597014925364,0.22049689440993794,-1.0,0.0,1.0,0.0
0.5791000282572017,-0.09302470315775581,0.20413469885714416,0.3086000232982736,0.0,-0.10344827586206898,1.0179092044981257,0.05970149253731415,0.7826086956521737,-1.0,0.0,0.0,1.0
-0.38717708740169837,-0.06413707317105259,0.5112859758736175,0.0546133215538165,0.0,0.6206896551724138,0.4831320283215327,-3.6194029850746268,0.5434782608695651,0.0,0.0,0.0,1.0
0.21570042879966697,-0.10929734217691914,0.2106221805073009,-0.21954802249259708,0.0,0.4310344827586207,-0.5164514785506039,0.3208955223880602,-0.3043478260869565,0.0,0.0,0.0,0.0
0.6561182143017493,-0.010624724509117783,-0.10757115577737186,0.021355764839915435,0.0,-0.051724137931034454,-0.7496876301541022,-0.29104477611940277,-0.8623188405797101,-1.0,0.0,1.0,0.0
0.03615055803228211,-0.13856253473301894,0.2586490413363887,0.20180867264067479,0.0,1.3793103448275863,-0.04831320283215337,2.440298507462687,0.5559006211180122,0.0,0.0,0.0,1.0
1.054506285448361,2.2792503792732233,-0.8463444040325226,-1.226057023241131,-1.0,-0.7241379310344828,-0.9512703040399832,0.007462686567164021,-1.123188405797101,-1.0,0.0,0.0,1.0
-0.5550239936395037,-0.1403132980639785,-0.29560556685468775,0.4893125541352805,0.0,0.9310344827586208,0.2515618492294876,2.23134328358209,0.5165631469979295,0.0,0.0,1.0,0.0
-0.5471164301659813,-0.23110448921642854,-0.07076599774852474,-0.14899389963382328,0.0,-0.8793103448275863,1.434402332361516,-0.03731343283582077,0.8892339544513456,-1.0,0.0,1.0,0.0
-0.45951383325720857,0.29119713843903877,-0.15729781140446114,0.0962265069341951,0.0,0.6551724137931034,-1.016243231986672,-0.4253731343283578,-0.9006211180124222,0.0,0.0,1.0,0.0
0.28678159881474535,-0.15922022953822906,-0.053278645925758324,0.4429156808710272,0.0,-1.0344827586206897,0.1649312786339024,0.2686567164179107,0.03830227743271209,0.0,0.0,1.0,0.0
4.888151611646331,2.4612501041769552,-1.908196816124188,-1.2947410193982665,-1.0,-1.5517241379310345,0.6997084548104956,3.55223880597015,0.04968944099378893,0.0,0.0,1.0,0.0
0.09027522203439284,-0.006057004740521019,0.21680659555065002,0.23404750936867014,0.0,-1.0344827586206897,0.1649312786339024,0.2686567164179107,0.03830227743271209,0.0,1.0,0.0,0.0
2.563571645265417,1.0942434046857297,-1.662870487654505,-1.2325244831332356,-1.0,-0.3275862068965517,0.5164514785506039,-2.2835820895522385,0.2463768115942028,0.0,0.0,1.0,0.0
4.350500485088533,0.34745454192663366,-2.3436495159095916,-0.9772391249357107,-1.0,-1.206896551724138,0.38317367763431903,1.2164179104477613,-0.15942028985507248,0.0,1.0,0.0,0.0
-0.16916061022399886,0.08692446792608159,0.2990512177369742,-0.05186818374799303,0.0,-1.0862068965517242,1.4010828821324448,3.559701492537314,0.8581780538302276,0.0,1.0,0.0,0.0
2.133505550551129,-0.1033499341017969,0.6591603132918592,0.20876922238180348,0.0,0.15517241379310348,0.04997917534360683,-0.507462686567164,0.015527950310558855,0.0,0.0,0.0,1.0
1.7205299859363377,2.3465654651911034,-2.0586761099139856,-1.3945061604314752,-1.0,-0.3965517241379311,0.5181174510620574,-0.14925373134328307,0.21739130434782603,-1.0,1.0,0.0,0.0
1.6666529528517007,-0.18818881211291,-0.27712571915422474,-0.036639569531794085,0.0,-0.9137931034482759,0.7163681799250312,-2.4029850746268653,0.21325051759834357,0.0,0.0,0.0,0.0
0.8330633859569179,2.812130748239498,-2.1561289104443104,-1.9535447532729158,-1.0,0.06896551724137938,-0.2515618492294876,0.0,-0.2960662525879916,-1.0,0.0,0.0,0.0
0.4217882674351,1.9207001829396462,-1.8480467839597776,-1.9156680324209299,-1.0,0.810344827586207,-1.2328196584756352,0.08208955223880689,-0.6521739130434784,-1.0,0.0,1.0,0.0
0.7906886681762327,1.1079338477129401,-1.4813914540270745,-1.5202211076670873,-1.0,0.9310344827586208,0.2515618492294876,2.23134328358209,0.5165631469979295,0.0,0.0,0.0,1.0
-0.34832029729840186,-0.22042510521609573,-0.2213614714235482,0.29319237727909214,0.0,0.896551724137931,0.18492294877134519,0.3283582089552242,0.5041407867494822,0.0,0.0,0.0,1.0
-0.11583649404323995,-0.11731726286124154,0.05053584504221846,0.16033846838216959,0.0,-0.810344827586207,1.199500208246564,-0.052238805970149474,0.6128364389233955,-1.0,0.0,0.0,1.0
-0.34365822660349654,0.4380784048214275,-0.5238626304651917,0.2725108518631522,0.0,-0.017241379310344845,-0.24989587671803415,0.0746268656716422,-0.30020703933747406,-1.0,0.0,1.0,0.0
0.15460887583586358,-0.21606741199400134,0.2474033875397393,0.1186369150212511,0.0,0.3448275862068966,0.14993752603082025,0.7238805970149252,0.5828157349896477,-1.0,0.0,0.0,1.0
0.9933522542879034,2.0509700914190594,-1.6842995976186856,-0.9855478862221939,-1.0,-0.051724137931034454,-0.7496876301541022,-0.29104477611940277,-0.8623188405797101,-1.0,0.0,0.0,0.0
-0.25078629734171715,1.4037558528539162,-2.2229013646665545,-1.2305531302814707,-1.0,0.9137931034482759,0.4181591003748437,0.2686567164179107,0.7846790890269147,0.0,1.0,0.0,0.0
-0.3247856267942177,-0.20954598804810104,0.18368301927623365,-0.05128023561495553,0.0,-0.1724137931034483,0.6847147022074135,4.007462686567164,0.5942028985507246,-1.0,0.0,0.0,1.0
0.048387417628383264,-0.10876959221488701,-0.12132935772558254,0.2101270004538191,0.0,-0.051724137931034454,-0.4014993752603081,-1.6119402985074622,-0.42443064182194606,-1.0,0.0,0.0,0.0
1.0179549953893066,-0.018916938485595457,0.33698231888857716,0.2283540444483166,0.0,0.4655172413793104,-0.7013744273219491,0.03731343283582077,-0.5869565217391305,-1.0,0.0,1.0,0.0
3.540687550417955,0.9534530106541627,-0.3070356286670105,-1.933719095824537,-1.0,1.1551724137931034,0.299875052061641,-3.1641791044776117,0.20082815734989648,0.0,0.0,0.0,0.0
-0.11530674358981266,2.4862898053063915,-1.3544363169149798,-0.7977352936387627,-1.0,-0.1724137931034483,0.6680549770928779,5.977611940298509,0.6252587991718426,-1.0,0.0,0.0,0.0
0.7714278803539856,3.5357925123271734,-1.5773218937724927,-1.2747849271371556,-1.0,1.0344827586206897,-0.21491045397750924,1.7313432835820903,-0.04658385093167701,0.0,0.0,1.0,0.0
-0.21548713873090064,-0.21701052922591865,-0.25974152551678426,-0.19932055349153655,0.0,1.3275862068965516,-0.26655560183256977,-2.791044776119403,-0.03933747412008293,0.0,0.0,1.0,0.0
-0.19126508129747216,-0.09508175137825388,0.09309598163938276,0.1720981927174702,0.0,-0.8793103448275862,0.8163265306122449,-0.22388059701492527,0.25879917184265006,0.0,0.0,0.0,0.0
0.5251165963338287,1.2041482089979838,-0.8204956361819618,-1.107562067292324,-1.0,0.48275862068965514,-0.24989587671803415,2.1268656716417915,0.032091097308488546,-1.0,0.0,1.0,0.0
0.7352730490264504,0.0883560385004635,-0.2533632555719283,0.3352884861997202,0.0,0.0,-0.24989587671803415,-0.3208955223880595,-0.3022774327122154,-1.0,0.0,1.0,0.0
0.5157334948069975,0.09114089922892975,0.4210983770024657,0.4390311162301764,0.0,-1.5,0.9346105789254476,3.5970149253731347,0.3260869565217391,0.0,0.0,0.0,1.0
-0.3297670838295343,-0.228436910867447,-0.019975765001986258,-0.06317063746981558,0.0,0.48275862068965514,-0.4831320283215327,1.791044776119403,-0.2505175983436854,-1.0,0.0,0.0,0.0
0.32325021464585424,3.4853082415169525,-1.6378301266700503,-2.2902891734356188,-1.0,0.0,-0.26655560183256977,1.649253731343284,-0.2712215320910974,-1.0,0.0,0.0,0.0
1.1271502879874937,-0.08495387849477327,0.3803173726462062,0.24954295542374516,0.0,1.206896551724138,-0.41649312786339027,-1.1865671641791038,0.12008281573498956,0.0,0.0,0.0,1.0
-0.31975566102379627,0.018166409787194308,0.1554168592827499,-0.0138087930761217,0.0,0.12068965517241376,0.13327780091628488,-1.5895522388059702,-0.17908902691511394,-1.0,0.0,0.0,1.0
0.5445210477764554,0.785964449938099,-0.3494268424709631,-1.228734977429526,-1.0,0.8793103448275863,-1.4677217825905873,0.06716417910447818,-0.9285714285714285,-1.0,1.0,0.0,0.0
-0.1807085890586159,-0.22021010020281678,-0.03106914522974228,0.4050306321666016,0.0,0.396551724137931,-0.534777176176593,-2.5522388059701493,-0.5983436853002069,0.0,0.0,1.0,0.0
0.7634513631655844,-0.21163553597878876,0.4587682084217408,0.15540120157766132,0.0,-0.7068965517241379,1.6343190337359432,3.589552238805971,1.1532091097308486,0.0,1.0,0.0,0.0
-0.278202333634888,1.6984522570434946,-0.5939947492767119,-1.1702234231163864,-1.0,0.4482758620689655,-0.2832153269471054,0.2611940298507467,-0.023809523809523923,0.0,0.0,1.0,0.0
0.39149230596584306,2.0624987945029276,-1.8596457136186713,-1.4512366058301875,-1.0,1.103448275862069,-0.4331528529779259,-3.731343283582089,-0.1283643892339545,0.0,0.0,0.0,0.0
-0.18957359088901646,-0.07793920623895241,0.14590865838881747,0.02829329161011145,0.0,-0.06896551724137938,0.2182423990004164,0.02985074626865741,0.25672877846790865,-1.0,0.0,0.0,0.0
1.2926314857002943,0.5146201059440466,-1.63199700623747,-1.447960443992825,-1.0,-0.08620689655172414,1.2511453561016244,6.628197161941233e-16,1.0631469979296062,-1.0,0.0,1.0,0.0
-0.05477779723356537,0.05936889495781249,0.1898526203737436,0.28895637137508584,0.0,0.5344827586206897,-0.982923781757601,2.402985074626866,-0.5476190476190474,0.0,0.0,0.0,0.0
1.7197303239055477,1.0098354465137438,-0.42929954526725317,-1.0855043873162993,-1.0,0.7758620689655172,0.18492294877134519,0.29850746268656814,0.5041407867494822,0.0,0.0,1.0,0.0
1.58542901637659,4.048496587459128,-1.2602416886497576,-0.5896431535384639,-1.0,0.9827586206896552,-0.9679300291545189,-2.768656716417911,-0.8478260869565216,0.0,0.0,0.0,1.0
0.805052401512112,2.40428553987241,-2.1588250122633657,-1.197476848106489,-1.0,0.22413793103448273,0.14993752603082025,0.6940298507462692,0.5828157349896477,-1.0,0.0,1.0,0.0
-0.5422522048242454,0.044375900087980334,-0.14518251607775257,0.3845307267658627,0.0,-0.5517241379310345,-0.05164514785506053,0.41044776119402976,0.05900621118012409,0.0,0.0,0.0,1.0
0.543111287680394,-0.04507160841792456,-0.5575684707085969,0.3403894207372078,0.0,0.8620689655172414,-1.1178675551853394,-1.1641791044776117,-0.6884057971014491,0.0,0.0,0.0,0.0
-0.5218204467042101,-0.06207057781718758,-0.14780527752690273,-0.22099111316708248,0.0,1.0344827586206897,-0.19825072886297362,-0.2388059701492533,-0.07763975155279501,0.0,0.0,0.0,0.0
-0.01145505952871201,-0.028984314521863452,-0.20102527028842831,0.6276598491633338,0.0,-0.5344827586206897,0.9329446064139942,-0.40298507462686506,0.5393374741200826,0.0,0.0,0.0,1.0
0.22102059146199762,2.2041608206173136,-1.7495583560037322,-1.2343451270459929,-1.0,-0.8793103448275862,0.8163265306122449,-0.22388059701492527,0.25879917184265006,0.0,0.0,0.0,1.0
1.8535249632650457,1.4512126405005488,-1.9547233251960838,-1.3796417352183268,-1.0,1.3275862068965518,-0.41649312786339027,-1.1567164179104477,0.12008281573498956,0.0,0.0,0.0,0.0
0.8362245233657134,0.6880813815217811,0.7816478634392511,-1.5880711768606934,-1.0,-0.4655172413793104,0.4331528529779259,-0.18656716417910382,0.24016563146997913,-1.0,0.0,0.0,1.0
1.3146466240600634,-0.13136661592916202,0.32837655032961954,-0.2601266443212441,0.0,1.206896551724138,-0.41649312786339027,-1.1865671641791038,0.12008281573498956,0.0,0.0,1.0,0.0
1.5571968070163766,0.029638935124688008,-1.7276013735245919,-1.209912279303245,-1.0,0.15517241379310348,0.04997917534360683,-0.507462686567164,0.015527950310558855,0.0,0.0,0.0,0.0
1.565772076540196,5.679430564147766,-2.3436495159095916,-1.2911633610181685,-1.0,-0.9310344827586208,-0.28488129945855883,0.253731343283582,-0.5786749482401654,-1.0,0.0,0.0,0.0
3.258502113722502,1.882385645296624,-1.349735924439356,-1.2551001305320308,-1.0,-0.3965517241379311,-0.8329862557267805,1.2835820895522394,-0.7919254658385094,0.0,0.0,1.0,0.0
-0.4968084163692244,-0.15193474829566966,0.7424017687482698,0.3552852076322877,0.0,1.0517241379310345,0.2515618492294876,-0.19402985074626852,0.5393374741200825,-1.0,1.0,0.0,0.0
0.9002558574814148,3.600913003676056,-0.9102470506841378,-1.7866805452710186,-1.0,-0.6379310344827586,0.6330695543523532,0.3208955223880595,0.3726708074534161,-1.0,0.0,0.0,1.0
0.3581492366846069,-0.02712926773988646,0.022070991460126095,0.27437011587073895,0.0,-0.48275862068965525,1.3177842565597666,1.223880597014926,0.9440993788819873,0.0,0.0,1.0,0.0
1.677930845157077,1.4695288300464278,-0.6025545030824131,-0.9778084844645664,-1.0,0.7068965517241379,0.08496459808413176,-0.9029850746268651,-0.0631469979296067,-1.0,0.0,1.0,0.0
1.642038304207861,-0.17911825507657125,-0.2239701289646813,0.36596564234890916,0.0,-1.3275862068965518,0.4831320283215327,-2.0298507462686564,-0.03623188405797101,0.0,0.0,0.0,1.0
-0.5443561516708753,0.2508505760357179,-0.03402434559912809,-0.11108116305456771,0.0,-0.017241379310344845,-0.24989587671803415,0.0746268656716422,-0.30020703933747406,-1.0,0.0,0.0,0.0
-0.1363807677974284,0.15977702380609485,0.011161262857145507,0.09484904534997887,0.0,-0.3275862068965517,0.5014577259475218,-0.4701492537313426,0.3022774327122153,0.0,0.0,0.0,1.0
1.8714785794327804,0.22299919623936493,-0.6334882241352761,0.40915014323580645,0.0,-0.48275862068965525,1.3177842565597666,1.223880597014926,0.9440993788819873,0.0,0.0,0.0,0.0
2.8403816304443428,2.505713556377481,-0.7915152760852556,-0.33650482138608306,-1.0,0.8620689655172414,0.1832569762598917,0.22388059701492594,0.5082815734989646,0.0,0.0,0.0,0.0
-0.10838992108678838,1.299803820538782,-2.1166724070287914,-1.1575047111002903,-1.0,0.05172413793103449,1.0845481049562682,-0.46268656716417855,0.817805383022774,0.0,1.0,0.0,0.0
0.5843402153712263,-0.13740838519251056,0.07715753864034723,0.5950031956571494,0.0,-1.0517241379310345,-0.28488129945855883,0.22388059701492594,-0.5786749482401654,-1.0,0.0,0.0,1.0
-0.2951191854855846,0.09287276350851147,-0.18342317114645426,0.21735855665873843,0.0,0.17241379310344823,1.2511453561016244,-0.38059701492537235,1.0289855072463767,-1.0,0.0,0.0,1.0
3.1418376859850845,2.7081123073594564,-1.4872157278892235,-0.7314294840667444,-1.0,0.5344827586206897,-0.9662640566430654,0.43283582089552247,-0.5786749482401655,0.0,0.0,0.0,0.0
-0.27148847917160285,0.03347268398479657,0.08812606446176592,0.33305042698105153,0.0,-1.0862068965517242,-0.31820074968763007,-1.671641791044776,-0.5527950310559006,0.0,0.0,0.0,0.0
-0.5377957348209575,-0.012947188234048902,0.04289490386574463,0.11114736094179141,0.0,0.4655172413793104,0.7180341524364847,0.05970149253731415,0.7453416149068322,0.0,0.0,0.0,1.0
3.447383086172098,2.1056854974501897,-1.1394299867425717,-0.9815737524598908,-1.0,0.10344827586206898,-0.4831320283215327,-0.7462686567164173,-0.06935817805383039,-1.0,0.0,1.0,0.0
-0.29756420147740154,-0.23239428771999543,0.07288059990028037,0.0543828654720537,0.0,0.9310344827586208,-1.2328196584756352,0.11194029850746297,-0.6521739130434784,-1.0,1.0,0.0,0.0
-0.21071187452310539,0.9352665075126836,-2.2205140004118022,-1.118142829391487,-1.0,0.48275862068965525,-1.3511037067888378,-1.1940298507462686,-0.9834368530020702,0.0,0.0,0.0,1.0
0.11973690908189624,0.565864117034598,-0.036197248029114164,-0.0713977556643432,0.0,-0.7758620689655172,-0.2182423990004164,-0.2686567164179107,-0.5434782608695651,0.0,1.0,0.0,0.0
-0.05104078779176222,0.037189039244077224,0.16548577806398304,-0.29548352066323774,0.0,-1.103448275862069,0.39983340274885465,3.761194029850747,0.08902691511387155,0.0,0.0,0.0,1.0
0.38481079570135973,0.07883456450566238,-0.052666625526441566,-0.31471603269899295,0.0,0.5344827586206897,-0.9662640566430654,0.43283582089552247,-0.5786749482401655,0.0,1.0,0.0,0.0
-0.19536742482323444,-0.05686602420144634,0.3431041903998517,-0.26205040464865453,0.0,0.1724137931034483,-0.7180341524364847,-3.977611940298507,-0.6335403726708074,-1.0,0.0,1.0,0.0
2.238087894004887,1.2536972087920775,-2.3436495159095916,-1.0538393576949205,-1.0,-0.603448275862069,1.1678467305289462,2.828358208955225,1.1035196687370596,0.0,0.0,0.0,0.0
-0.2084763771159556,-0.09337015248297514,0.4294797576902888,0.3298937195683026,0.0,-0.0689655172413793,-0.031653477717617756,4.880597014925374,0.29296066252587966,-1.0,0.0,0.0,1.0
-0.4021755839313788,-0.14084236830509575,-0.1556872333610931,0.08774579945380889,0.0,-0.603448275862069,-0.5847563515201999,0.43283582089552247,-0.5393374741200828,-1.0,0.0,0.0,0.0
-0.3883838224939981,-0.20770972649461053,0.6983403550927415,0.2699555878301839,0.0,0.08620689655172414,-2.1674302374010828,0.0746268656716422,-1.7556935817805381,-1.0,0.0,0.0,0.0
-0.3234159419362933,0.15493262910977842,0.5075844104552178,0.3573849580758457,0.0,-0.2931034482758621,0.05164514785506053,-0.649253731343283,-0.34575569358178054,-1.0,1.0,0.0,0.0
-0.41771061043015706,0.1543654163893805,-0.32459042715852043,0.28919275958343793,0.0,0.603448275862069,0.751353602665556,-0.07462686567164087,0.7443064182194615,0.0,0.0,0.0,0.0
3.116073129869823,0.9693326576774703,-1.6129875971895877,-1.2772805706335806,-1.0,0.9310344827586208,0.2515618492294876,2.23134328358209,0.5165631469979295,0.0,1.0,0.0,0.0
0.8179607194808812,-0.10817273833271648,0.19272332289971747,0.4396549384456301,0.0,0.6551724137931034,-0.9346105789254476,-3.8358208955223883,-0.6128364389233955,-1.0,1.0,0.0,0.0
1.6659515529121245,0.6144553824597158,-0.5024524175418665,-1.2580877573904723,-1.0,-0.5344827586206896,0.6680549770928779,3.0447761194029863,0.8043478260869562,-1.0,0.0,0.0,1.0
-0.49396480602490295,-0.029180281727368446,0.3662935452830671,0.07953578526286428,0.0,0.8448275862068967,-0.04997917534360683,0.2835820895522394,0.22774327122153204,0.0,0.0,1.0,0.0
-0.26648497911285995,0.1185772765131636,-0.16140782766601536,0.05802228298770792,0.0,0.4655172413793104,-0.4831320283215327,2.1865671641791047,-0.24844720496894404,-1.0,0.0,0.0,0.0
-0.31103059485789475,0.9584476173408775,-0.1950799237550037,-1.472608694639141,-1.0,-0.48275862068965514,0.43481882548937933,0.05223880597015013,0.26708074534161497,-1.0,0.0,0.0,0.0
-0.525503077848099,-0.1421724741115958,0.3486526747011154,-0.11021122474829637,0.0,-0.017241379310344824,1.6343190337359432,0.17164179104477645,1.4171842650103517,0.0,0.0,0.0,0.0
-0.45157687501124133,-0.13090305551593048,0.19738673601153653,-0.41629320468231407,0.0,0.4655172413793104,-0.4831320283215327,2.1865671641791047,-0.24844720496894404,-1.0,1.0,0.0,0.0
0.6006412815603727,0.10476152105118387,-0.1691222317753329,-0.18711494407447501,0.0,0.0,0.2015826738858808,2.1641791044776126,0.31884057971014496,-1.0,0.0,0.0,0.0
-0.4230297765120086,-0.1386762977337479,0.0384929461493437,-0.004053587339678892,0.0,-0.15517241379310345,1.7509371095376927,-0.21641791044776057,1.3623188405797098,0.0,1.0,0.0,0.0
-0.4705849367890859,0.08010116047359274,0.21746105650495004,0.06809075285699707,0.0,-0.6206896551724137,-1.0179092044981257,0.16417910447761178,-1.0641821946169772,0.0,0.0,0.0,0.0
3.378252037404414,3.7741189514749824,-1.8549390506935137,-0.8153717210490518,-1.0,1.0,0.03331945022907122,-2.970149253731343,-0.07867494824016555,0.0,0.0,0.0,0.0
-0.5119829085202274,-0.11035971729925668,0.33763644130225506,-0.11645332487704997,0.0,0.0,-0.03331945022907122,1.9850746268656723,0.011387163561076543,-1.0,0.0,1.0,0.0
-0.49679974549968603,-0.1597631013706754,0.39781461762359355,-0.1877794093701279,0.0,0.7068965517241379,-0.2832153269471054,-0.11940298507462632,-0.05797101449275355,0.0,0.0,1.0,0.0
-0.33271177931025364,0.18435627171167474,0.057964099320952416,0.20303130302701972,0.0,-1.2586206896551724,0.13327780091628488,3.955223880597015,-0.1904761904761905,0.0,0.0,0.0,1.0
0.35102012205836747,0.22418128819101713,0.2018071060252849,0.19330510033593232,0.0,-0.32758620689655177,-0.4498125780924615,1.4552238805970152,-0.43788819875776397,-1.0,1.0,0.0,0.0
0.5783238863868849,-0.10702485876706787,-0.2982326946884503,-0.04028271132604724,0.0,1.0344827586206897,-0.19825072886297362,-0.2388059701492533,-0.07763975155279501,0.0,0.0,1.0,0.0
-0.02490580927751886,-0.09015285799141247,0.27102006537530576,0.18823307260148642,0.0,0.48275862068965525,-1.3511037067888378,-1.1940298507462686,-0.9834368530020702,0.0,0.0,1.0,0.0
-0.022772692233044112,-0.14644502190974473,0.08739484795965513,0.08864863344094087,0.0,-0.5344827586206897,0.9496043315285299,-2.3731343283582085,0.5082815734989645,0.0,0.0,1.0,0.0
-0.46453498707152757,0.01853175079143401,0.27221789432498694,0.26895944465253635,0.0,-0.810344827586207,1.199500208246564,-0.052238805970149474,0.6128364389233955,-1.0,0.0,0.0,0.0
1.635637587923231,3.3686596650372707,0.4304819911582554,-1.7415108774884638,-1.0,-1.0344827586206897,0.3998334027488544,0.4477611940298512,0.34575569358178054,0.0,0.0,0.0,1.0
-0.434770814230864,0.16858872863713972,0.1285464767137057,-0.100735965766146,0.0,0.5517241379310345,-0.5497709287796751,0.0746268656716422,-0.3374741200828156,0.0,0.0,1.0,0.0
0.8230796649831997,-0.18328686340103906,-0.23199819285461748,0.1952355654088431,0.0,1.2758620689655173,-0.6513952519783422,-1.2014925373134326,-0.15631469979296056,0.0,0.0,1.0,0.0
0.08749222389578717,-0.07697871331521572,0.40518476297284534,0.5171885255651886,0.0,-0.10344827586206898,1.0179092044981257,0.05970149253731415,0.7826086956521737,-1.0,0.0,1.0,0.0
0.21842326598044187,1.407256381811095,-1.398315767573126,-1.2719670157262601,-1.0,1.1551724137931034,0.299875052061641,-3.1641791044776117,0.20082815734989648,0.0,0.0,0.0,1.0
0.5691208808459484,0.4161114930153547,-1.5821322562560276,-0.9762361222240278,-1.0,-0.4482758620689655,-0.9679300291545189,-1.9776119402985068,-0.9451345755693581,0.0,1.0,0.0,0.0
2.3708980624816482,3.154685973336567,-1.298287639727146,-1.0383500325853972,-1.0,-1.103448275862069,0.39983340274885465,3.761194029850747,0.08902691511387155,0.0,0.0,0.0,1.0
0.40638361212128293,0.6816327297752498,0.46756097096743926,0.4457591882409681,0.0,1.5,-0.9679300291545189,-3.5671641791044775,-0.36542443064182195,0.0,0.0,0.0,1.0
0.6148723618756669,-0.20316675106205503,0.21229360802171052,0.10040916703563009,0.0,0.03448275862068967,-1.434402332361516,-0.20149253731343253,-1.175983436853002,0.0,0.0,0.0,0.0
-0.3020847755815159,0.10100209816831579,0.39132651813977803,0.5199578881524076,0.0,0.15517241379310348,0.04997917534360683,-0.507462686567164,0.015527950310558855,0.0,1.0,0.0,0.0
2.462520017121778,1.1879649884814558,-1.4631842826165853,-1.4419888608478233,-1.0,-1.0344827586206897,0.41482715535193654,-1.3656716417910446,0.28985507246376807,0.0,1.0,0.0,0.0
0.6190042932414547,1.4757616260932565,-1.6672248517779935,-1.2545237046774345,-1.0,-0.017241379310344807,-1.0179092044981257,0.21641791044776124,-0.7888198757763976,-1.0,0.0,1.0,0.0
-0.536753926359007,0.18588520320219543,-0.5432665385634808,0.2525967547423432,0.0,0.051724137931034454,0.13327780091628488,1.4626865671641793,0.07763975155279472,-1.0,1.0,0.0,0.0
-0.4275601916271101,-0.2221768452611921,0.5482080657622848,0.3249615864258772,0.0,0.12068965517241378,0.5181174510620576,-0.6865671641791038,0.18633540372670804,-1.0,0.0,0.0,0.0
-0.5470349301422549,-0.15677036755445256,-0.01995075248188975,0.09928508252462076,0.0,-0.9137931034482759,0.6997084548104956,-0.4328358208955218,0.24430641821946159,0.0,0.0,0.0,1.0
0.6022192441689743,0.019488285782560292,0.6948481639284547,0.13399269328508354,0.0,-1.4482758620689655,0.23323615160349856,2.791044776119404,0.0,0.0,0.0,0.0,1.0
-0.5426733278910792,-0.2238648168805141,0.09752612874734373,0.15157245475082642,0.0,1.2586206896551724,-0.16659725114535612,-3.9253731343283578,0.15113871635610757,0.0,1.0,0.0,0.0
-0.05175073986749294,0.08722711830083464,-0.057786543190386244,0.10331435341485913,0.0,-0.051724137931034454,-0.15160349854227395,-3.2462686567164174,-0.1728778467908901,-1.0,0.0,0.0,0.0
2.2106506212748114,4.1386657372587266,-2.3436495159095916,-0.9707627096111223,-1.0,-0.48275862068965514,0.4498125780924615,-1.7611940298507458,0.2111801242236025,-1.0,1.0,0.0,0.0
2.5029911129519924,2.805619357976958,-1.7197739745675038,-1.2641002905709802,-1.0,-0.4655172413793104,0.4331528529779259,-0.18656716417910382,0.24016563146997913,-1.0,1.0,0.0,0.0
-0.38184376767277833,-0.07141782414155103,0.5192004321496329,0.21629205144521985,0.0,-0.5,0.9679300291545189,3.343283582089553,0.6086956521739129,0.0,0.0,0.0,1.0
1.1022595767912289,-0.12206467920560428,0.3641941430726038,0.33569315826305834,0.0,1.3275862068965518,-0.2832153269471054,2.395522388059702,0.27950310559006203,0.0,0.0,1.0,0.0
-0.2569294338172911,-0.10848399209698426,0.31171140134626385,0.25600177510095395,0.0,-0.6551724137931034,0.9829237817576008,0.4552238805970152,0.8612836438923392,0.0,0.0,0.0,0.0
1.1486122038382423,4.475251018810636,-0.972208553339871,-1.2579206415623394,-1.0,0.7758620689655172,0.18492294877134519,0.29850746268656814,0.5041407867494822,0.0,0.0,0.0,1.0
-0.059668885535182306,-0.22842047855968484,0.436836234547226,-0.4929101710081404,0.0,-0.051724137931034454,-0.4014993752603081,-1.6119402985074622,-0.42443064182194606,-1.0,0.0,0.0,1.0
-0.22983905404547197,-0.19571732962933433,-0.08099431952431173,0.30493818448554855,0.0,0.051724137931034454,0.716368179925031,0.3208955223880602,0.8229813664596272,-1.0,0.0,1.0,0.0
-0.25305366313076194,-0.03981522832093583,0.2892838563681547,-0.1025276832269613,0.0,-1.4482758620689655,0.23323615160349856,2.791044776119404,0.0,0.0,0.0,1.0,0.0
1.2519975583055927,0.19477137651502568,0.42891232349429553,0.02691368006160478,0.0,0.5344827586206897,-0.982923781757601,2.402985074626866,-0.5476190476190474,0.0,0.0,0.0,0.0
-0.5249103993129485,-0.20654669001126316,0.06069434290561173,0.06313197943850225,0.0,0.7931034482758622,0.68304872969596,0.007462686567164684,0.8074534161490682,-1.0,1.0,0.0,0.0
-0.34326285521033445,1.5160749375521316,-0.9536426182273451,-0.7876373349652811,-1.0,-0.15517241379310343,-0.2832153269471054,0.20895522388059723,-0.2991718426501035,-1.0,0.0,0.0,1.0
1.2606247909625934,-0.13774823648961598,-0.14512220236834217,0.031613576664815776,0.0,-0.051724137931034454,-0.3848396501457725,-3.582089552238806,-0.4554865424430641,-1.0,0.0,1.0,0.0
-0.507484034445228,-0.14188154108394282,0.7059615678057178,-0.10227533297852891,0.0,0.051724137931034454,0.3681799250312369,1.6417910447761197,0.38509316770186314,-1.0,1.0,0.0,0.0
-0.3757703819210298,-0.17913483536793282,0.5867926536790382,0.12858166296236684,0.0,0.9310344827586208,0.2515618492294876,2.23134328358209,0.5165631469979295,0.0,0.0,0.0,0.0
-0.5466891498742422,-0.1919654485937381,-0.13468655457301998,0.1429381591817712,0.0,-0.27586206896551724,0.6513952519783422,0.977611940298508,0.39958592132505144,0.0,1.0,0.0,0.0
2.7268820427075835,1.6622272060541718,-1.129313143147871,-1.4337959510953402,-1.0,0.396551724137931,-0.534777176176593,-2.5522388059701493,-0.5983436853002069,0.0,0.0,1.0,0.0
-0.39451146227069805,-0.10100956678848087,-0.28373598045602433,0.19633020791153757,0.0,0.37931034482758624,0.8013327780091628,0.2014925373134332,0.8033126293995857,-1.0,0.0,0.0,0.0
0.11896894215103733,-0.05568401980112094,-0.0929581063624404,0.07184840785424731,0.0,-1.0,0.8163265306122449,-0.2537313432835813,0.25879917184265006,0.0,0.0,0.0,0.0
0.09216801988915764,0.36738543735169876,0.5862536368641138,0.05099183663582847,0.0,-0.13793103448275862,0.1499375260308205,0.47761194029850795,0.2256728778467908,0.0,0.0,0.0,1.0
3.7516676481188727,2.3321067065457837,-2.047642669313858,-1.360251307119355,-1.0,0.017241379310344845,0.21657642648896294,-0.04477611940298479,0.26086956521739113,-1.0,1.0,0.0,0.0
0.15584866477611,-0.17157965471352848,0.7816478634392511,0.30246533838453904,0.0,-0.5862068965517241,1.3660974593919197,0.626865671641791,1.2153209109730847,-1.0,0.0,1.0,0.0
0.6802468535767418,0.03878526949744322,-0.02425727473052761,0.44501165296085415,0.0,-0.9310344827586208,-0.28488129945855883,-2.201492537313433,-0.5559006211180124,0.0,0.0,1.0,0.0
-0.29647285475684343,-0.23024048651367401,-0.216785723604869,0.20385165736960525,0.0,0.9827586206896552,-0.5830903790087462,-1.8656716417910444,-0.4824016563146996,0.0,0.0,1.0,0.0
1.0389710504417031,3.1151192128835175,-1.6998664991729497,-1.21051395988217,-1.0,-1.3275862068965518,0.38317367763431903,1.1865671641791051,-0.15942028985507248,0.0,0.0,1.0,0.0
2.455794490624765,2.9450122226372346,-1.4566660078165763,-1.5993387166249353,-1.0,-1.396551724137931,0.46813827571845057,2.8358208955223887,0.2763975155279501,0.0,0.0,1.0,0.0
2.7179909700924076,2.676544435255599,-1.5341103827889595,-1.6273958374517508,-1.0,0.8793103448275862,-0.8496459808413162,0.25373134328358266,-0.298136645962733,0.0,0.0,1.0,0.0
-0.22778180183587854,-0.11252207676701659,0.23463502859400467,0.0917741805610671,0.0,-0.8448275862068967,-0.9512703040399832,-0.022388059701492064,-1.123188405797101,-1.0,1.0,0.0,0.0
3.0988512198146534,1.414622808114994,-1.7743100578574689,-1.3356650743517633,-1.0,-0.5517241379310345,-0.05164514785506053,0.41044776119402976,0.05900621118012409,0.0,0.0,0.0,1.0
-0.37402862096326817,-0.134251907252757,0.18309019959949668,-0.2018773335258286,0.0,0.5517241379310345,0.018325697625989314,-0.38059701492537235,-0.09834368530020701,0.0,1.0,0.0,0.0
0.21687991533863754,0.20615095751085405,-0.0041849785987983935,0.2874252993579994,0.0,1.1551724137931034,0.299875052061641,-3.1641791044776117,0.20082815734989648,0.0,0.0,0.0,1.0
-0.008695912263905042,0.13837078665548486,-0.33388213894887075,0.578777555752857,0.0,0.5,0.7513536026655562,-0.6567164179104471,0.481366459627329,-1.0,0.0,0.0,0.0
2.130530800486501,2.1277282614420816,-2.3436495159095916,-0.5568662065846529,-1.0,0.4137931034482759,0.4498125780924615,-0.022388059701492064,0.5124223602484471,-1.0,0.0,1.0,0.0
0.8547977943376207,1.1376302313854574,-1.2344588565868484,-1.1319500403052731,-1.0,0.4137931034482759,-0.8513119533527697,-1.4104477611940298,-0.6842650103519666,-1.0,1.0,0.0,0.0
0.4544734642548175,0.04430588767391582,-0.0701019453000316,0.03458217505968107,0.0,0.06896551724137938,-0.2515618492294876,0.0,-0.2960662525879916,-1.0,0.0,1.0,0.0
2.5651897543440567,5.755855923461872,-2.1557855514364714,-0.6501853100594126,-1.0,-1.206896551724138,0.38317367763431903,1.2164179104477613,-0.15942028985507248,0.0,0.0,0.0,0.0
-0.4374437287696102,0.14374146582676964,0.24560926291237373,0.36996345162453353,0.0,0.9482758620689655,-1.0845481049562682,0.23880597014925398,-0.5745341614906831,0.0,0.0,1.0,0.0
0.06749819102427823,0.2710213422213526,-0.40194556686160515,-0.31973337267795426,0.0,0.4655172413793104,-0.4664723032069971,0.21641791044776124,-0.27950310559006203,-1.0,1.0,0.0,0.0
0.16348073834852905,1.6048759278205502,-0.5776917289448523,-1.4331500222834594,-1.0,-0.051724137931034454,-0.2515618492294876,-0.029850746268656084,-0.2960662525879916,-1.0,1.0,0.0,0.0
-0.16092072623493678,0.046068148741372654,-0.0346526384116005,0.3517518971597032,0.0,-0.8448275862068967,0.01665972511453561,-0.253731343283582,-0.26708074534161497,0.0,0.0,1.0,0.0
2.176023022244557,2.171135592171465,-2.3436495159095916,-1.2373840818290445,-1.0,1.5,-0.9679300291545189,-3.5671641791044775,-0.36542443064182195,0.0,0.0,0.0,0.0
-0.36690377163296345,0.24414157094003844,-0.4214066118423724,0.34372544793255727,0.0,0.20689655172413796,-0.68304872969596,-0.23134328358208928,-0.5641821946169772,-1.0,0.0,1.0,0.0
-0.045102175264530545,-0.2104134763700697,0.1491365009625219,0.16684310653373938,0.0,-0.5344827586206897,1.1828404831320283,-2.0373134328358202,0.7908902691511386,0.0,0.0,0.0,1.0
0.40050646829627906,-0.21467102533971355,0.5378569159211638,-0.16218107044278987,0.0,0.1724137931034483,-0.5830903790087464,0.3880597014925377,-0.2598343685300209,-1.0,0.0,1.0,0.0
3.2482492483712293,1.4947608395242453,-1.498833284145472,-0.46254972840197656,-1.0,0.8448275862068967,0.917950853810912,0.052238805970149474,1.0838509316770182,-1.0,0.0,0.0,0.0
-0.1996443847663678,0.22485360385121647,0.3174978172074635,-0.04498255889961956,0.0,1.0344827586206897,-0.19825072886297362,-0.2388059701492533,-0.07763975155279501,0.0,0.0,0.0,1.0
-0.4847975684835033,-0.23095054297930698,-0.08353555256473909,0.0892691944501691,0.0,-1.0862068965517242,-0.5680966264056643,-0.03731343283582077,-0.8043478260869565,0.0,0.0,0.0,1.0
0.5674920911898121,-0.06057705056487389,0.19124184208066927,0.3821433391177919,0.0,-1.0344827586206897,-0.1832569762598917,1.5895522388059702,-0.3995859213250519,0.0,0.0,1.0,0.0
0.5571161925894985,1.8302391380876548,-1.6755234356053315,-0.6858849857134388,-1.0,-0.4482758620689655,0.24989587671803415,-0.23134328358208928,-0.015527950310559003,0.0,0.0,0.0,0.0
-0.21191825843010698,-0.1475049295663808,0.07360459726999775,-0.29140983941392873,0.0,-0.7931034482758622,-0.7163681799250312,0.022388059701492727,-0.8467908902691511,-1.0,0.0,1.0,0.0
0.36368812183083404,1.8395120946889996,-1.5123074031467132,-1.8605156738107207,-1.0,0.8793103448275862,-0.11661807580174928,-1.3656716417910444,0.08074534161490693,0.0,0.0,0.0,1.0
-0.3934707196545604,-0.017963172953747615,0.44012619812273474,0.4767332255181156,0.0,0.5172413793103449,0.9496043315285299,-2.8582089552238807,0.593167701863354,0.0,0.0,0.0,0.0
0.21266745301256967,-0.10437685527979508,0.1713100064157029,0.5841268356945737,0.0,-0.4655172413793104,1.900874635568513,-0.07462686567164153,1.4213250517598341,-1.0,0.0,1.0,0.0
0.9808448298583384,5.883235854566645,-0.3794505890865612,-1.0780370792479885,-1.0,0.6206896551724137,0.9845897542690545,-0.13432835820895436,1.0248447204968942,0.0,0.0,1.0,0.0
-0.561967000702624,0.2251806111089783,0.5066621373832814,0.2677235556015484,0.0,0.06896551724137938,-0.2515618492294876,0.0,-0.2960662525879916,-1.0,0.0,0.0,0.0
0.4507426902510632,-0.20586542692018373,0.7816478634392511,0.5728890683213829,0.0,0.5344827586206896,-0.7013744273219491,-3.0149253731343286,-0.8436853002070391,-1.0,0.0,1.0,0.0
0.5304471512803025,-0.02623242579641337,-0.2060513859836852,0.09094910249702423,0.0,-0.9137931034482759,0.9496043315285299,-2.067164179104477,0.4958592132505175,0.0,0.0,1.0,0.0
-0.46728286064539637,-0.011765699057296597,0.12602454275941397,0.3267994820863822,0.0,-0.5344827586206897,1.517700957934194,-0.24626865671641732,1.0672877846790887,0.0,1.0,0.0,0.0
-0.19210711673452344,0.24311269282860978,0.006982843208841036,0.2937668366723406,0.0,0.051724137931034454,0.2182423990004164,0.059701492537313494,0.25672877846790865,-1.0,1.0,0.0,0.0
0.6623616916293374,0.39491941179124757,0.1475558020047774,-0.006754191963643845,0.0,-0.051724137931034454,-0.2515618492294876,-0.029850746268656084,-0.2960662525879916,-1.0,0.0,0.0,0.0
1.2681775790187237,2.289993258370467,-2.3436495159095916,-0.9916164935687588,-1.0,0.1724137931034483,-0.46813827571845057,-5.611940298507462,-0.3819875776397515,-1.0,0.0,1.0,0.0
-0.1838197270168438,-0.08741528996992769,0.26443808284972503,0.21785367453194862,0.0,-0.0689655172413793,0.2182423990004164,3.2462686567164187,0.5445134575569356,-1.0,0.0,0.0,1.0
0.006512448583321036,-0.15196318644184817,0.22377744836961022,-0.34640259756907166,0.0,0.24137931034482765,-0.8179925031236984,0.373134328358209,-0.536231884057971,-1.0,0.0,0.0,0.0
-0.16982761746188785,-0.18748758714214925,-0.2946165361318383,0.26183776803238057,0.0,0.8793103448275862,-0.11661807580174928,-1.3656716417910444,0.08074534161490693,0.0,0.0,1.0,0.0
-0.17847960136378577,0.06537374033288505,-0.12699514380474344,0.673882711635571,0.0,0.06896551724137931,0.3665139525197834,0.1865671641791045,0.334368530020704,0.0,1.0,0.0,0.0
-0.22363695597740246,-0.11899792485093331,0.16845318159818357,-0.16442882554219868,0.0,0.7068965517241379,0.08496459808413176,-0.9029850746268651,-0.0631469979296067,-1.0,0.0,1.0,0.0
-0.29732219343395144,0.24224530395398866,0.6733985682751904,-0.5366250823909557,0.0,0.6379310344827586,-0.6663890045814245,-0.2910447761194021,-0.412008281573499,-1.0,0.0,1.0,0.0
-0.3858369439017147,0.30310622452306063,-0.28571430196077224,-0.23922223231033685,0.0,-0.5862068965517241,1.3660974593919197,0.626865671641791,1.2153209109730847,-1.0,0.0,0.0,0.0
0.9367457562177312,0.23905735567469394,0.28676438184302433,0.3903570917302519,0.0,1.0517241379310345,0.2515618492294876,-0.19402985074626852,0.5393374741200825,-1.0,0.0,0.0,1.0
1.0958642660460134,2.36138523446824,-1.5327723774529283,-1.8322444530206519,-1.0,0.4655172413793104,0.7180341524364847,0.05970149253731415,0.7453416149068322,0.0,1.0,0.0,0.0
-0.5235473975228215,-0.18015186549364257,-0.15860748163297403,-0.061191581591450654,0.0,0.7068965517241379,-0.2832153269471054,-0.11940298507462632,-0.05797101449275355,0.0,1.0,0.0,0.0
-0.3711913035989563,-0.19476333522194253,0.4285449444797469,0.06219812383973498,0.0,0.9310344827586208,0.2515618492294876,2.23134328358209,0.5165631469979295,0.0,1.0,0.0,0.0
3.5281329078369223,3.415851542569368,-1.318917535675574,-0.8253031734936153,-1.0,0.48275862068965514,-0.9329446064139942,-0.0970149253731336,-0.6915113871635611,-1.0,0.0,1.0,0.0
0.7264288056196506,-0.17050960147947114,0.22334366904185748,-0.08188460639537853,0.0,-1.0862068965517242,-0.5680966264056643,-0.03731343283582077,-0.8043478260869565,0.0,0.0,1.0,0.0
0.829222494914471,0.6834872618841908,-0.8478472326325482,-0.8649207628909532,-1.0,0.5344827586206896,-0.7013744273219491,-3.0149253731343286,-0.8436853002070391,-1.0,0.0,0.0,0.0
-0.2417389851662214,-0.1713527924974811,0.3908552321614401,0.28785583269976406,0.0,0.24137931034482765,-0.8179925031236984,0.373134328358209,-0.536231884057971,-1.0,0.0,0.0,0.0
0.805964869091865,-0.08161428372079636,0.25904148491360246,0.01071295553102433,0.0,-1.0344827586206897,0.1649312786339024,0.2686567164179107,0.03830227743271209,0.0,0.0,0.0,1.0
0.08487783280978549,-0.10695746668416782,0.2441877515930178,0.10175804870253542,0.0,-0.4655172413793104,1.900874635568513,-0.07462686567164153,1.4213250517598341,-1.0,1.0,0.0,0.0
-0.18112580925495106,-0.06918391277287615,0.20879432513929497,0.43687767834381475,0.0,0.05172413793103449,1.0845481049562682,-0.46268656716417855,0.817805383022774,0.0,0.0,0.0,1.0
-0.5157714850540713,0.14908958896773758,-0.19278683714963465,-0.1816856891232657,0.0,-0.051724137931034454,-0.16659725114535612,-1.4328358208955219,-0.11697722567287765,-1.0,0.0,0.0,1.0
-0.33219675991570896,-0.23264874782349235,-0.41893347134791664,0.3132244397377882,0.0,1.0862068965517242,0.534777176176593,0.06716417910447818,0.7650103519668736,0.0,0.0,0.0,1.0
0.4779763050895365,-0.22273696928615308,0.2001397840550445,0.11490706965262261,0.0,-0.37931034482758624,-0.8179925031236984,-2.1417910447761193,-0.8737060041407866,-1.0,1.0,0.0,0.0
1.2532850607106683,2.647071745607953,-2.3436495159095916,-0.9513199211315784,-1.0,0.0,-0.26655560183256977,1.649253731343284,-0.2712215320910974,-1.0,0.0,1.0,0.0
-0.12509252889280936,2.8126534080017875,-2.3436495159095916,-0.7609348106819547,-1.0,0.4310344827586207,-0.618075801749271,-1.4701492537313432,-0.4037267080745341,-1.0,0.0,1.0,0.0
0.11368785515349777,1.140057347801004,-1.8227369983004742,-0.8196574413280411,-1.0,-0.5,-0.7846730528946274,0.6865671641791045,-0.520703933747412,-1.0,0.0,0.0,0.0
0.6099687197951427,-0.17827325900948704,-0.1924821747827832,0.20128259562832404,0.0,-1.4482758620689655,0.23323615160349856,2.791044776119404,0.0,0.0,0.0,0.0,0.0
-0.53034262727897,0.04841861925089646,0.30452158356662945,0.28943125183174906,0.0,-0.27586206896551724,0.6513952519783422,0.977611940298508,0.39958592132505144,0.0,0.0,1.0,0.0
1.082721660542213,1.4058387822211706,-1.76175751680522,-1.368643161683868,-1.0,-0.4655172413793104,0.4331528529779259,-0.18656716417910382,0.24016563146997913,-1.0,0.0,1.0,0.0
0.031006089681718585,-0.18072977024307701,0.4042354015789844,-0.35220120935026566,0.0,0.5689655172413793,0.2515618492294879,-0.44029850746268584,0.18219461697722558,0.0,0.0,0.0,1.0
-0.5335664145316457,-0.16560334986912204,0.6088203614939087,0.327759264508655,0.0,1.3275862068965518,-0.5164514785506039,2.0597014925373136,-0.003105590062111918,0.0,1.0,0.0,0.0
1.3374767668098075,0.3134015294543959,-1.086855627055416,-1.0944996206893376,-1.0,0.48275862068965525,-1.3511037067888378,-1.1940298507462686,-0.9834368530020702,0.0,0.0,0.0,1.0
0.725077756091659,0.9928321766636489,-1.196941882412462,-1.375817376913515,-1.0,-1.0344827586206897,0.1649312786339024,0.2686567164179107,0.03830227743271209,0.0,0.0,0.0,1.0
-0.4260008482109896,0.04550952792984897,0.09854012557342587,0.4869487746320917,0.0,-0.5,-0.7846730528946274,0.6865671641791045,-0.520703933747412,-1.0,1.0,0.0,0.0
-0.41640079071183284,-0.0486384219972855,-0.17339446026766836,0.0971983633362245,0.0,-1.2758620689655173,0.618075801749271,1.2313432835820899,0.11697722567287765,0.0,1.0,0.0,0.0
-0.5587940479625212,0.006581655303497433,0.4711885198811411,-0.11441493425100219,0.0,-0.9137931034482759,0.9496043315285299,-2.067164179104477,0.4958592132505175,0.0,0.0,0.0,1.0
-0.3097479253627351,-0.08814910556865793,0.312670304109533,0.010647567597325902,0.0,1.0862068965517242,-1.434402332361516,-3.529850746268657,-0.8975155279503105,0.0,1.0,0.0,0.0
-0.06082742885851144,-0.22356307603282252,0.016774162306351124,0.14410986681696528,0.0,-0.5344827586206897,1.1678467305289462,-0.2238805970149246,0.8467908902691511,0.0,0.0,0.0,1.0
-0.14848167619426028,-0.04527366200317492,0.7581598457255795,-0.09876006587767033,0.0,0.0689655172413793,-0.0016659725114534663,-4.850746268656716,-0.3322981366459626,-1.0,0.0,1.0,0.0
1.5249254900399232,2.1323901760948325,-1.1919580611954064,-0.9039467288860904,-1.0,0.48275862068965514,-0.9329446064139942,-0.0970149253731336,-0.6915113871635611,-1.0,1.0,0.0,0.0
0.9293996800951739,-0.16011126993783928,-0.36000281803245104,-0.10735452376368639,0.0,0.7586206896551725,0.8179925031236984,-0.5970149253731336,0.7795031055900619,-1.0,0.0,0.0,0.0
0.36920280205995043,-0.0443705417235752,-0.18719952530212305,-0.20485384202471865,0.0,-0.4482758620689655,-1.2178259058725531,-0.34328358208955156,-1.196687370600414,0.0,0.0,0.0,1.0
-0.5114647354731116,0.16855681192189426,-0.22840721070293846,0.11307610610411847,0.0,0.1724137931034483,-0.7180341524364847,-3.977611940298507,-0.6335403726708074,-1.0,0.0,1.0,0.0
-0.3214246453086677,-0.17470650443319127,0.560080603516222,0.043979067127023985,0.0,-0.12068965517241381,-1.5010412328196585,0.3208955223880602,-1.2111801242236024,-1.0,0.0,1.0,0.0
1.0535591691842836,4.831843840138731,-0.6354128565262155,-1.9642282858238869,-1.0,-1.206896551724138,0.38317367763431903,1.2164179104477613,-0.15942028985507248,0.0,0.0,0.0,0.0
0.2971020298422077,-0.21243809000158173,0.5386076302393681,-0.2962966343525063,0.0,0.017241379310344845,0.21657642648896294,-0.04477611940298479,0.26086956521739113,-1.0,0.0,1.0,0.0
0.2500656769227887,1.225650232375477,-0.875811585385079,-1.3200252929356406,-1.0,0.8620689655172414,0.1832569762598917,0.22388059701492594,0.5082815734989646,0.0,0.0,0.0,1.0
0.45890789900639983,4.261415183752904,-1.2057247318331348,-0.8959871847158796,-1.0,-0.2931034482758621,0.05164514785506053,-0.649253731343283,-0.34575569358178054,-1.0,0.0,0.0,1.0
-0.38647923404947565,-0.12650406935510455,0.07519608462193685,0.4556525529834798,0.0,-1.103448275862069,0.3998334027488544,3.5000000000000004,0.6024844720496891,0.0,1.0,0.0,0.0
-0.007160711755751667,-0.13074247556718221,0.22071476769945983,0.20656793963704342,0.0,0.1724137931034483,-0.7013744273219491,-5.947761194029852,-0.6645962732919255,-1.0,0.0,0.0,0.0
0.9169409560055283,2.640301393713351,-0.18049504168231806,-1.3849618213321342,-1.0,-0.3275862068965517,0.26655560183256977,-0.649253731343283,-0.005175983436853148,0.0,0.0,1.0,0.0
-0.3035694164641016,-0.1507390174686278,0.26708832275292665,0.04589478079140479,0.0,0.9310344827586208,0.03331945022907122,0.08208955223880622,0.1780538302277431,0.0,0.0,0.0,1.0
-0.3109475815843251,-0.04599577169181815,0.48641760517498406,0.43210255077688386,0.0,0.8793103448275862,-0.11661807580174928,-1.3656716417910444,0.08074534161490693,0.0,0.0,0.0,0.0
-0.3630542717200669,-0.10565789890650056,0.1799286207766636,0.4437730854117182,0.0,0.3448275862068966,0.14993752603082025,0.7238805970149252,0.5828157349896477,-1.0,0.0,0.0,0.0
-0.2727119822667125,0.11366284544758999,-0.21186585987172138,0.15795903469382538,0.0,-0.06896551724137938,0.2182423990004164,0.02985074626865741,0.25672877846790865,-1.0,0.0,1.0,0.0
-0.416215344435298,-0.20460014040876243,-0.5363787093233529,-0.027925007431497364,0.0,0.6206896551724138,0.4831320283215327,-3.6194029850746268,0.5434782608695651,0.0,0.0,0.0,0.0
-0.38558968659656745,0.03244441251846822,0.0026190954023488236,0.1915227967984624,0.0,0.7758620689655172,0.18492294877134519,0.29850746268656814,0.5041407867494822,0.0,1.0,0.0,0.0
-0.44548607620487,0.0308746298255756,0.707110112714341,0.25234100661766895,0.0,-0.12068965517241383,-0.01665972511453561,-0.01492537313432738,-0.019668737060041463,-1.0,1.0,0.0,0.0
0.4309611535038049,-0.1782796965175413,-0.084763662293052,0.3218877709083263,0.0,-0.4655172413793104,-0.7180341524364847,0.007462686567164684,-0.8281573498964802,-1.0,0.0,0.0,0.0
0.6798094988464697,-0.00884635227223957,-0.16858858749505812,-0.03905571467403607,0.0,1.2586206896551724,-0.16659725114535612,-3.9253731343283578,0.15113871635610757,0.0,0.0,1.0,0.0
-0.3449162177496301,-0.07174625081710022,0.240903888323888,0.20182372048715647,0.0,1.3793103448275863,-0.031653477717617756,0.47014925373134325,0.5248447204968941,0.0,0.0,0.0,0.0
-0.5025012984970796,-0.09520546764202217,0.10565969445849772,-0.14062232232424987,0.0,-0.4482758620689655,-0.982923781757601,-0.1641791044776111,-0.8892339544513456,0.0,0.0,0.0,0.0
0.6865084277393709,2.5868080706199272,-0.9491183696463235,-1.4965114039678942,-1.0,-0.2931034482758621,0.5497709287796751,-0.3880597014925364,0.22049689440993794,-1.0,0.0,1.0,0.0
0.2767635459613031,0.04680314078665449,0.38058709148126973,0.2566922726728341,0.0,-0.06896551724137931,-0.39983340274885465,-0.15671641791044708,-0.3737060041407869,0.0,0.0,0.0,0.0
2.2576058326175357,2.647460433218722,-1.1634028429362362,-0.851333483381233,-1.0,-0.5344827586206897,1.1828404831320283,-2.0373134328358202,0.7908902691511386,0.0,0.0,0.0,0.0
-0.5289389898517568,-0.20407065023787727,-0.09053219512160922,0.2698996260305831,0.0,1.103448275862069,-0.4331528529779259,-3.731343283582089,-0.1283643892339545,0.0,1.0,0.0,0.0
-0.13908919171881612,0.6544134046055987,0.04661736222990499,0.26408895449186326,0.0,-0.7068965517241379,0.24989587671803415,0.14925373134328374,0.018633540372670628,0.0,0.0,0.0,0.0
0.034115251256418976,-0.2047216569675557,0.094040387784848,0.36648767098623075,0.0,-0.37931034482758624,-0.834652228238234,-0.17164179104477578,-0.8426501035196686,-1.0,0.0,0.0,0.0
-0.39363150891629134,-0.12349674106622144,0.474477283684326,0.10429321230132338,0.0,-0.48275862068965525,1.3177842565597666,1.223880597014926,0.9440993788819873,0.0,0.0,0.0,1.0
-0.406362750041303,0.449517578858361,0.3864749175295612,-0.20164264885837263,0.0,0.4482758620689655,0.9496043315285299,0.19402985074626852,0.8498964803312626,0.0,1.0,0.0,0.0
0.4481473196804156,-0.20964133464271958,0.29275231636190246,0.33835967725520605,0.0,-1.3275862068965516,0.23323615160349856,2.82089552238806,0.0,0.0,0.0,1.0,0.0
0.14637346332978557,-0.04546588977179648,-0.14512662106291804,0.3516637160415829,0.0,-0.0689655172413793,-0.01665972511453561,3.0671641791044784,0.2370600414078672,-1.0,1.0,0.0,0.0
0.6179595072749269,-0.028569808184048032,-0.5182473669169411,-0.10746361625770333,0.0,0.5517241379310345,-0.46813827571845057,-3.0746268656716422,-0.5631469979296065,-1.0,0.0,0.0,0.0
0.9225175916115109,2.0244616266799307,-2.2351609600374824,-1.0457899719185386,-1.0,0.4137931034482759,-0.8513119533527697,-1.4104477611940298,-0.6842650103519666,-1.0,0.0,0.0,1.0
0.9332305189401658,-0.23172635985383555,0.24700468960245653,-0.14543520544835953,0.0,-0.15517241379310348,-0.08329862557267806,0.5373134328358214,-0.05486542443064178,0.0,0.0,0.0,1.0
-0.27022284965667703,0.17732523277662307,-0.003044674359538166,0.17482501568674733,0.0,0.44827586206896547,0.5664306538942108,-3.029850746268657,0.2391304347826086,-1.0,0.0,1.0,0.0
0.045654744537965676,-0.15692602989457002,-0.0033857096814227925,0.5237230785193265,0.0,-1.206896551724138,0.38317367763431903,1.2164179104477613,-0.15942028985507248,0.0,0.0,1.0,0.0
-0.004735913498420984,-0.17977386130939566,-0.07909418811304313,0.045695446610568395,0.0,0.5862068965517242,-0.4498125780924615,-0.20149253731343253,-0.2691511387163562,-1.0,0.0,1.0,0.0
-0.2558166155282609,-0.1406999010974312,-0.11262870693689811,-0.15468442363349705,0.0,0.5,-1.00124947938359,-3.3134328358208953,-0.6480331262939958,0.0,0.0,0.0,1.0
-0.37997767853471415,0.1648247671833413,-0.05260846772476054,0.1900431567038394,0.0,0.8620689655172414,0.1832569762598917,0.22388059701492594,0.5082815734989646,0.0,1.0,0.0,0.0
-0.48886414970479847,0.06758650470384654,0.2686473189542323,-0.06656635043276178,0.0,-0.9482758620689655,1.051228654727197,-0.20895522388059656,0.5351966873706002,0.0,1.0,0.0,0.0
-0.2786141101926417,4.261381220072494,-0.8876710228872228,-1.3023130099490063,-1.0,0.5517241379310345,-0.46813827571845057,-3.0746268656716422,-0.5631469979296065,-1.0,0.0,0.0,0.0
-0.3998082470143686,-0.16676740931599773,0.4769734368798449,-0.03360681689613018,0.0,0.6206896551724137,0.9845897542690545,-0.13432835820895436,1.0248447204968942,0.0,0.0,1.0,0.0
0.380967502568411,-0.12451675372197671,0.5090984877032648,0.20221393803810692,0.0,-0.06896551724137938,0.2182423990004164,0.02985074626865741,0.25672877846790865,-1.0,0.0,0.0,0.0
1.8384747557196714,0.4007194623388364,0.12515005070757537,0.17732851512976655,0.0,0.0,0.2182423990004164,0.1940298507462692,0.28778467908902694,-1.0,0.0,0.0,1.0
1.4560944351611018,0.30069999456011137,-1.6271469904297076,-1.4803040730495358,-1.0,1.206896551724138,-0.41649312786339027,-1.1865671641791038,0.12008281573498956,0.0,0.0,0.0,1.0
1.3398952609983095,6.265686972778004,-1.3429624417650923,-1.9150654114883188,-1.0,-1.206896551724138,0.38317367763431903,1.2164179104477613,-0.15942028985507248,0.0,0.0,0.0,0.0
-0.38245277180238124,-0.11637033212711657,0.5058467918148588,-0.28312658885740716,0.0,0.7068965517241379,0.08496459808413176,-0.9029850746268651,-0.0631469979296067,-1.0,0.0,0.0,0.0
0.8517923289546245,-0.03222624030816827,0.31693110311925976,0.1865991686614854,0.0,0.7068965517241379,-1.6676384839650145,-3.5597014925373136,-1.1925465838509315,0.0,0.0,1.0,0.0
-0.015363746047388561,-0.1215564483841411,-0.5237200019172248,0.35497571866639815,0.0,0.5344827586206897,-0.982923781757601,2.402985074626866,-0.5476190476190474,0.0,1.0,0.0,0.0
-0.36017870804645985,-0.17706047986555826,0.47881990452089324,0.02429799574193488,0.0,1.0,-0.8496459808413162,0.28358208955223874,-0.298136645962733,0.0,0.0,0.0,1.0
1.3067904075920704,2.5861418937685285,-2.1667342925398727,-0.8874750204845105,-1.0,-0.08620689655172414,2.1341107871720117,-0.04477611940298479,1.7163561076604552,-1.0,0.0,0.0,1.0
0.3621021409455874,-0.07544587036772646,0.18716207543116095,0.15950845767347815,0.0,0.3275862068965517,-0.3165347771761766,2.649253731343284,-0.003105590062111771,0.0,0.0,1.0,0.0
-0.24711190889211865,-0.17992131186114446,-0.015007449912584778,0.31967118369009556,0.0,0.7068965517241379,-1.6676384839650145,-3.5597014925373136,-1.1925465838509315,0.0,0.0,0.0,1.0
1.6024320973984374,2.4576199576408637,-1.0792999961190517,-1.168486274516164,-1.0,1.4310344827586208,-0.7330279050395668,-3.552238805970149,-0.08902691511387185,0.0,1.0,0.0,0.0
-0.21724977159731174,-0.17245300210107822,0.548883917479177,0.09439927867044444,0.0,-1.3793103448275863,-0.0016659725114534663,-0.44029850746268584,-0.564182194616977,0.0,1.0,0.0,0.0
4.538939911738778,0.8224686577694401,-1.5234732367599113,-1.1275904808439343,-1.0,0.44827586206896547,0.5664306538942108,-3.029850746268657,0.2391304347826086,-1.0,0.0,0.0,1.0
0.25658215911359566,1.0736598264318757,-1.6617207836815258,-1.6257975598702943,-1.0,0.44827586206896547,0.4847980008329862,0.11940298507462764,0.46480331262939956,0.0,0.0,0.0,0.0
-0.4664849611799853,-0.19265015802534755,0.37476022991687746,-0.10423670113030542,0.0,0.0,0.2015826738858808,2.1641791044776126,0.31884057971014496,-1.0,0.0,0.0,1.0
0.2870345999659328,1.87783804766714,-1.3798590338438959,-1.1394659953187882,-1.0,0.0,-0.2515618492294876,-0.16417910447761178,-0.32712215320910987,-1.0,0.0,1.0,0.0
-0.36425483365802536,-0.12995873083496107,0.5656865047516606,0.024271142144869213,0.0,-0.48275862068965514,0.21657642648896294,-2.097014925373134,-0.07142857142857147,-1.0,0.0,0.0,1.0
0.15422627361965427,3.1463128062129555,-0.801300886015061,-0.8233136230753231,-1.0,0.48275862068965514,-0.24989587671803415,2.1268656716417915,0.032091097308488546,-1.0,1.0,0.0,0.0
-0.46142681720590356,0.16722300742139948,0.45381083653572496,-0.05800659733229094,0.0,0.603448275862069,0.751353602665556,-0.07462686567164087,0.7443064182194615,0.0,0.0,0.0,1.0
-0.00016085834605300304,0.2502113540339082,0.46078528561937365,-0.10810723588461905,0.0,-0.5,0.9679300291545189,3.343283582089553,0.6086956521739129,0.0,0.0,0.0,0.0
-0.04609748441165951,2.0849591256100104,-0.36677015121628204,-1.30138537976567,-1.0,0.06896551724137931,0.3665139525197834,0.1865671641791045,0.334368530020704,0.0,0.0,0.0,1.0
0.957723917010916,0.3153802762273429,-0.3877498511941032,-0.4426103444083737,0.0,-0.4482758620689655,0.2832153269471054,-0.19402985074626786,-0.05900621118012409,-1.0,0.0,0.0,0.0
-0.4382488718137996,-0.056679005434504326,0.02805118060058037,0.1457414155800025,0.0,0.3965517241379311,0.7996668054977093,-1.253731343283582,0.7525879917184265,0.0,0.0,0.0,1.0
0.6827662972400725,1.913191910959103,-2.3436495159095916,-1.4213359695977479,-1.0,0.10344827586206898,-0.48313202832153246,-0.4850746268656713,-0.582815734989648,-1.0,0.0,0.0,0.0
-0.16631358326260132,0.0121064788093442,-0.34474713207370933,0.0642725864288153,0.0,-0.7931034482758622,-0.7163681799250312,0.022388059701492727,-0.8467908902691511,-1.0,0.0,0.0,1.0
0.5701909885564409,1.7250474769990762,-1.3621899699761053,-0.8917733077227762,-1.0,-0.4482758620689655,0.2832153269471054,-0.19402985074626786,-0.05900621118012409,-1.0,1.0,0.0,0.0
-0.286791452434216,-0.20849045502974198,0.37753924420687224,0.17372802101926244,0.0,0.3275862068965517,-0.534777176176593,0.5,-0.3416149068322982,0.0,0.0,0.0,1.0
0.47364364636895673,2.363620242725312,-1.8582940263643373,-1.3520166585603404,-1.0,1.0344827586206897,-0.4481466055810078,1.395522388059702,-0.329192546583851,0.0,1.0,0.0,0.0
-0.18247604497880676,-0.1143521241045402,0.6120810879425802,0.31549126788408133,0.0,0.7241379310344828,0.917950853810912,0.02238805970149339,1.0838509316770182,-1.0,0.0,1.0,0.0
0.16255890478850304,-0.1820736039059702,0.32289050353767645,0.3182736703466003,0.0,0.0,-0.0016659725114534663,-1.7985074626865671,-0.07556935817805394,-1.0,0.0,0.0,0.0
1.1011197549584557,3.591175147369043,-1.665741563282982,-1.0880703944624899,-1.0,-0.9310344827586208,-0.28488129945855883,-2.201492537313433,-0.5559006211180124,0.0,0.0,1.0,0.0
0.13756076858424665,4.22858113906283,-1.8562049492198973,-1.301234656824843,-1.0,0.8793103448275863,-1.4677217825905873,0.06716417910447818,-0.9285714285714285,-1.0,0.0,1.0,0.0
0.00405477951103596,0.05994476214552485,0.6440541296001859,0.07910671656826411,0.0,1.0862068965517242,-1.434402332361516,-3.529850746268657,-0.8975155279503105,0.0,0.0,1.0,0.0
0.631098487821715,-0.04134568904762529,-0.26581038411827823,0.4135608457191374,0.0,0.37931034482758624,0.5664306538942108,0.022388059701492727,0.49585921325051724,-1.0,0.0,1.0,0.0
0.21547110404901737,0.10329839516321516,0.5558868035617858,0.024530768757283966,0.0,-0.9137931034482759,0.9496043315285299,-2.067164179104477,0.4958592132505175,0.0,0.0,0.0,1.0
1.9162369386827574,1.3880815554969606,-2.3436495159095916,-0.6746979033159614,-1.0,0.5,-1.00124947938359,-3.3134328358208953,-0.6480331262939958,0.0,1.0,0.0,0.0
0.6515186324243536,1.6257736404431953,-2.3436495159095916,-1.1815934577558966,-1.0,0.5517241379310345,-0.5497709287796751,0.0746268656716422,-0.3374741200828156,0.0,0.0,0.0,1.0
-0.2122176911055226,-0.22105786720301446,0.343186173953193,0.24642732162864053,0.0,0.8793103448275862,-0.8496459808413162,0.25373134328358266,-0.298136645962733,0.0,0.0,0.0,0.0
-0.04292660065524139,-0.22511831088041173,-0.38767954348790823,-0.20274711437539789,0.0,0.48275862068965514,-0.4831320283215327,1.791044776119403,-0.2505175983436854,-1.0,0.0,0.0,0.0
-0.06586956982448057,-0.09888695403315963,0.2027871867129425,0.395592036177928,0.0,0.051724137931034454,0.3681799250312369,1.6417910447761197,0.38509316770186314,-1.0,0.0,0.0,0.0
-0.12172795844894324,-0.21338660115879166,-0.07782084753048008,0.238802006568045,0.0,-0.5,-0.7846730528946274,0.6865671641791045,-0.520703933747412,-1.0,0.0,0.0,1.0
-0.3937237174581673,3.306190567772425,-1.322972105551688,-0.9650302548298159,-1.0,-0.017241379310344807,-1.0179092044981257,0.21641791044776124,-0.7888198757763976,-1.0,0.0,1.0,0.0
0.09146405894008186,-0.2070267486374636,0.7143400861187579,-0.18730074353762768,0.0,0.12068965517241378,0.5181174510620576,-0.6865671641791038,0.18633540372670804,-1.0,0.0,1.0,0.0
-0.5579587095405257,-0.1896462584045857,0.45006292407590565,0.2607066878671899,0.0,-0.5517241379310345,-0.13327780091628488,3.82089552238806,-0.22877846790890258,-1.0,0.0,0.0,0.0
1.3992927435160791,3.0067750627265086,-1.4367970580460239,-0.9016180530287992,-1.0,0.9137931034482759,-0.9679300291545189,0.28358208955223874,-0.591097308488613,0.0,0.0,0.0,1.0
-0.554471952703627,-0.14709300228451697,-0.09468958397739864,0.17159438290822546,0.0,0.5689655172413793,0.2515618492294879,-0.44029850746268584,0.18219461697722558,0.0,1.0,0.0,0.0
-0.4300696841691234,-0.16674728015818255,-0.4130077932402172,-0.09908597476588714,0.0,-1.206896551724138,0.38317367763431903,1.2164179104477613,-0.15942028985507248,0.0,0.0,0.0,0.0
-0.368454953834843,-0.18445492273871333,0.25320326424289213,-0.03214487321736378,0.0,-0.3275862068965517,0.2832153269471054,-2.6194029850746268,-0.036231884057971155,0.0,0.0,0.0,0.0
-0.10369221471902834,-0.14517286351298503,0.38096329543586827,-0.14200893495412154,0.0,0.48275862068965514,-0.9329446064139942,-0.0970149253731336,-0.6915113871635611,-1.0,0.0,0.0,0.0
0.380579596122274,-0.18673227508357712,-0.44378534527641916,0.059207913852793594,0.0,-0.051724137931034454,-0.2515618492294876,-0.029850746268656084,-0.2960662525879916,-1.0,0.0,1.0,0.0
-0.4008343900050826,-0.06369720633270448,-0.04267427832554442,-0.046220066436904156,0.0,-0.4655172413793104,1.900874635568513,-0.07462686567164153,1.4213250517598341,-1.0,0.0,0.0,0.0
-0.024149694098442337,0.13335581745118694,0.27998138508034587,0.3799857325472754,0.0,0.0,-0.0016659725114534663,-1.7985074626865671,-0.07556935817805394,-1.0,0.0,0.0,1.0
-0.2995187862704055,-0.19471054546485825,0.36159556702584816,0.219781008344413,0.0,0.3275862068965517,-0.3165347771761766,2.649253731343284,-0.003105590062111771,0.0,0.0,0.0,1.0
0.9783816493583221,0.251750406621758,0.3194175988384667,-0.052593982992358436,0.0,1.0,-0.8496459808413162,0.28358208955223874,-0.298136645962733,0.0,0.0,0.0,0.0
-0.155006185853743,0.2128678187265255,-0.633563391066718,0.15617858613339064,0.0,0.0689655172413793,-0.01665972511453561,-3.0373134328358207,-0.2763975155279501,-1.0,0.0,0.0,1.0
-0.4581255342196227,-0.2093699839897688,0.471071686212957,-0.03846152070920356,0.0,1.2586206896551724,-0.28154935443565193,2.0746268656716427,0.2732919254658382,0.0,0.0,0.0,1.0
2.5369392496178533,1.5555410644186083,-1.3282794023787314,-1.6094405579510376,-1.0,-1.0344827586206897,0.1649312786339024,0.2686567164179107,0.03830227743271209,0.0,0.0,0.0,0.0
-0.48045247346633096,-0.08169775215520601,0.3908466269899811,-0.1303681231596972,0.0,-0.7586206896551725,-0.8513119533527697,0.626865671641791,-0.8188405797101448,-1.0,0.0,0.0,0.0
-0.14775381998685094,0.5327048281806468,0.21670939792333074,0.20334142708679812,0.0,-0.3275862068965517,0.5164514785506039,-2.2835820895522385,0.2463768115942028,0.0,0.0,1.0,0.0
1.7421740609882486,5.973319897586002,-1.7405697984449715,-0.45490266748655317,-1.0,0.48275862068965514,-0.46813827571845057,-0.022388059701492727,-0.3064182194616979,-1.0,0.0,0.0,1.0
2.3171760903833256,3.8649029292498245,-0.013331259838505667,-0.6021241633056492,-1.0,0.37931034482758624,0.21657642648896294,0.044776119402985454,0.2753623188405795,-1.0,1.0,0.0,0.0
-0.18218917651285074,-0.14106577030332706,0.4463033386035074,-0.09729118458827109,0.0,0.3275862068965517,-0.5497709287796751,2.3134328358208958,-0.28571428571428575,0.0,0.0,0.0,1.0
-0.5057431161390993,-0.07819535778080235,0.09736413462087895,-0.01281788805574959,0.0,-1.3275862068965518,0.38317367763431903,1.1865671641791051,-0.15942028985507248,0.0,0.0,1.0,0.0
-0.536465489491205,-0.11837420056946318,0.19253729767441174,0.247615802391598,0.0,-0.2931034482758621,0.5497709287796751,-0.3880597014925364,0.22049689440993794,-1.0,1.0,0.0,0.0
-0.5218588319457284,-0.11180906115894239,0.019319774633375763,0.6667238865302125,0.0,-0.0689655172413793,0.2182423990004164,3.2462686567164187,0.5445134575569356,-1.0,1.0,0.0,0.0
-0.22464895930646067,0.2339211480340756,0.22347424869697954,0.02892162562514337,0.0,0.4655172413793104,-0.7163681799250312,1.8507462686567167,-0.531055900621118,-1.0,0.0,1.0,0.0
0.020780961220581803,0.08638063660605515,0.2854383348629079,-0.12972763880298213,0.0,1.3275862068965518,-0.41649312786339027,-1.1567164179104477,0.12008281573498956,0.0,0.0,1.0,0.0
-0.5243321714538088,0.2002276133364128,0.10177702078954377,0.06073570327611575,0.0,0.5517241379310345,0.09995835068721366,-3.791044776119403,0.18944099378881965,-1.0,0.0,0.0,0.0
1.3894305842169183,2.6049038853398736,-2.0013659375338064,-1.0446896978772076,-1.0,0.1724137931034483,-0.46813827571845057,-5.611940298507462,-0.3819875776397515,-1.0,0.0,1.0,0.0
0.9021895727935971,0.44863357553472144,-0.10417902248230076,0.3068488858750036,0.0,1.3793103448275863,-0.04831320283215337,2.440298507462687,0.5559006211180122,0.0,1.0,0.0,0.0
0.6164779096723584,1.2803045832418611,-0.8588175745278563,-1.7338543571705998,-1.0,0.4482758620689655,-0.2832153269471054,0.2611940298507467,-0.023809523809523923,0.0,0.0,1.0,0.0
-0.01984403440528041,-0.14398851481052757,0.4118012874100694,0.03253450936141311,0.0,0.9310344827586208,0.2682215743440232,0.2611940298507467,0.48550724637681153,0.0,0.0,1.0,0.0
-0.03658734619395569,-0.23272400969239943,-0.2059524783983777,-0.060574872719406946,0.0,1.2586206896551724,-0.28154935443565193,2.0746268656716427,0.2732919254658382,0.0,0.0,0.0,1.0
2.010366139750869,2.1589485066373633,-1.196528898316378,-1.5483255568188117,-1.0,-0.5689655172413793,-0.28488129945855906,0.47014925373134325,-0.2215320910973085,0.0,0.0,0.0,1.0
2.0743934928324204,3.680618430268729,-0.8252615617802669,-1.3619878776652807,-1.0,0.4482758620689655,1.1678467305289462,2.3432835820895526,1.1884057971014492,0.0,0.0,0.0,0.0
0.20858044801687084,4.622046528576938,-1.5122536576931234,-1.5300401473912055,-1.0,-0.48275862068965514,0.899625156184923,0.126865671641791,0.6521739130434782,-1.0,0.0,0.0,1.0
0.35560589215282307,-0.15816738023127538,0.1436315414672403,-0.05262924015817057,0.0,1.3275862068965518,-0.41649312786339027,-1.1567164179104477,0.12008281573498956,0.0,0.0,0.0,0.0
0.22235887959994569,-0.07766447685587241,-0.14596652284782521,-0.0146167999449402,0.0,-0.9310344827586208,-0.30154102457309445,-0.23134328358208928,-0.5248447204968945,0.0,0.0,0.0,1.0
2.630785686101096,0.5446111857767532,-0.9238128333337944,-1.2425498752730375,-1.0,-0.17241379310344823,-1.2844648063306954,0.41044776119402976,-1.0683229813664596,-1.0,0.0,1.0,0.0
0.004899352217223312,-0.05850645983380512,0.5607356165668809,0.4014509293264316,0.0,0.05172413793103449,1.0845481049562682,-0.46268656716417855,0.817805383022774,0.0,0.0,0.0,0.0
-0.21335677966692543,-0.1863185650477013,0.09936707263662577,0.339009060325609,0.0,1.103448275862069,-0.43315285297792566,-3.470149253731343,-0.6418219461697721,0.0,0.0,1.0,0.0
-0.5043470798446525,-0.12541042497335447,0.1815460235247724,0.10687662652047104,0.0,-0.8620689655172414,-0.21657642648896294,-0.19402985074626852,-0.5476190476190476,0.0,1.0,0.0,0.0
0.7420347609980256,0.07640212204124482,0.771851337647112,-0.032754180781077426,0.0,-1.3275862068965518,0.23323615160349856,-0.3955223880597011,-0.28778467908902694,0.0,1.0,0.0,0.0
0.19014503660270515,-0.11472512711218727,0.049822457676038864,0.5290714137633455,0.0,0.4482758620689655,1.184506455643482,0.373134328358209,1.157349896480331,0.0,0.0,0.0,1.0
-0.5119590920554984,0.07288154467458022,-0.5144542449444789,0.12980400516169807,0.0,-0.051724137931034454,-0.7496876301541022,-0.29104477611940277,-0.8623188405797101,-1.0,1.0,0.0,0.0
-0.5616035587689988,-0.22100198664069065,0.2037390079710589,0.6430650318248827,0.0,-0.48275862068965514,0.43481882548937933,0.05223880597015013,0.26708074534161497,-1.0,0.0,0.0,0.0
-0.34922799459572956,-0.12685907130374477,0.23463833541184856,-0.1468944096554365,0.0,0.3965517241379311,-0.5514369012911287,0.17910447761194048,-0.256728778467909,-1.0,0.0,1.0,0.0
2.986766318987033,7.683430063110175,-1.8812695191870883,-1.0655862389369566,-1.0,0.5,0.7513536026655562,-0.6567164179104471,0.481366459627329,-1.0,0.0,0.0,1.0
0.8217609190840632,-0.2142520051350931,-0.1434434493446108,-0.07950480755823057,0.0,-0.7068965517241379,0.24989587671803415,0.14925373134328374,0.018633540372670628,0.0,0.0,1.0,0.0
-0.03092595602158135,-0.052036004208652814,-0.04867188040957914,0.3431407738892328,0.0,0.27586206896551724,-0.6847147022074135,-0.9477611940298505,-0.43892339544513437,0.0,1.0,0.0,0.0
1.1213508779105545,-0.14207403121682127,0.509798462666671,0.11735559266073678,0.0,-0.06896551724137931,0.4831320283215327,-0.20149253731343253,0.279503105590062,0.0,0.0,0.0,1.0
0.7474580011772703,3.565327819983846,-1.1648143868307117,-0.760155040251342,-1.0,-0.4137931034482759,-0.4831320283215327,0.052238805970149474,-0.55175983436853,-1.0,0.0,0.0,0.0
-0.18353030004190302,-0.1466424634952462,-0.002597101905172168,-0.07928903037748601,0.0,0.15517241379310348,0.04997917534360683,-0.507462686567164,0.015527950310558855,0.0,0.0,0.0,0.0
-0.42833958883625833,0.016001812518076135,-0.34351835086850435,0.2377605083046624,0.0,0.396551724137931,1.2178259058725531,-0.15671641791044708,1.0445134575569357,-1.0,0.0,0.0,1.0
-0.019597658290646785,0.005877350658876192,0.08784119402804673,-0.018512494225269207,0.0,0.8448275862068967,0.917950853810912,0.052238805970149474,1.0838509316770182,-1.0,0.0,0.0,0.0
2.0020029675229365,2.7527732489203114,-0.8114553560070124,-1.6692970342195974,-1.0,0.5344827586206897,-1.2161599333610995,2.067164179104478,-0.8302277432712215,0.0,0.0,0.0,0.0
-0.5498505925863157,-0.20663606416906166,0.18181382743104696,0.38799403594117277,0.0,-0.48275862068965514,0.21657642648896294,-2.097014925373134,-0.07142857142857147,-1.0,0.0,0.0,1.0
3.2651704079265813,3.2136134612620357,-1.554708122635186,-1.4667073803188528,-1.0,-0.10344827586206898,0.4498125780924612,0.5149253731343287,0.5434782608695651,-1.0,0.0,0.0,0.0
-0.365662417656163,-0.134461074949649,-0.1374820791235089,0.07210262245811927,0.0,1.1551724137931034,0.299875052061641,-3.1641791044776117,0.20082815734989648,0.0,1.0,0.0,0.0
-0.29043067285126095,-0.22363847386827423,0.4986750914251704,0.33741391122694303,0.0,1.2758620689655173,-0.6513952519783422,-1.2014925373134326,-0.15631469979296056,0.0,0.0,0.0,0.0
-0.2264222953412313,-0.037726902360385485,0.15550165613259184,0.24161832858092105,0.0,0.3275862068965517,-0.534777176176593,0.5,-0.3416149068322982,0.0,0.0,0.0,1.0
0.19273748879289285,-0.20894315303599817,-0.017194572497577276,-0.07434412098237192,0.0,-0.48275862068965514,0.43481882548937933,0.05223880597015013,0.26708074534161497,-1.0,0.0,0.0,1.0
0.7933783700507568,-0.19957020678862,0.2509506898014902,0.07214296793105558,0.0,-0.5517241379310345,0.43481882548937933,3.1044776119402995,0.5238095238095236,-1.0,0.0,0.0,1.0
0.3709040669763219,0.0984027060774459,0.3726578161681893,0.48572640610677664,0.0,-0.4655172413793104,0.4331528529779259,-0.18656716417910382,0.24016563146997913,-1.0,0.0,0.0,1.0
0.9108006907558036,-0.23225660395255965,0.30381502280814193,-0.006468767581934216,0.0,0.9137931034482759,-0.7330279050395668,0.4626865671641792,-0.2836438923395445,0.0,0.0,1.0,0.0
0.34694357352456845,6.308860428645028,-0.5862310248559797,-0.5491012370245386,-1.0,-1.4482758620689655,0.23323615160349856,2.791044776119404,0.0,0.0,0.0,1.0,0.0
-0.48276886826412124,0.008499827262304355,0.6843955447484547,-0.08187467359517558,0.0,-1.103448275862069,0.3998334027488544,3.5000000000000004,0.6024844720496891,0.0,1.0,0.0,0.0
-0.2671511278685073,2.6547601182482645,-1.085377961327209,-1.6915076937699922,-1.0,-0.6379310344827587,1.134527280299875,3.8059701492537323,0.8540372670807451,-1.0,1.0,0.0,0.0
0.5370543884719245,2.1728893041323545,-2.193361921237355,-0.70573004986729,-1.0,-0.37931034482758624,-0.8179925031236984,-2.1417910447761193,-0.8737060041407866,-1.0,0.0,0.0,0.0
0.3985699297876379,1.8357717131026219,-0.7374393801745285,-1.2560384525797257,-1.0,-0.5344827586206897,0.9496043315285299,-2.3731343283582085,0.5082815734989645,0.0,0.0,0.0,0.0
-0.04447005415333223,-0.03280602325257241,0.11005808634606337,0.07088529464976781,0.0,0.6379310344827587,-1.1678467305289462,-3.7761194029850746,-0.893374741200828,-1.0,0.0,0.0,1.0
-0.0977091802391781,-0.09997228410209658,-0.07528975547657998,0.060105777985430604,0.0,0.9310344827586208,0.2515618492294876,2.23134328358209,0.5165631469979295,0.0,0.0,0.0,0.0
-0.4782883271732229,-0.2038922748381328,-0.2748811107137237,-0.02839602359057948,0.0,1.4482758620689655,-0.26655560183256977,-2.761194029850747,-0.03933747412008293,0.0,1.0,0.0,0.0
-0.42844128600278286,-0.13055487941327787,-0.03649131987869119,0.7649037523157682,0.0,0.9827586206896552,-0.5830903790087462,-1.8656716417910444,-0.4824016563146996,0.0,0.0,0.0,0.0
-0.545599645281955,-0.09065606783968011,0.23387386633034155,0.10396522764157552,0.0,-0.4482758620689655,-0.9679300291545189,-1.9776119402985068,-0.9451345755693581,0.0,1.0,0.0,0.0
0.02504199970784901,-0.1910171369487323,0.40200403930834167,0.2293225267475408,0.0,-1.5,0.9346105789254476,3.5970149253731347,0.3260869565217391,0.0,1.0,0.0,0.0
-0.5266806820375178,-0.0832595995523278,-0.004916844889007002,0.2219502021100028,0.0,-0.3275862068965517,0.2832153269471054,-0.16417910447761178,-0.05900621118012409,-1.0,1.0,0.0,0.0
-0.5453003503556304,-0.2258676336014784,-0.31308183743278634,-0.020582138940797676,0.0,-0.48275862068965514,0.4498125780924615,-1.7611940298507458,0.2111801242236025,-1.0,0.0,0.0,1.0
0.22668493753768673,0.22790488637048464,0.21351095107540977,0.2816416379059203,0.0,0.5344827586206897,-0.9662640566430654,0.43283582089552247,-0.5786749482401655,0.0,0.0,0.0,1.0
-0.47526871083305305,0.21294094209592526,0.2536223946463592,0.3646756000733282,0.0,-1.0862068965517242,-0.5680966264056643,-0.03731343283582077,-0.8043478260869565,0.0,0.0,1.0,0.0
0.7714438746070403,2.316446526591694,-1.5295274279724926,-0.7977948176865253,-1.0,-0.37931034482758624,-0.834652228238234,-0.17164179104477578,-0.8426501035196686,-1.0,0.0,0.0,1.0
-0.41183256794453094,0.20421725817722688,0.5288848109381311,-0.014639144826188026,0.0,0.0,0.2015826738858808,2.1641791044776126,0.31884057971014496,-1.0,0.0,0.0,0.0
-0.053433984875485674,0.263300534246063,0.12260045890314158,0.008954426832363782,0.0,0.8620689655172414,-1.1178675551853394,-1.1641791044776117,-0.6884057971014491,0.0,0.0,1.0,0.0
-0.4699389568328844,-0.151466055566526,0.1063758446115829,-0.09764091981434939,0.0,0.15517241379310345,-1.784256559766764,0.24626865671641798,-1.4016563146997927,0.0,0.0,1.0,0.0
0.11987053878377435,1.2909525310183567,-1.5370280024358305,-1.333571299438706,-1.0,-0.1724137931034483,0.4498125780924615,3.8283582089552244,0.28674948240165615,-1.0,0.0,0.0,0.0
0.7182155140451297,0.43883263364666125,-0.04982105527371127,0.1496809031953581,0.0,-0.5172413793103449,-0.982923781757601,2.8880597014925384,-0.6325051759834369,0.0,1.0,0.0,0.0
1.4943291137521295,0.7242002853780585,-1.4851466083071891,-1.3244113353280988,-1.0,0.6551724137931034,-0.9346105789254476,-3.8358208955223883,-0.6128364389233955,-1.0,1.0,0.0,0.0
-0.4124529276990564,-0.22557293702130535,-0.2449950308920881,-0.24241575062547105,0.0,-0.051724137931034454,-0.3848396501457725,-3.582089552238806,-0.4554865424430641,-1.0,0.0,0.0,0.0
0.8906926744102511,0.10053615884638155,0.5134445081808336,0.2969075226077279,0.0,0.24137931034482765,-0.8179925031236984,0.373134328358209,-0.536231884057971,-1.0,0.0,0.0,0.0
0.7088625105568576,1.4575946858495235,-1.7044675910044313,-1.1254980442248983,-1.0,0.017241379310344845,0.21657642648896294,-0.04477611940298479,0.26086956521739113,-1.0,0.0,0.0,0.0
2.8818089869722416,0.09906456103197667,-0.6178905024811291,-1.346329471970047,-1.0,-0.4655172413793104,0.4331528529779259,-0.18656716417910382,0.24016563146997913,-1.0,1.0,0.0,0.0
-0.4589548529309396,0.00399549532398607,-0.01860245259033463,0.16163625964724976,0.0,0.37931034482758624,0.21657642648896294,0.044776119402985454,0.2753623188405795,-1.0,1.0,0.0,0.0
0.05836520211019867,0.0909775141526574,0.010682188503712806,0.21032937902689225,0.0,-0.7931034482758622,-0.7163681799250312,0.022388059701492727,-0.8467908902691511,-1.0,0.0,1.0,0.0
0.969238065733826,1.447065363795293,-1.284847551877545,-1.2044919881827152,-1.0,0.9310344827586208,0.2515618492294876,2.23134328358209,0.5165631469979295,0.0,0.0,0.0,1.0
0.4127470922569711,0.34394095016800025,0.3066743129415348,0.31106483235954097,0.0,0.5,0.7513536026655562,-0.6567164179104471,0.481366459627329,-1.0,0.0,0.0,0.0
-0.23182132702658514,-0.0257159215040455,0.00674306351472206,0.12273036490523467,0.0,-1.0344827586206897,0.3998334027488544,0.4477611940298512,0.34575569358178054,0.0,0.0,0.0,1.0
-0.42710307786028623,-0.17955675328342208,0.10789341594729646,0.08228368303487871,0.0,-0.08620689655172414,1.2511453561016244,6.628197161941233e-16,1.0631469979296062,-1.0,0.0,0.0,0.0
0.36306964950853743,-0.09949426786491784,0.4493680203397898,0.12747619265274884,0.0,1.3275862068965516,-0.26655560183256977,-2.791044776119403,-0.03933747412008293,0.0,0.0,1.0,0.0
-0.4463720287603959,-0.21331787196271498,-0.15939078172614718,-0.23675850483984154,0.0,0.017241379310344824,-1.6676384839650145,-0.14179104477611904,-1.4565217391304346,0.0,0.0,0.0,1.0
-0.5195950171148555,-0.030228733158138225,-0.48207811863359273,0.47136984050911923,0.0,-1.0862068965517242,-0.33319450229071224,0.1417910447761197,-0.4968944099378881,0.0,0.0,0.0,1.0
-0.37443818920132066,0.07455597678627032,0.07211400037648664,0.13006707245671809,0.0,0.6379310344827586,-0.6663890045814245,-0.2910447761194021,-0.412008281573499,-1.0,0.0,0.0,0.0
-0.526941972148492,0.25054170890705224,0.3234989433479492,-0.0828369928996228,0.0,-0.48275862068965514,0.4498125780924615,-1.7611940298507458,0.2111801242236025,-1.0,0.0,0.0,1.0
-0.07595693127418646,-0.14516210157748918,0.4937609598616926,0.1997113699205819,0.0,0.6379310344827587,-1.1678467305289462,-3.7761194029850746,-0.893374741200828,-1.0,0.0,0.0,0.0
2.213308704022369,4.889779100587826,-0.44796092900856394,-1.5834354367820396,-1.0,-0.4655172413793104,-0.751353602665556,-0.029850746268656747,-0.7846790890269151,0.0,1.0,0.0,0.0
2.572276303840264,1.0281878241946796,-0.4251912318178624,-1.2343320678222436,-1.0,-0.9310344827586208,-0.28488129945855883,0.253731343283582,-0.5786749482401654,-1.0,0.0,1.0,0.0
1.051208585348561,2.08680369738657,-1.5552101368793796,-1.6307203484158506,-1.0,1.4482758620689655,-0.26655560183256977,-2.761194029850747,-0.03933747412008293,0.0,0.0,0.0,1.0
-0.4965438675889661,-0.2088698721879423,0.6125127497930994,0.06369796199478575,0.0,-0.9310344827586208,-0.28488129945855883,-2.201492537313433,-0.5559006211180124,0.0,0.0,0.0,0.0
0.16440991253862255,-0.08832088141414854,-0.1562968710331333,-0.1236527622065932,0.0,1.0344827586206897,-0.4481466055810078,1.395522388059702,-0.329192546583851,0.0,0.0,1.0,0.0
-0.5095976351233507,-0.15750841574432956,-0.10254843318125045,0.3592405190603996,0.0,1.3793103448275863,-0.28154935443565193,2.1044776119402986,0.2732919254658382,0.0,0.0,0.0,0.0
-0.2714040810149597,0.046081313026725905,0.21108344407904858,0.031052213134674968,0.0,-1.3275862068965518,0.46813827571845057,-0.21641791044776057,0.019668737060041463,0.0,1.0,0.0,0.0
-0.34574290948277675,-0.04615078977867092,0.7816478634392511,0.11766954276924121,0.0,0.17241379310344823,1.2511453561016244,-0.38059701492537235,1.0289855072463767,-1.0,0.0,0.0,1.0
0.4914403145714534,-0.03171968261332365,0.503214952858642,0.12163942242942545,0.0,-1.3793103448275863,0.014993752603082144,-2.4104477611940296,-0.5952380952380951,0.0,0.0,1.0,0.0
1.6674494581679324,0.7194666295984359,-0.911542216075822,-1.6126152812656376,-1.0,-0.37931034482758624,-0.5847563515201999,-1.8059701492537312,-0.5910973084886126,-1.0,0.0,1.0,0.0
-0.1273132827213309,-0.016179465980279025,-0.10308715361979975,0.01664614313640278,0.0,0.4137931034482759,0.4498125780924615,-0.022388059701492064,0.5124223602484471,-1.0,0.0,0.0,1.0
-0.013559642735096376,4.998786540973003,-0.5591716364682443,-1.8095212431362862,-1.0,-1.3275862068965518,0.46813827571845057,-0.21641791044776057,0.019668737060041463,0.0,1.0,0.0,0.0
0.09107647702920153,-0.13583747050179398,-0.09844308925468356,0.4545999938244213,0.0,-0.4655172413793104,0.4498125780924615,-2.1567164179104474,0.20910973084886111,-1.0,0.0,0.0,0.0
2.4589545465199554,3.0912397380944645,-1.1460839028320409,-1.6671696133998055,-1.0,0.6379310344827587,-1.1678467305289462,-3.7761194029850746,-0.893374741200828,-1.0,0.0,1.0,0.0
-0.035755156497731755,0.5652213058501933,-1.5625801913181583,-1.6679010688506952,-1.0,-0.4310344827586207,0.4831320283215327,-0.29104477611940277,0.26501035196687356,0.0,0.0,0.0,1.0
0.16112662380912318,-0.0498080353629334,0.05488456290889492,-0.06713573859158534,0.0,-0.48275862068965514,0.21657642648896294,-2.097014925373134,-0.07142857142857147,-1.0,0.0,0.0,1.0
-0.41290233063587295,-0.010813476629252288,0.041620168794657415,0.07307844625933646,0.0,0.6206896551724138,0.4831320283215327,-3.6194029850746268,0.5434782608695651,0.0,0.0,0.0,1.0
0.06508155396661454,-0.1108766818592001,0.11211987739771713,-0.1553273255048914,0.0,0.10344827586206898,-0.48313202832153246,-0.4850746268656713,-0.582815734989648,-1.0,0.0,0.0,0.0
-0.19588171473995858,-0.11514659989933657,-0.1499941965192143,0.2013295514191798,0.0,-0.15517241379310343,-0.2832153269471054,0.20895522388059723,-0.2991718426501035,-1.0,0.0,1.0,0.0
-0.5103737160793689,0.32659974102128503,0.6183112467756342,0.04619282500520741,0.0,-0.603448275862069,-0.7846730528946272,0.10447761194029828,-0.7836438923395445,0.0,0.0,0.0,0.0
-0.33097999799687766,-0.1298953873799484,0.060091145883509334,-0.06255277698666736,0.0,-0.4655172413793104,1.900874635568513,-0.07462686567164153,1.4213250517598341,-1.0,1.0,0.0,0.0
0.7082048811402277,-0.022683159844840727,0.38453813849900387,-0.07014696160498983,0.0,-0.10344827586206898,0.4498125780924612,0.5149253731343287,0.5434782608695651,-1.0,1.0,0.0,0.0
0.46672245966846787,4.3725441833589285,-1.7874401822793373,-1.332236944241969,-1.0,1.3793103448275863,-0.04831320283215337,2.440298507462687,0.5559006211180122,0.0,0.0,0.0,0.0
1.3379100125771848,2.667949743719982,-0.60355345215895,-0.9413594670646943,-1.0,0.8793103448275862,-0.11661807580174928,-1.3656716417910444,0.08074534161490693,0.0,0.0,0.0,1.0
1.2635211197233787,4.298828376249402,-2.063100074943567,-1.6594464909420383,-1.0,-0.4137931034482759,0.8179925031236984,1.440298507462687,0.6449275362318837,-1.0,0.0,0.0,1.0
0.5082955634939695,-0.1115565568966354,0.7493335600871275,0.5104558443668971,0.0,-0.3965517241379311,0.5181174510620574,-0.14925373134328307,0.21739130434782603,-1.0,1.0,0.0,0.0
-0.2594380647534872,-0.08151922164719588,0.01366450472907579,0.02825882222953407,0.0,0.5517241379310345,-0.5497709287796751,0.0746268656716422,-0.3374741200828156,0.0,0.0,0.0,1.0
0.6265627570709197,0.7140275870189597,-0.4557961391974891,-1.3982125578459557,-1.0,0.0,0.21657642648896294,0.35074626865671693,0.2629399585921325,-1.0,0.0,1.0,0.0
0.0010478528974080924,-0.1715447639919042,-0.013967228894789085,0.28673298746477716,0.0,1.0862068965517242,0.534777176176593,0.06716417910447818,0.7650103519668736,0.0,0.0,1.0,0.0
-0.530795748372139,0.0810617837323196,0.11520145421126798,0.13225580051766472,0.0,-1.0000000000000002,-0.04997917534360683,0.2686567164179107,-0.3022774327122153,-1.0,0.0,0.0,0.0
-0.09362998546608334,-0.1755332247322483,-0.12494206977746565,0.23068172132781237,0.0,-0.5344827586206896,0.6680549770928779,3.0447761194029863,0.8043478260869562,-1.0,0.0,0.0,1.0
0.1459409270266899,-0.09550019338160233,-0.47151305489699036,0.2715900593931948,0.0,0.603448275862069,0.751353602665556,-0.07462686567164087,0.7443064182194615,0.0,1.0,0.0,0.0
3.1199402646843675,4.605497944204847,-0.6046663029516511,-1.16069203638015,-1.0,-1.206896551724138,0.38317367763431903,1.2164179104477613,-0.15942028985507248,0.0,0.0,0.0,0.0
0.5014477918229977,0.218537568664627,0.10309229877864479,0.3102529216602446,0.0,0.9310344827586208,0.01832569762598908,1.895522388059702,0.23395445134575557,0.0,0.0,1.0,0.0
0.1864580515485328,2.838363277804728,-1.4339919607676501,-1.2198763578500675,-1.0,-0.1724137931034483,0.43481882548937933,5.64179104477612,0.3426501035196686,-1.0,1.0,0.0,0.0
-0.20877206809795368,0.10640412371222203,-0.26058468791990486,-0.222830830091276,0.0,1.206896551724138,-0.8996251561849228,-4.231343283582089,-0.6915113871635611,0.0,0.0,0.0,1.0
-0.24815546554711657,0.11189504459499386,0.7816478634392511,0.7642854306673027,0.0,-0.5862068965517241,1.3660974593919197,0.626865671641791,1.2153209109730847,-1.0,0.0,1.0,0.0
-0.5387685956598297,-0.17111636057785254,0.31347890640227155,-0.36383765997435735,0.0,-0.6551724137931034,0.9012911286963764,3.8656716417910455,0.5734989648033125,-1.0,0.0,1.0,0.0
-0.22387296516914434,-0.07573160574771098,0.4946145291607491,-0.003019694081298788,0.0,0.5344827586206897,-1.2161599333610995,2.067164179104478,-0.8302277432712215,0.0,1.0,0.0,0.0
-0.21296134103299155,-0.1712966034294389,0.30966897066781224,0.39055595712003144,0.0,0.0,-0.2515618492294876,-0.16417910447761178,-0.32712215320910987,-1.0,0.0,0.0,0.0
2.182830746750237,3.5744411900284403,-2.0116329950336453,-1.389447410622971,-1.0,-0.4655172413793104,0.68304872969596,-1.8208955223880592,0.4917184265010351,-1.0,0.0,1.0,0.0
-0.4149778204895274,0.4975253549644162,-0.3029491305853791,0.22904902852807782,0.0,1.2586206896551724,-0.031653477717617756,0.44029850746268717,0.5248447204968941,0.0,0.0,0.0,0.0
1.6691337692201984,-0.05439210930020644,-0.4610379011371298,0.3579903812893292,0.0,0.3965517241379311,-0.5514369012911287,0.17910447761194048,-0.256728778467909,-1.0,0.0,1.0,0.0
-0.33300981545112324,-0.21002505222381523,0.4212142982091467,-0.046560712450289955,0.0,0.44827586206896547,0.4847980008329862,0.11940298507462764,0.46480331262939956,0.0,0.0,0.0,1.0
-0.5453724205288478,0.002579078411624079,-0.05943605447070786,0.05712351965196854,0.0,-1.0862068965517242,-0.5680966264056643,-0.03731343283582077,-0.8043478260869565,0.0,0.0,1.0,0.0
-0.36668036286071864,-0.043525307678978636,-0.1861395500907095,0.12288378938220612,0.0,-0.4655172413793104,0.4331528529779259,-0.18656716417910382,0.24016563146997913,-1.0,0.0,0.0,0.0
0.4842115039146297,-0.18412215659823394,0.6453728143185372,0.2216710501150386,0.0,-1.0344827586206897,-0.1832569762598917,1.5895522388059702,-0.3995859213250519,0.0,0.0,0.0,0.0
1.7817783408731849,2.7083401157568936,-1.0923464578366813,-1.3685457167544373,-1.0,0.0,-0.0016659725114534663,-1.7985074626865671,-0.07556935817805394,-1.0,1.0,0.0,0.0
-0.4293272781767014,-0.14601497082974912,-0.20396446719799155,-0.06237085918251397,0.0,0.4655172413793104,-0.7163681799250312,1.8507462686567167,-0.531055900621118,-1.0,0.0,0.0,0.0
0.013043832214017285,3.5019300635372197,-1.3162158545577707,-1.4641589180011225,-1.0,-0.37931034482758624,-0.5847563515201999,-1.8059701492537312,-0.5910973084886126,-1.0,1.0,0.0,0.0
-0.5225530202685224,-0.09771308168431998,0.6890537887395565,-0.4386225110817456,0.0,-1.0344827586206897,0.3998334027488544,0.4477611940298512,0.34575569358178054,0.0,1.0,0.0,0.0
0.4247221977099361,2.5886837144956845,-0.7139246504423159,-1.1359088016040757,-1.0,0.4482758620689655,0.9496043315285299,0.19402985074626852,0.8498964803312626,0.0,1.0,0.0,0.0
1.2583007363278946,3.8131344624055936,-1.5067745644811041,-1.6000639003488262,-1.0,-0.08620689655172414,1.2511453561016244,6.628197161941233e-16,1.0631469979296062,-1.0,1.0,0.0,0.0
-0.2160619937025044,-0.22895913980032523,-0.3090193740236824,0.16439467974776956,0.0,0.3275862068965517,-0.3165347771761766,2.649253731343284,-0.003105590062111771,0.0,0.0,1.0,0.0
-0.11789240428210208,-0.20204319936892942,0.6742384268689794,-0.12855315510589652,0.0,-1.0344827586206897,-0.1832569762598917,1.5895522388059702,-0.3995859213250519,0.0,1.0,0.0,0.0
3.81052336966606,2.738722429739121,-0.5010630856603935,-1.5354426751772166,-1.0,0.7931034482758622,0.68304872969596,0.007462686567164684,0.8074534161490682,-1.0,0.0,0.0,0.0
0.43027265796158326,2.7083680804170642,-1.323359294980521,-0.9939598746237366,-1.0,0.896551724137931,0.18492294877134519,0.3283582089552242,0.5041407867494822,0.0,1.0,0.0,0.0
-0.3262605965204887,-0.22673453854120734,-0.03633592892944731,-0.145340203355096,0.0,-0.4655172413793104,1.900874635568513,-0.07462686567164153,1.4213250517598341,-1.0,0.0,0.0,1.0
0.7247390443109767,-0.11250052996396759,-0.08264725764935778,-0.04080213163949285,0.0,-0.5344827586206897,1.517700957934194,-0.24626865671641732,1.0672877846790887,0.0,0.0,1.0,0.0
-0.5292980392358186,-0.13947454997439004,-0.3147301719306469,0.3120133838816467,0.0,0.4482758620689655,0.9496043315285299,0.19402985074626852,0.8498964803312626,0.0,1.0,0.0,0.0
0.8297768042669802,4.430503448081188,-1.5866882756950667,-0.7699453484963327,-1.0,-1.103448275862069,0.3998334027488544,3.5000000000000004,0.6024844720496891,0.0,0.0,0.0,1.0
-0.46530765894285,-0.1172060632152353,0.5841881446070114,0.6130372555508258,0.0,-1.0344827586206897,-0.1832569762598917,1.5895522388059702,-0.3995859213250519,0.0,0.0,1.0,0.0
-0.45382755063552815,0.069612961546271,-0.25977766399686525,-0.1312841017065748,0.0,-0.9310344827586208,1.199500208246564,-0.08208955223880555,0.6128364389233955,-1.0,0.0,0.0,0.0
2.183986261793631,4.551117410320992,-1.4827997450965211,-1.8515612969011093,-1.0,0.5862068965517241,-1.399416909620991,-0.5970149253731336,-1.2546583850931676,-1.0,1.0,0.0,0.0
-0.10268515155885535,4.070871713582901,-0.27817237344092377,-1.017936513082713,-1.0,0.10344827586206898,-0.48313202832153246,-0.4850746268656713,-0.582815734989648,-1.0,0.0,0.0,0.0
-0.4864737504944936,1.7034150143492048,-0.5899541715495095,-1.18042433037933,-1.0,-1.3275862068965518,0.23323615160349856,-0.3955223880597011,-0.28778467908902694,0.0,0.0,0.0,0.0
1.7373581293495595,4.822128806886829,-0.679577981507516,-1.55324303561683,-1.0,-1.4482758620689655,0.23323615160349856,2.791044776119404,0.0,0.0,0.0,0.0,0.0
-0.4509706753788178,0.11736353072588587,0.3298093937112879,-0.16882100729190788,0.0,0.9137931034482759,0.4181591003748437,0.2686567164179107,0.7846790890269147,0.0,0.0,0.0,0.0
-0.10422454576666577,0.01665240698912908,-0.010537141249784663,0.10397627395585457,0.0,0.10344827586206898,-0.4831320283215327,-0.7462686567164173,-0.06935817805383039,-1.0,1.0,0.0,0.0
1.2365789916795324,1.645530538854348,-2.0623187124821865,-1.6152333888603063,-1.0,0.9137931034482759,-0.9679300291545189,0.28358208955223874,-0.591097308488613,0.0,0.0,0.0,0.0
-0.3359015346042749,0.008352882986980554,0.3795152797781598,0.4860239496133715,0.0,-0.6206896551724138,-0.5164514785506039,3.6492537313432845,-0.582815734989648,0.0,1.0,0.0,0.0
3.2721323639595323,4.199463607712539,-1.7131047772399457,-1.4405628624164264,-1.0,-0.3275862068965517,0.5014577259475218,-0.4701492537313426,0.3022774327122153,0.0,0.0,0.0,0.0
-0.16018023342136647,-0.22461434771525848,0.09373622101101607,-0.03374151862244775,0.0,1.3275862068965518,-0.5014577259475218,0.24626865671641798,-0.059006211180124384,0.0,0.0,1.0,0.0
0.9261057301720386,1.8937962682608713,-1.7776042169878972,-1.948958901343415,-1.0,0.17241379310344823,1.2511453561016244,-0.38059701492537235,1.0289855072463767,-1.0,0.0,0.0,1.0
2.57488235074696,4.335613298355096,-0.4941111424914588,-1.1818684136484223,-1.0,0.20689655172413796,-0.68304872969596,-0.23134328358208928,-0.5641821946169772,-1.0,1.0,0.0,0.0
-0.06726605432238979,-0.22998954481340056,0.1545206145180799,0.12452563391205043,0.0,0.603448275862069,0.751353602665556,-0.07462686567164087,0.7443064182194615,0.0,0.0,0.0,0.0
0.07314365588628127,2.6872878328170744,-2.3436495159095916,-1.4168931214038814,-1.0,0.08620689655172414,-2.1674302374010828,0.0746268656716422,-1.7556935817805381,-1.0,0.0,0.0,0.0
0.5658068321983648,3.444909933780146,-1.8294519817637462,-0.7877670522560801,-1.0,0.3275862068965517,-0.3165347771761766,0.1940298507462692,0.01966873706004117,-1.0,0.0,0.0,0.0
-0.4597650564324113,-0.190826863814688,0.7816478634392511,-0.030104208375627012,0.0,-0.44827586206896547,-0.599750104123282,3.059701492537314,-0.2784679089026915,-1.0,0.0,0.0,0.0
-0.4624597907607813,-0.012167151638516217,0.404412470311782,0.2003324320720293,0.0,-1.0862068965517242,1.4010828821324448,3.559701492537314,0.8581780538302276,0.0,0.0,0.0,1.0
0.6730537205294491,-0.22754653947931672,0.42542184607059563,0.15093594832338836,0.0,0.5172413793103449,0.9496043315285299,-2.8582089552238807,0.593167701863354,0.0,0.0,1.0,0.0
3.1515951213243816,2.1290449054284655,-1.5043062128892863,-1.661212863080568,-1.0,-0.1724137931034483,0.4498125780924615,3.8283582089552244,0.28674948240165615,-1.0,0.0,0.0,0.0
1.4855962148236763,2.298005925721604,-0.7872821399167781,-1.1515568130300147,-1.0,-0.3275862068965517,0.5164514785506039,-2.2835820895522385,0.2463768115942028,0.0,0.0,1.0,0.0
-0.43226848365654746,-0.22756730238377834,0.3834611036787026,0.2592050586415537,0.0,-0.10344827586206898,0.4498125780924615,0.7761194029850748,0.030020703933747464,-1.0,0.0,0.0,1.0
-0.4068372694881793,-0.18757653738609525,-0.20260347080962765,-0.032035664810543284,0.0,1.4310344827586208,-0.7330279050395668,-3.552238805970149,-0.08902691511387185,0.0,0.0,0.0,0.0
1.2760674671833836,0.22251605913522102,0.3617660616968936,0.42794615272535913,0.0,-1.2586206896551724,0.23323615160349856,-0.23134328358208928,-0.25672877846790865,0.0,0.0,0.0,0.0
4.332385877823567,0.8169016236949038,-1.1958391680592357,-0.9730309587425112,-1.0,-0.22413793103448273,0.299875052061641,2.3805970149253737,0.18944099378881996,-1.0,1.0,0.0,0.0
-0.4061567830024218,0.0711687826635122,0.15725045713490926,-0.002040767410823274,0.0,0.0,-0.031653477717617756,1.8283582089552246,0.03623188405797101,-1.0,0.0,1.0,0.0
1.662825917358335,2.1546399201325386,-1.030366469537534,-1.3897973218031316,-1.0,-0.37931034482758624,-0.599750104123282,0.007462686567164684,-0.5351966873706002,-1.0,0.0,0.0,1.0
-0.2770435912062393,0.18575497252914436,-0.10060753080515306,0.34164717593283683,0.0,0.37931034482758624,0.21657642648896294,0.044776119402985454,0.2753623188405795,-1.0,0.0,1.0,0.0
-0.27308156203344525,-0.15071913715470991,0.023144323959134766,0.39606454412115766,0.0,-0.810344827586207,1.199500208246564,-0.052238805970149474,0.6128364389233955,-1.0,1.0,0.0,0.0
1.9514160527420368,2.5914867678461153,-2.3436495159095916,-1.2335615036679444,-1.0,0.396551724137931,1.2178259058725531,-0.15671641791044708,1.0445134575569357,-1.0,0.0,1.0,0.0
-0.21389914370627292,0.4346484845484791,0.007821107008581806,0.09132548911702161,0.0,0.2931034482758621,-0.5830903790087464,0.4179104477611938,-0.2598343685300209,-1.0,0.0,1.0,0.0
-0.5024938244682688,2.8028270136864504,-1.504336351357627,-0.523159155857237,-1.0,0.1724137931034483,-0.4831320283215327,-3.7985074626865667,-0.3260869565217391,-1.0,0.0,1.0,0.0
-0.48517482476878543,-0.02345511302698146,0.5444270409294427,0.2006881712647719,0.0,0.9310344827586208,0.2515618492294876,2.23134328358209,0.5165631469979295,0.0,0.0,1.0,0.0
-0.17901559884278703,0.23871535597577917,0.5055061969088327,-0.05931020869787819,0.0,-0.793103448275862,-0.45147855060391495,-0.20895522388059723,-0.8240165631469977,0.0,0.0,1.0,0.0
-0.44446142598841915,-0.17251936675521964,0.10317391334658413,0.2991122496128258,0.0,1.0344827586206897,-0.4481466055810078,1.395522388059702,-0.329192546583851,0.0,0.0,0.0,1.0
-0.44637841784391746,-0.18409416048683336,-0.11754205234728372,-0.07897432084944064,0.0,-0.4310344827586207,0.4831320283215327,-0.29104477611940277,0.26501035196687356,0.0,0.0,0.0,1.0
1.3056050726069186,2.5622031857725776,-1.1182690005998468,-1.4039943921005344,-1.0,1.2586206896551724,-0.26655560183256977,0.2611940298507467,0.21739130434782575,0.0,0.0,1.0,0.0
-0.44838287698102275,-0.08939813069272624,-0.1864578051957055,0.47483376765236573,0.0,-0.3275862068965517,0.26655560183256977,-0.649253731343283,-0.005175983436853148,0.0,0.0,1.0,0.0
0.051627240625346536,-0.1118639980456453,0.762728422450894,0.2138400594426107,0.0,0.48275862068965525,-1.3511037067888378,-1.1940298507462686,-0.9834368530020702,0.0,1.0,0.0,0.0
0.19125015391586164,-0.06608775803716407,0.6250574830822432,0.15681224119951395,0.0,-0.051724137931034454,-0.7496876301541022,-0.29104477611940277,-0.8623188405797101,-1.0,0.0,0.0,1.0
-0.40108939482330686,-0.12919396161182814,0.09160960779108367,0.016526269386440803,0.0,1.0862068965517242,0.28488129945855883,1.7014925373134335,0.5134575569358176,0.0,0.0,0.0,0.0
0.013415343482246702,0.3870523792316845,-0.12672225164136955,0.1385951866263243,0.0,-0.10344827586206898,0.4498125780924612,0.5149253731343287,0.5434782608695651,-1.0,0.0,1.0,0.0
-0.22103849408533707,0.024348683561273676,-0.29882141399388706,0.3025563488579692,0.0,0.896551724137931,0.18492294877134519,0.3283582089552242,0.5041407867494822,0.0,0.0,0.0,0.0
0.3105102469583098,2.794193632113379,-1.0778334812522994,-1.351278364620562,-1.0,0.5172413793103449,0.9496043315285299,-2.8582089552238807,0.593167701863354,0.0,0.0,0.0,0.0
-0.21244102540179158,-0.2186036083007375,0.24135003886366607,-0.21192117197845056,0.0,0.06896551724137931,-0.5164514785506039,0.23134328358208994,-0.3188405797101449,0.0,1.0,0.0,0.0
0.11487635685450238,0.11630610777951673,-0.10362612861819206,0.049796837491232565,0.0,-0.12068965517241378,-0.5514369012911289,0.7164179104477613,-0.22567287784679096,-1.0,0.0,0.0,0.0
0.9566385928237531,3.1658695961863885,-0.582617000838212,-1.0386718659905991,-1.0,0.017241379310344824,-1.6676384839650145,-0.14179104477611904,-1.4565217391304346,0.0,1.0,0.0,0.0
-0.5205246202366968,-0.061293247767041155,-0.43947520417690483,0.6030032611194998,0.0,1.0,0.03331945022907122,-2.970149253731343,-0.07867494824016555,0.0,1.0,0.0,0.0
-0.0933949219496268,-0.2250412032503904,0.5815575410426025,0.26662426850902715,0.0,-0.4655172413793104,0.6680549770928779,-0.007462686567163358,0.5476190476190476,-1.0,0.0,0.0,0.0
-0.04159361895613127,-0.21302020478350578,0.04071767976097815,0.24102064686761282,0.0,0.0,-0.2515618492294876,-0.16417910447761178,-0.32712215320910987,-1.0,1.0,0.0,0.0
-0.02912718204334826,0.23683457343004416,-1.3787826237790177,-1.514400003951832,-1.0,0.24137931034482765,-0.8179925031236984,0.373134328358209,-0.536231884057971,-1.0,1.0,0.0,0.0
0.06748819924848339,-0.14258175321747987,0.10282347105089117,0.4355929674952157,0.0,-0.051724137931034454,-0.15160349854227395,-3.2462686567164174,-0.1728778467908901,-1.0,0.0,1.0,0.0
-0.431876398874692,-0.14658216299684068,0.08278306236493789,0.11526706917323448,0.0,-0.7758620689655172,-0.2182423990004164,-0.2686567164179107,-0.5434782608695651,0.0,1.0,0.0,0.0
0.20660028201969663,0.03486743910680078,0.5020318515389645,0.06723379434589491,0.0,0.4482758620689655,0.9496043315285299,0.19402985074626852,0.8498964803312626,0.0,0.0,0.0,1.0
-0.4196798206041416,-0.1431590618620493,-0.5495370075069913,0.03201280321821118,0.0,0.5,-1.00124947938359,-3.3134328358208953,-0.6480331262939958,0.0,0.0,1.0,0.0
-0.30383250618392194,-0.22863892534764133,0.13186034014282647,-0.07810897808893574,0.0,-0.10344827586206898,0.4498125780924612,0.5149253731343287,0.5434782608695651,-1.0,0.0,1.0,0.0
-0.21587836620883097,-0.15819727410157333,0.5344638426814323,0.17733173153827014,0.0,1.3275862068965516,-0.26655560183256977,-2.791044776119403,-0.03933747412008293,0.0,1.0,0.0,0.0
2.491198405287886,2.096424967124682,-1.1300183686860334,-1.7258557565918564,-1.0,0.3275862068965517,-0.3165347771761766,2.649253731343284,-0.003105590062111771,0.0,1.0,0.0,0.0
-0.2403005793228958,-0.20259098653301122,0.20404526246501706,0.3815915601778962,0.0,-1.0517241379310345,-0.28488129945855883,0.22388059701492594,-0.5786749482401654,-1.0,1.0,0.0,0.0
0.007595274032919368,-0.10233893754202597,0.40712463821158856,0.2508508610341798,0.0,-0.12068965517241383,-0.01665972511453561,-0.01492537313432738,-0.019668737060041463,-1.0,0.0,0.0,1.0
-0.3856824621688399,-0.23223263074804468,-0.07290845031385952,-0.08328367038945922,0.0,0.4655172413793104,0.6847147022074135,0.022388059701492727,0.7888198757763972,-1.0,0.0,0.0,0.0
0.40134634392954593,0.46449277222606467,0.13633356853826725,-0.14373341411759016,0.0,-0.8448275862068967,-0.9512703040399832,-0.022388059701492064,-1.123188405797101,-1.0,1.0,0.0,0.0
0.36824735845394196,-0.2151754824243579,0.31937440596502303,0.12082992489786475,0.0,0.17241379310344823,1.2511453561016244,-0.38059701492537235,1.0289855072463767,-1.0,0.0,0.0,0.0
0.24792382538892968,-0.14975047201387637,-0.12342169466566343,0.4459324532841406,0.0,-0.3275862068965517,0.5164514785506039,-2.2835820895522385,0.2463768115942028,0.0,1.0,0.0,0.0
-0.1613264443494775,-0.11928214670277365,-0.027653247357776346,0.004809958389784254,0.0,0.8620689655172414,-1.1178675551853394,-1.1641791044776117,-0.6884057971014491,0.0,1.0,0.0,0.0
1.3938123713679762,0.7598286074452729,-1.7301134064385038,-1.730647215996299,-1.0,0.4482758620689655,0.9346105789254476,2.0074626865671643,0.9057971014492752,0.0,0.0,0.0,1.0
-0.013228007513139446,3.197854093417296,-0.6285226144731821,-1.2431734505819927,-1.0,0.37931034482758624,0.21657642648896294,0.044776119402985454,0.2753623188405795,-1.0,1.0,0.0,0.0
0.7194817853229065,5.162802627455592,0.16890683822720712,-1.247695624037017,-1.0,1.2586206896551724,-0.16659725114535612,-3.9253731343283578,0.15113871635610757,0.0,0.0,1.0,0.0
-0.46646247007903563,-0.11423272599013076,0.1465815589941502,-0.2419266858443927,0.0,-0.5344827586206897,0.9329446064139942,-0.40298507462686506,0.5393374741200826,0.0,0.0,1.0,0.0
-0.5524119314830436,-0.20079488097980208,0.25971032106256564,0.049340661495018465,0.0,0.48275862068965525,-1.3511037067888378,-1.1940298507462686,-0.9834368530020702,0.0,0.0,0.0,1.0
1.5280842469131697,3.22620835360294,-1.2559018730729965,-1.4976279538082575,-1.0,1.3275862068965518,-0.5164514785506039,2.0597014925373136,-0.003105590062111918,0.0,0.0,0.0,0.0
-0.5377997784909856,0.1885772110932386,-0.11429134685158729,-0.00012136225686988663,0.0,-0.48275862068965514,0.21657642648896294,-2.097014925373134,-0.07142857142857147,-1.0,1.0,0.0,0.0
0.03136040440207561,2.6245297268185768,0.37349001936512943,-1.6256670896862546,-1.0,0.6206896551724137,0.9845897542690545,-0.13432835820895436,1.0248447204968942,0.0,0.0,1.0,0.0
-0.18164689751814794,-0.06196945184299646,0.21555351308583992,0.24146174517653743,0.0,0.37931034482758624,0.5514369012911287,1.8358208955223885,0.5517598343685297,-1.0,1.0,0.0,0.0
4.035931762182742,4.112871026860107,-1.8442667053301989,-1.6970249941178357,-1.0,0.37931034482758624,0.8013327780091628,0.2014925373134332,0.8033126293995857,-1.0,1.0,0.0,0.0
-0.05600780859032757,1.2419230124756346,-0.9665457835091756,-1.429617424832423,-1.0,0.4655172413793104,-0.7163681799250312,1.8507462686567167,-0.531055900621118,-1.0,0.0,0.0,1.0
-0.11373186870223041,-0.185440387018057,-0.4942460335661436,0.14521370915781595,0.0,-0.896551724137931,-0.2182423990004164,-0.2985074626865668,-0.5434782608695651,0.0,0.0,0.0,0.0
-0.5370828250875934,-0.029289632882909918,-0.12034816713698394,0.3234354445008864,0.0,0.3275862068965517,-0.299875052061641,0.6791044776119405,-0.034161490683229774,0.0,1.0,0.0,0.0
-0.4821028984111594,-0.20639988058641207,-0.2871492455587266,-0.08748056840118273,0.0,-0.9827586206896552,0.5497709287796749,1.8955223880597016,0.4430641821946167,0.0,0.0,1.0,0.0
0.4682324703875591,-0.12847737535136208,0.6406713096339113,0.23203578021949625,0.0,-0.37931034482758624,-0.5847563515201999,-1.8059701492537312,-0.5910973084886126,-1.0,0.0,0.0,0.0
-0.5588749570092537,0.15430894735020637,0.08921652030394985,-0.26286324496640334,0.0,-0.08620689655172414,2.1341107871720117,-0.04477611940298479,1.7163561076604552,-1.0,0.0,0.0,1.0
-0.11829032109041786,-0.1583339937759669,0.5318743529774509,0.24391188137111797,0.0,-0.10344827586206898,0.4498125780924615,0.7761194029850748,0.030020703933747464,-1.0,1.0,0.0,0.0
-0.20718779849783692,0.2895990729377856,0.08757104164614982,0.18881397713972314,0.0,0.051724137931034454,0.3515201999167013,3.611940298507464,0.41614906832298115,-1.0,0.0,0.0,0.0
-0.28207229971814946,-0.04833607039114935,0.2572293636857924,0.43786686470470154,0.0,0.017241379310344845,0.21657642648896294,-0.04477611940298479,0.26086956521739113,-1.0,0.0,0.0,0.0
1.2277123413815854,4.103147999051937,-0.7644871442106111,-1.0403810957245627,-1.0,0.48275862068965525,-1.3511037067888378,-1.1940298507462686,-0.9834368530020702,0.0,0.0,1.0,0.0
-0.2677851201131701,0.053833565005583166,0.02958978730263931,0.11176010478444165,0.0,0.0,-0.03331945022907122,1.9850746268656723,0.011387163561076543,-1.0,0.0,1.0,0.0
-0.10890570603871806,-0.1706625290787064,-0.05175805988122441,-0.005833438311664349,0.0,1.2586206896551724,-0.04831320283215337,2.410447761194031,0.5559006211180122,0.0,0.0,0.0,1.0
-0.5139861981642844,-0.21086395537299785,0.08411962479072417,-0.09393632536141293,0.0,-0.8793103448275862,0.8163265306122449,-0.22388059701492527,0.25879917184265006,0.0,0.0,0.0,0.0
-0.3439646351042884,0.22013474818665238,0.13454893023629705,-0.2031229006390289,0.0,0.603448275862069,-1.2011661807580174,-2.7985074626865676,-1.1428571428571426,0.0,0.0,1.0,0.0
-0.41306582211236276,-0.13436931485355905,0.46892465284273777,-0.026284673677825297,0.0,-0.7068965517241379,0.24989587671803415,0.14925373134328374,0.018633540372670628,0.0,1.0,0.0,0.0
-0.47495721275965364,-0.05965345593754668,0.14950098647191226,0.2500592776340654,0.0,0.8793103448275863,-1.4677217825905873,0.06716417910447818,-0.9285714285714285,-1.0,0.0,1.0,0.0
-0.23068982824928427,-0.21324233474226478,-0.2920070557873838,0.13462472228958386,0.0,1.3275862068965518,-0.41649312786339027,-1.1567164179104477,0.12008281573498956,0.0,1.0,0.0,0.0
-0.49503293878817634,0.01657185228211189,0.44138495007723805,0.008614061560960359,0.0,0.17241379310344823,1.2511453561016244,-0.38059701492537235,1.0289855072463767,-1.0,1.0,0.0,0.0
-0.29800118791332514,0.04760243897825451,0.3958746269901701,-0.26661663797497176,0.0,0.6206896551724138,0.4831320283215327,-3.6194029850746268,0.5434782608695651,0.0,0.0,1.0,0.0
0.03619575933368812,-0.05011712499443588,0.061962338328044445,0.2769370638882042,0.0,-0.03448275862068967,1.4010828821324448,0.23134328358208994,1.136645962732919,0.0,1.0,0.0,0.0
-0.5153033236010487,-0.1008479860868939,0.40585136261339666,0.3094759778836493,0.0,-0.03448275862068967,1.4010828821324448,0.23134328358208994,1.136645962732919,0.0,0.0,0.0,1.0
0.7589677703055828,-0.22178012800081756,0.2352170936492447,0.02481310280385388,0.0,1.3793103448275863,-0.04831320283215337,2.440298507462687,0.5559006211180122,0.0,1.0,0.0,0.0
-0.12441328775084327,-0.14182109713434907,0.25241618924059284,0.04463973629557333,0.0,-0.051724137931034475,0.7163681799250312,-0.261194029850746,0.5600414078674946,0.0,1.0,0.0,0.0
-0.5137134416820506,0.04958669985946977,0.47192822943346235,0.1687227661671065,0.0,0.051724137931034454,0.11828404831320274,3.2761194029850746,0.13354037267080718,-1.0,0.0,0.0,1.0
-0.555939510388746,-0.15684547014457656,0.6516156283693135,0.19820507244689964,0.0,-1.206896551724138,0.38317367763431903,1.2164179104477613,-0.15942028985507248,0.0,0.0,1.0,0.0
-0.47726341392000815,-0.0947427160801388,0.0997250274058788,0.012611643677898899,0.0,-0.12068965517241383,-0.01665972511453561,-0.01492537313432738,-0.019668737060041463,-1.0,0.0,0.0,1.0
0.09099844451413058,0.11922583279680649,0.40345804868646473,0.054638454826356285,0.0,-0.3275862068965517,0.5164514785506039,-2.2835820895522385,0.2463768115942028,0.0,0.0,1.0,0.0
0.6957613823947809,4.1195815019120765,-0.770819893272711,-1.2665321719298466,-1.0,-0.4655172413793104,0.6680549770928779,-0.007462686567163358,0.5476190476190476,-1.0,0.0,0.0,0.0
1.1477966897193523,-0.1770770326739876,0.4811987397904637,0.23379907690139243,0.0,-0.9137931034482759,0.9346105789254476,-0.2537313432835813,0.55175983436853,0.0,0.0,1.0,0.0
0.5005697898448376,0.24823577323219465,0.17392751204187584,0.2304233489562912,0.0,0.5517241379310345,-0.46813827571845057,-3.0746268656716422,-0.5631469979296065,-1.0,0.0,0.0,1.0
3.162079007964555,0.6053319821380879,-1.3056686857610686,-1.1540314945385102,-1.0,-0.9310344827586208,-0.06663890045814244,-0.05223880597014881,-0.21739130434782603,0.0,1.0,0.0,0.0
1.137668691909347,1.8103467285326864,-1.4685951968861009,-1.6482769691536467,-1.0,-0.1724137931034483,0.4498125780924615,3.8283582089552244,0.28674948240165615,-1.0,0.0,1.0,0.0
0.17356960461787307,0.014515780214297835,0.16309026366710688,0.36226823089279114,0.0,0.48275862068965514,-0.4831320283215327,1.791044776119403,-0.2505175983436854,-1.0,0.0,0.0,0.0
1.5662520552047523,4.048213218008225,-2.1376684846385197,-1.3643948538876067,-1.0,0.7068965517241379,0.08496459808413176,-0.9029850746268651,-0.0631469979296067,-1.0,0.0,1.0,0.0
0.818460801190389,3.3380006949446543,-1.1043659539068917,-1.2656014381146679,-1.0,0.0689655172413793,-0.234902124114952,-5.186567164179105,-0.6149068322981366,-1.0,0.0,0.0,1.0
-0.15158422711985922,-0.21332733206999385,0.05038416689336427,0.562289556354991,0.0,0.5517241379310345,-0.5497709287796751,0.0746268656716422,-0.3374741200828156,0.0,0.0,0.0,0.0
-0.3053477208398255,-0.20911958754560006,0.40944191251318013,-0.18002996765699414,0.0,0.4655172413793104,-0.4664723032069971,0.21641791044776124,-0.27950310559006203,-1.0,1.0,0.0,0.0
1.820521883583315,1.3923833331010056,-2.2315398856224213,-1.2221295844625688,-1.0,0.4482758620689655,0.9346105789254476,2.0074626865671643,0.9057971014492752,0.0,1.0,0.0,0.0
0.9581570189509647,1.332473281886936,-2.0956838856658195,-1.1809889345338476,-1.0,-1.3275862068965518,0.23323615160349856,-0.3955223880597011,-0.28778467908902694,0.0,0.0,0.0,1.0
0.9397239198219411,-0.0844924804536304,0.5074877890404345,0.3982150107158788,0.0,0.4482758620689655,1.1678467305289462,2.3432835820895526,1.1884057971014492,0.0,0.0,0.0,0.0
0.10786638274488419,0.12148831077441857,0.6230733832894191,0.12904263488999096,0.0,-1.0,-0.06663890045814244,3.0000000000000004,0.03933747412008263,0.0,1.0,0.0,0.0
2.10307983083417,1.5859599460945504,-1.6636174778876507,-1.0536032388160466,-1.0,1.3275862068965516,-0.26655560183256977,-2.791044776119403,-0.03933747412008293,0.0,1.0,0.0,0.0
0.4568741664265825,-0.02242796189266788,-0.3195325596186234,0.15675813290420035,0.0,-0.7931034482758622,-0.7163681799250312,0.022388059701492727,-0.8467908902691511,-1.0,1.0,0.0,0.0
-0.5444638811208896,0.2247795647032431,0.36158262439353345,-0.11062156993911364,0.0,-0.3275862068965517,0.26655560183256977,-0.649253731343283,-0.005175983436853148,0.0,0.0,0.0,0.0
0.21634485658148084,3.2950592906553577,-1.8310799280480494,-1.9355888757222326,-1.0,0.9137931034482759,0.4181591003748437,0.2686567164179107,0.7846790890269147,0.0,0.0,0.0,0.0
2.36463672272945,2.825242737277771,-1.1562961907112415,-1.7652096019783408,-1.0,-0.6206896551724138,-0.5164514785506039,3.6492537313432845,-0.582815734989648,0.0,0.0,0.0,0.0
1.3331001727223524,1.8188073124372965,-0.566733366047067,-1.7559712523143913,-1.0,-0.9310344827586208,1.199500208246564,-0.08208955223880555,0.6128364389233955,-1.0,1.0,0.0,0.0
0.31643781394468784,-0.14623442952179683,0.46256619753170886,0.2902543956472508,0.0,0.9310344827586208,-1.2328196584756352,0.11194029850746297,-0.6521739130434784,-1.0,0.0,0.0,0.0
-0.4820772104926768,-0.18336294118161917,0.5940998431723479,0.07660982395140702,0.0,-0.20689655172413796,0.6497292794668889,0.2611940298507467,0.5248447204968942,-1.0,0.0,0.0,1.0
-0.09619789428510125,1.3271100310078718,-1.5569005223655386,-1.4548739231260082,-1.0,-0.9137931034482759,0.7163681799250312,-2.4029850746268653,0.21325051759834357,0.0,0.0,1.0,0.0
0.3035142662199036,-0.18250769290648164,0.3519908777208819,0.32177800732683587,0.0,1.2586206896551724,-0.031653477717617756,0.44029850746268717,0.5248447204968941,0.0,1.0,0.0,0.0
0.0764694406745088,-0.15910030378142287,0.49369919756322866,0.4280301028578677,0.0,-1.0862068965517242,-0.5514369012911287,-2.0074626865671643,-0.8354037267080745,0.0,0.0,1.0,0.0
-0.5191257475567791,-0.1195725875550615,-0.45286895575978453,0.34498151351090767,0.0,-0.44827586206896547,-0.5181174510620574,-0.08955223880597024,-0.5041407867494825,0.0,0.0,0.0,1.0
-0.16673452257054597,-0.1778289322259061,0.4220687283643873,0.050024967074338615,0.0,-1.0862068965517242,1.4010828821324448,3.559701492537314,0.8581780538302276,0.0,0.0,0.0,0.0
-0.11208854788371916,-0.19048742225745288,0.25654260551378855,0.2958893100176018,0.0,0.06896551724137938,-0.2515618492294876,0.0,-0.2960662525879916,-1.0,0.0,1.0,0.0
0.10534057391851094,-0.11125264803609602,-0.1143515302919704,-0.4084538691083185,0.0,0.5344827586206897,-1.2011661807580174,0.253731343283582,-0.886128364389234,0.0,0.0,0.0,0.0
-0.10433813723952236,0.08296077789103493,0.38628674882781106,-0.009648164728510452,0.0,0.7068965517241379,-0.2832153269471054,-0.11940298507462632,-0.05797101449275355,0.0,0.0,0.0,0.0
-0.4075204461603337,0.12094720277990063,-0.3255894143492525,-0.14124514781183697,0.0,-0.3448275862068965,-0.7180341524364847,0.03731343283582077,-0.8281573498964802,-1.0,0.0,0.0,0.0
0.2917758364714483,0.4067711929126004,-0.12030126162763988,0.1299213865955314,0.0,1.0862068965517242,0.534777176176593,0.06716417910447818,0.7650103519668736,0.0,0.0,0.0,1.0
-0.47998527162579263,-0.19541321574407783,0.012988651233805104,0.09551901354818955,0.0,-0.03448275862068967,1.4010828821324448,0.23134328358208994,1.136645962732919,0.0,0.0,0.0,1.0
-0.05861728672013451,-0.15777651904167822,0.3514817843353662,-0.04376863883306716,0.0,-0.0689655172413793,-0.01665972511453561,3.0671641791044784,0.2370600414078672,-1.0,1.0,0.0,0.0
-0.31765791804414356,-0.15435465998203438,-0.03633139709109875,0.15053575108217454,0.0,0.9310344827586208,0.2515618492294876,2.23134328358209,0.5165631469979295,0.0,0.0,0.0,1.0
2.4771982325967503,2.06640002163556,-1.3618704587975607,-1.0859044677581131,-1.0,-0.5517241379310345,-1.517700957934194,0.380597014925373,-1.3633540372670807,-1.0,0.0,1.0,0.0
0.5705576630385663,-0.0020666102963119975,0.1689214983762745,-0.055544367507237374,0.0,-0.4655172413793104,-0.751353602665556,-0.029850746268656747,-0.7846790890269151,0.0,0.0,1.0,0.0
2.0700546847302843,3.755718079070359,-2.054959099474005,-1.1402855490699961,-1.0,0.48275862068965514,-0.46813827571845057,-0.022388059701492727,-0.3064182194616979,-1.0,0.0,1.0,0.0
0.9046334964800932,3.5017366085574704,-0.9722564702436606,-1.2734883556315826,-1.0,-0.03448275862068967,1.4010828821324448,0.23134328358208994,1.136645962732919,0.0,0.0,0.0,0.0
-0.5364173978397748,-0.21815473843799066,0.4830339589466066,-0.0948750977048987,0.0,0.9137931034482759,-0.7496876301541024,2.432835820895523,-0.2525879917184265,0.0,0.0,1.0,0.0
0.08597091481513436,-0.10658390496385935,-0.31475934019706564,0.5129922109244319,0.0,1.2586206896551724,-0.04831320283215337,2.410447761194031,0.5559006211180122,0.0,0.0,0.0,0.0
-0.4711163678831852,-0.16793615418967875,0.48407237871455233,0.18213112636381165,0.0,-0.051724137931034475,0.7163681799250312,-0.261194029850746,0.5600414078674946,0.0,1.0,0.0,0.0
2.3297621667185613,3.3709304157320044,-1.9551128440743972,-1.7868041432228199,-1.0,-0.8793103448275862,0.8163265306122449,-0.22388059701492527,0.25879917184265006,0.0,0.0,0.0,0.0
-0.3602523246798671,0.11406698441954911,-0.5070305505726733,0.33416156291017574,0.0,-0.5517241379310345,-0.13327780091628488,3.82089552238806,-0.22877846790890258,-1.0,1.0,0.0,0.0
1.1074617477320665,-0.03365462530817989,0.06387058504313695,0.16287324755485366,0.0,-0.3275862068965517,0.5164514785506039,-2.2835820895522385,0.2463768115942028,0.0,0.0,1.0,0.0
0.3427478967392826,0.6833084242656212,0.06678019393823395,0.13097811842333593,0.0,0.0,0.23323615160349856,-1.6194029850746265,0.2318840579710145,-1.0,0.0,0.0,0.0
0.24263363288986828,-0.019547425614694254,-0.08704244302317034,0.3029613787201783,0.0,0.9310344827586208,0.2515618492294876,2.23134328358209,0.5165631469979295,0.0,1.0,0.0,0.0
0.10746265040401468,-0.084434992192298,0.36543579862035175,-0.07638558994810712,0.0,-1.103448275862069,0.3998334027488544,3.5000000000000004,0.6024844720496891,0.0,0.0,1.0,0.0
2.882262333977603,3.4205282749535115,-1.455394168696726,-1.3266311702007192,-1.0,1.2586206896551724,-0.031653477717617756,0.44029850746268717,0.5248447204968941,0.0,0.0,1.0,0.0
-0.3179635821708179,-0.06766887037496157,0.23328622985194708,-0.1049037275753936,0.0,-0.396551724137931,0.5014577259475218,2.582089552238807,0.559006211180124,0.0,0.0,0.0,0.0
0.07126806242718178,-0.20554798889718454,0.34471136200486935,0.09711638804280706,0.0,0.0,-0.26655560183256977,1.649253731343284,-0.2712215320910974,-1.0,1.0,0.0,0.0
-0.2630104183248158,-0.1320899823505657,-0.26073961552631986,0.07282442862683687,0.0,1.2586206896551724,-0.26655560183256977,0.2611940298507467,0.21739130434782575,0.0,0.0,0.0,1.0
-0.3966708597457665,2.3365821934326654,-0.9216926165665471,-1.2440737614348354,-1.0,0.10344827586206898,-0.4831320283215327,-0.7462686567164173,-0.06935817805383039,-1.0,0.0,0.0,1.0
-0.4279066576921274,0.05351293200808815,0.5160378020192391,0.08511773018588811,0.0,0.0,-0.0016659725114534663,-1.7985074626865671,-0.07556935817805394,-1.0,0.0,0.0,0.0
1.5203426501114174,4.5999351693282255,-1.8474919016457212,-1.0986654405089922,-1.0,0.1724137931034483,-0.7180341524364847,-3.977611940298507,-0.6335403726708074,-1.0,1.0,0.0,0.0
0.02651940182320678,3.0233745932591214,-1.6604794025181573,-1.2058218576594013,-1.0,0.7586206896551725,0.8179925031236984,-0.5970149253731336,0.7795031055900619,-1.0,0.0,0.0,1.0
-0.2677153719805862,-0.08834033909368114,0.2276307085036806,0.29328465642517443,0.0,-0.10344827586206898,0.4498125780924612,0.5149253731343287,0.5434782608695651,-1.0,0.0,0.0,1.0
0.02009040250187012,-0.1667271836041891,0.02978366504373812,-0.01040803171197831,0.0,-0.017241379310344824,1.6343190337359432,0.17164179104477645,1.4171842650103517,0.0,0.0,0.0,1.0
0.43582214307778944,2.14220401570998,-2.0851317631885773,-1.6258679676428551,-1.0,-0.603448275862069,-0.5847563515201999,0.43283582089552247,-0.5393374741200828,-1.0,1.0,0.0,0.0
2.3119960371518777,2.568630599321258,-1.9693034503719071,-1.1947046700442547,-1.0,0.4482758620689655,1.1678467305289462,2.3432835820895526,1.1884057971014492,0.0,0.0,0.0,0.0
4.019246346534881,1.6706769200429727,-1.4269840495027146,-1.5101136961717097,-1.0,-1.3275862068965518,0.38317367763431903,1.1865671641791051,-0.15942028985507248,0.0,0.0,0.0,1.0
0.553693977299355,-0.21415189869879672,0.4403218347526644,0.0381672219907865,0.0,0.4482758620689655,1.1678467305289462,2.3432835820895526,1.1884057971014492,0.0,0.0,0.0,0.0
-0.1706393941485311,-0.09927032703866404,0.38546894097977685,-0.03067499381985558,0.0,-0.4482758620689655,-0.982923781757601,-0.1641791044776111,-0.8892339544513456,0.0,0.0,0.0,0.0
-0.2715849090619183,-0.13483151234608126,-0.049090186159551845,0.004102361227246782,0.0,0.48275862068965514,-0.23323615160349856,0.15671641791044774,0.0010351966873705413,-1.0,0.0,0.0,0.0
0.12881478622120396,-0.18290761717188558,0.7186465497060341,0.15027637064913882,0.0,-1.0000000000000002,-0.04997917534360683,0.2686567164179107,-0.3022774327122153,-1.0,0.0,0.0,0.0
-0.3720621146780143,-0.12737084731242823,-0.3253927534958909,0.59181215879694,0.0,-1.103448275862069,0.39983340274885465,3.761194029850747,0.08902691511387155,0.0,1.0,0.0,0.0
-0.10173077812312778,-0.22821947482004007,0.0710782021585926,0.3933844516151516,0.0,-0.5344827586206897,0.9329446064139942,-0.40298507462686506,0.5393374741200826,0.0,1.0,0.0,0.0
0.3445103377436541,0.056795432073345725,-0.1530340454586186,0.20097926108905265,0.0,1.3793103448275863,-0.28154935443565193,2.1044776119402986,0.2732919254658382,0.0,0.0,0.0,0.0
0.20230863612767527,1.7865982420210071,-0.732646344029273,-1.7318346563367926,-1.0,-0.9482758620689655,1.051228654727197,-0.20895522388059656,0.5351966873706002,0.0,0.0,0.0,1.0
-0.24566226015262616,-0.19356424604563724,0.266602477883152,0.5972709737226968,0.0,-0.9137931034482759,-0.45147855060391495,-0.2388059701492533,-0.8240165631469977,0.0,0.0,0.0,0.0
-0.2013610602240931,0.05896256242307187,-0.001771735832014642,-0.207412846458487,0.0,1.3275862068965516,-0.26655560183256977,-2.791044776119403,-0.03933747412008293,0.0,0.0,0.0,0.0
-0.22269294624401,-0.22159402353281488,0.24349653069911573,0.12138784092434801,0.0,-0.8620689655172414,-0.21657642648896294,-0.19402985074626852,-0.5476190476190476,0.0,0.0,0.0,1.0
0.20163721802935258,-0.18523994867017274,-0.28035382597780306,-0.013881479205183908,0.0,1.3793103448275863,-0.031653477717617756,0.47014925373134325,0.5248447204968941,0.0,0.0,1.0,0.0
-0.2737235302877015,-0.06044901941260083,0.14297907008647168,0.4684942466028071,0.0,-0.48275862068965514,0.4498125780924615,-1.7611940298507458,0.2111801242236025,-1.0,1.0,0.0,0.0
0.1979662682846717,0.153034399900613,0.7509467261235256,-0.1403637808478683,0.0,0.5344827586206897,-0.9662640566430654,0.43283582089552247,-0.5786749482401655,0.0,0.0,0.0,0.0
-0.4694678434017253,0.4220287651891281,-0.2835858035977842,0.1923339025437373,0.0,0.603448275862069,0.751353602665556,-0.07462686567164087,0.7443064182194615,0.0,1.0,0.0,0.0
-0.20398511802086894,-0.19311709864208643,0.08151597206543044,-0.14174547753006358,0.0,0.08620689655172414,-2.1674302374010828,0.0746268656716422,-1.7556935817805381,-1.0,1.0,0.0,0.0
0.8744217092168703,3.325658004777834,-1.167336543229551,-1.2093137594588996,-1.0,0.8448275862068967,0.917950853810912,0.052238805970149474,1.0838509316770182,-1.0,0.0,0.0,1.0
0.1670452147921916,-0.21470384295377037,-0.14638807987699073,0.007145781218688252,0.0,-0.5344827586206897,0.9329446064139942,-0.40298507462686506,0.5393374741200826,0.0,1.0,0.0,0.0
1.063093646238415,1.154083081177281,-0.4608235414523334,-1.1723105785571297,-1.0,1.0862068965517242,0.28488129945855883,1.7014925373134335,0.5134575569358176,0.0,0.0,1.0,0.0
-0.4199294288880859,-0.015279953236998125,0.5938479561090353,0.1952638517913444,0.0,-0.06896551724137931,-0.39983340274885465,-0.15671641791044708,-0.3737060041407869,0.0,0.0,0.0,1.0
3.256641377945739,3.350514102119272,-1.1205513992028635,-1.0776109595114562,-1.0,1.3275862068965518,-0.2832153269471054,2.395522388059702,0.27950310559006203,0.0,0.0,0.0,0.0
0.05783869987867313,-0.13216712594759109,0.009530913604247768,0.25417182387230974,0.0,1.2586206896551724,-0.26655560183256977,0.2611940298507467,0.21739130434782575,0.0,1.0,0.0,0.0
-0.4061537216213854,0.29344636935807733,0.4137563648232662,0.4814066141089985,0.0,0.22413793103448273,0.14993752603082025,0.6940298507462692,0.5828157349896477,-1.0,1.0,0.0,0.0
0.07633014543741098,-0.12273685785479024,0.22219652171582158,-0.052874193749594255,0.0,0.9137931034482759,-0.982923781757601,2.0970149253731347,-0.5351966873706004,0.0,0.0,0.0,0.0
-0.37198791319275476,0.1695658206409475,-0.02381032665914234,0.4595254170719913,0.0,-0.5517241379310345,-0.05164514785506053,0.41044776119402976,0.05900621118012409,0.0,1.0,0.0,0.0
-0.5207393706588413,-0.2105520786726963,0.3335356591315414,0.3631773114292147,0.0,0.1724137931034483,-0.4831320283215327,-3.7985074626865667,-0.3260869565217391,-1.0,0.0,0.0,0.0
0.09265208091647942,0.05065083886106525,0.3230406282685464,0.15547811873504852,0.0,-0.3448275862068965,-0.7180341524364847,0.03731343283582077,-0.8281573498964802,-1.0,0.0,0.0,0.0
0.1923874351451073,-0.19591915179555702,0.07943795511590786,0.4819601743213516,0.0,1.206896551724138,-0.8996251561849228,-4.231343283582089,-0.6915113871635611,0.0,0.0,0.0,0.0
0.6922823714502737,-0.20194006224720878,-0.2524437529463753,0.28207920949695897,0.0,0.48275862068965514,-0.9329446064139942,-0.0970149253731336,-0.6915113871635611,-1.0,0.0,0.0,1.0
1.1931956947239077,-0.07561510128311306,-0.11040878358976053,-0.015233416406652269,0.0,0.15517241379310345,-1.784256559766764,0.24626865671641798,-1.4016563146997927,0.0,0.0,0.0,0.0
0.4538661583584973,0.014862476821805866,0.3012623972311742,-0.37032305874306015,0.0,-0.6551724137931034,0.9829237817576008,0.4552238805970152,0.8612836438923392,0.0,1.0,0.0,0.0
-0.4092433568074256,-0.22245735120917232,0.04057986431817932,-0.04684357360999478,0.0,1.5,-0.9679300291545189,-3.5671641791044775,-0.36542443064182195,0.0,0.0,1.0,0.0
-0.15950316709254342,-0.2086684961306686,0.10016105247489546,0.05991179038436319,0.0,-0.8793103448275863,1.434402332361516,-0.03731343283582077,0.8892339544513456,-1.0,1.0,0.0,0.0
-0.34042515881380275,-0.011416955402952615,-0.09723486759827721,0.2341325726952794,0.0,-0.793103448275862,-0.45147855060391495,-0.20895522388059723,-0.8240165631469977,0.0,0.0,0.0,0.0
0.3114598297025438,1.2305039174333083,-1.3850270766596804,-1.64127823149261,-1.0,0.48275862068965514,-0.23323615160349856,0.15671641791044774,0.0010351966873705413,-1.0,0.0,0.0,1.0
-0.5312640717405397,-0.20382134305666985,0.6135046238634382,0.056193717968709055,0.0,-0.6379310344827587,1.134527280299875,3.8059701492537323,0.8540372670807451,-1.0,0.0,0.0,1.0
-0.20277224247909462,-0.23151691935505228,0.17633826801995495,-0.3410179050282877,0.0,0.603448275862069,0.5514369012911287,-0.40298507462686506,0.49999999999999983,-1.0,0.0,0.0,0.0
0.5802196197640289,-0.198972053161183,-1.7907139714020024,-0.7313007009095778,-1.0,0.3275862068965517,-0.5497709287796751,2.3134328358208958,-0.28571428571428575,0.0,0.0,0.0,0.0
-0.055699676639519614,-0.19774185753461265,-0.09450096035385457,-0.05092317706842542,0.0,-0.06896551724137931,-0.39983340274885465,-0.15671641791044708,-0.3737060041407869,0.0,0.0,1.0,0.0
0.10101016429909092,2.055442024452335,-0.9039399974734549,-0.7215902609292989,-1.0,-0.10344827586206898,0.4498125780924612,0.5149253731343287,0.5434782608695651,-1.0,0.0,1.0,0.0
0.5707776208619935,-0.08187931552646413,0.18910600702167485,0.18636327312232825,0.0,-1.5517241379310345,0.6997084548104956,3.55223880597015,0.04968944099378893,0.0,0.0,0.0,1.0
-0.25630504515247293,0.020630046714074216,0.16009126875053123,-0.07551381970713843,0.0,0.5517241379310345,-0.5497709287796751,0.0746268656716422,-0.3374741200828156,0.0,1.0,0.0,0.0
-0.17013502782701848,0.377632100647869,0.6287369547149679,0.17933793403356496,0.0,-1.3793103448275863,0.014993752603082144,-2.4104477611940296,-0.5952380952380951,0.0,0.0,1.0,0.0
-0.33832511381063735,0.041620161902925154,-0.4254086553244247,0.3050742151680092,0.0,0.4310344827586207,-0.618075801749271,-1.4701492537313432,-0.4037267080745341,-1.0,0.0,1.0,0.0
-0.3224181184469491,0.08583888781050884,0.09286874043995376,0.7773107401751393,0.0,0.9310344827586208,0.03331945022907122,0.08208955223880622,0.1780538302277431,0.0,0.0,1.0,0.0
-0.37461229603474744,0.02390379511715516,0.30045452001238454,0.055094633181567286,0.0,-0.22413793103448273,0.299875052061641,2.3805970149253737,0.18944099378881996,-1.0,0.0,0.0,0.0
-0.20737812614537512,-0.03437701597883453,0.3325361237530028,0.3815776689169687,0.0,1.0862068965517242,0.5181174510620574,2.0373134328358216,0.7960662525879916,0.0,0.0,0.0,0.0
0.2881097585128588,0.2921078042035662,0.06269107526218755,0.124925694796859,0.0,0.0,-0.24989587671803415,-0.3208955223880595,-0.3022774327122154,-1.0,0.0,0.0,1.0
-0.5468143635438869,-0.06277107784549302,-0.0524616576962124,-0.045320082660873125,0.0,-0.15517241379310345,1.7509371095376927,-0.21641791044776057,1.3623188405797098,0.0,0.0,0.0,1.0
0.08719177504386544,-0.058068116574324674,-0.0984934377735602,-0.0525121914108096,0.0,0.896551724137931,0.18492294877134519,0.3283582089552242,0.5041407867494822,0.0,0.0,0.0,0.0
-0.21188031180290004,-0.22115865033494436,-0.0003352393395974026,0.5537284902234403,0.0,-0.051724137931034475,0.7163681799250312,-0.261194029850746,0.5600414078674946,0.0,0.0,1.0,0.0
1.9690897690954712,3.254829513288934,-0.7862223366610878,-1.6455820085294965,-1.0,-0.9310344827586208,-0.28488129945855883,-2.201492537313433,-0.5559006211180124,0.0,1.0,0.0,0.0
-0.1012421346741719,-0.2059844448057908,0.5943729426040507,0.18260972842400128,0.0,-0.9310344827586208,-0.06663890045814244,-0.05223880597014881,-0.21739130434782603,0.0,0.0,1.0,0.0
-0.07585677743044017,-0.2123374265509168,-0.07195241278642703,0.18300682700319554,0.0,-0.15517241379310343,-0.2832153269471054,0.20895522388059723,-0.2991718426501035,-1.0,0.0,1.0,0.0
0.5860357793811896,-0.12090829832103589,0.7816478634392511,0.17967403526993037,0.0,0.06896551724137931,0.3665139525197834,0.1865671641791045,0.334368530020704,0.0,0.0,0.0,1.0
0.3143693322721061,0.3278733136853637,-0.8161486801360263,-1.2750845069212942,-1.0,0.37931034482758624,0.5664306538942108,0.022388059701492727,0.49585921325051724,-1.0,1.0,0.0,0.0
0.8474396025673311,-0.21138106113681085,0.7254033906360566,0.1603453595573922,0.0,0.4137931034482759,0.4498125780924615,-0.022388059701492064,0.5124223602484471,-1.0,1.0,0.0,0.0
2.131315117724181,-0.10705222558416277,-0.28210910075456824,0.4280175355008395,0.0,-1.3275862068965518,0.4831320283215327,-2.0298507462686564,-0.03623188405797101,0.0,0.0,0.0,0.0
0.16627732983171867,1.502145981013886,-1.7179516937096064,-1.1432969030213713,-1.0,-0.4482758620689655,-1.2011661807580174,-2.3134328358208953,-1.227743271221532,0.0,0.0,0.0,1.0
-0.4939194318199795,-0.13174190793757126,0.610892287795628,0.16077118767974086,0.0,0.08620689655172414,-1.2844648063306954,0.029850746268656747,-1.1024844720496891,-1.0,0.0,0.0,1.0
0.5297868214496088,-0.11612845365005324,0.43042881652360204,-0.041446134563278406,0.0,0.0689655172413793,-0.234902124114952,-5.186567164179105,-0.6149068322981366,-1.0,1.0,0.0,0.0
-0.405459851945783,-0.19549513697555818,-0.01209228721332403,0.051370008634605814,0.0,0.10344827586206898,-1.051228654727197,-0.029850746268656747,-0.8219461697722565,-1.0,0.0,0.0,1.0
0.07256319987367103,0.12272137444235857,0.45704208888464254,0.4839612288357603,0.0,0.5689655172413793,0.2515618492294879,-0.44029850746268584,0.18219461697722558,0.0,0.0,0.0,1.0
-0.11069516006814556,-0.10934482705531635,-0.6065176571609274,-0.11725355093645197,0.0,0.5172413793103449,0.9496043315285299,-2.8582089552238807,0.593167701863354,0.0,0.0,1.0,0.0
1.8443008479589997,3.158728234038459,-0.976533509690267,-1.6631485585905903,-1.0,0.37931034482758624,0.21657642648896294,0.044776119402985454,0.2753623188405795,-1.0,1.0,0.0,0.0
-0.4873459945590314,-0.0733662655474756,0.20160899373739405,0.0863948424236911,0.0,-0.10344827586206898,1.0179092044981257,0.05970149253731415,0.7826086956521737,-1.0,0.0,0.0,0.0
1.1562159071343225,-0.1379156617997296,-0.25227965950075554,0.13591126039255128,0.0,0.06896551724137938,-0.2515618492294876,0.0,-0.2960662525879916,-1.0,0.0,0.0,0.0
0.017716308584813125,0.6410902761211136,0.17807482479281037,-0.12970069711054896,0.0,-0.603448275862069,1.1678467305289462,2.828358208955225,1.1035196687370596,0.0,0.0,1.0,0.0
1.7178285222214016,0.8994403842787512,-1.6459287392178859,-0.9987957106111824,-1.0,-0.4655172413793104,0.68304872969596,-1.8208955223880592,0.4917184265010351,-1.0,0.0,0.0,1.0
0.39051559963231663,-0.17438519987663362,0.7816478634392511,0.11687226834910293,0.0,-0.4482758620689655,-0.9679300291545189,-1.9776119402985068,-0.9451345755693581,0.0,0.0,0.0,0.0
0.18905295668322444,-0.2285607924249737,0.17898556238514507,0.04630271748549271,0.0,0.48275862068965514,-0.9329446064139942,-0.0970149253731336,-0.6915113871635611,-1.0,0.0,1.0,0.0
-0.4556697187504372,-0.1044041461907313,0.45214433462636144,-0.32715092697307113,0.0,0.8620689655172414,0.1832569762598917,0.22388059701492594,0.5082815734989646,0.0,0.0,0.0,1.0
1.1069126909967548,3.7171974883183054,-1.7391242069514048,-1.0399324771493526,-1.0,0.5517241379310345,0.018325697625989314,-0.38059701492537235,-0.09834368530020701,0.0,0.0,0.0,1.0
0.16288151116850128,0.10597089290470704,0.45392448713816264,0.37556501994906927,0.0,-0.810344827586207,1.199500208246564,-0.052238805970149474,0.6128364389233955,-1.0,0.0,0.0,0.0
0.08854679266111101,3.7478117907354753,-2.3436495159095916,-0.6460170095938349,-1.0,0.48275862068965514,-0.9329446064139942,-0.0970149253731336,-0.6915113871635611,-1.0,0.0,0.0,1.0
0.062036653581052086,0.04092025818484709,0.15956112041352022,0.025608942858087024,0.0,-0.9310344827586208,-0.28488129945855883,0.253731343283582,-0.5786749482401654,-1.0,0.0,0.0,0.0
1.4480646813190197,0.11236274555664257,-1.3029000883334467,-1.4494591848526606,-1.0,0.9310344827586208,-1.2328196584756352,0.11194029850746297,-0.6521739130434784,-1.0,0.0,1.0,0.0
0.6445135232696865,3.312087202717366,-1.0982288332559482,-1.46516383406307,-1.0,-0.22413793103448273,-0.18325697625989149,-0.6641791044776117,-0.6221532091097306,-1.0,1.0,0.0,0.0
-0.45342231845719644,0.00577835771265106,-0.38129001957714187,0.16129006152852687,0.0,-0.48275862068965525,1.3177842565597666,1.223880597014926,0.9440993788819873,0.0,0.0,0.0,1.0
-0.46844454670970587,0.08349901382722062,0.5048197559549954,0.2483611792639812,0.0,1.2758620689655173,-0.6513952519783422,-1.2014925373134326,-0.15631469979296056,0.0,0.0,0.0,1.0
-0.5578878361227074,-0.18874050497846886,-0.037534708320543675,0.37829996963603396,0.0,-0.05172413793103449,-1.1178675551853394,0.49253731343283597,-0.8571428571428569,0.0,1.0,0.0,0.0
-0.014944353862558577,-0.1159598104053606,0.16007872265374973,0.21493116827195394,0.0,-0.3965517241379311,-0.8329862557267805,1.2835820895522394,-0.7919254658385094,0.0,1.0,0.0,0.0
0.966440099028847,0.5395948846701472,-1.4942035131935048,-2.099646889450698,-1.0,-0.15517241379310343,-0.2832153269471054,0.20895522388059723,-0.2991718426501035,-1.0,0.0,0.0,0.0
-0.2213233731486544,-0.13051086664281739,0.714116002189684,0.04532653854131342,0.0,-1.0344827586206897,0.41482715535193654,-1.3656716417910446,0.28985507246376807,0.0,0.0,0.0,1.0
-0.43408534483640343,0.18700946933363935,0.4781343439216171,0.1904840175362921,0.0,-0.06896551724137931,-0.39983340274885465,-0.15671641791044708,-0.3737060041407869,0.0,0.0,1.0,0.0
0.09096921524378106,-0.19995712043076325,-0.007078914718317319,0.14631406746097378,0.0,0.0689655172413793,-0.01665972511453561,-3.0373134328358207,-0.2763975155279501,-1.0,0.0,0.0,1.0
0.3174994213621849,0.03780720123579526,-0.02473002846542036,-0.3077190026011007,0.0,-0.051724137931034475,0.7163681799250312,-0.261194029850746,0.5600414078674946,0.0,0.0,0.0,1.0
-0.5556470618455251,-0.02246835305692349,0.41335160813511596,0.5710779310637022,0.0,0.017241379310344845,0.21657642648896294,-0.04477611940298479,0.26086956521739113,-1.0,1.0,0.0,0.0
-0.31752491393302174,0.1912157905051063,0.2052362345482222,0.03467982585343389,0.0,-0.05172413793103449,-1.1178675551853394,0.49253731343283597,-0.8571428571428569,0.0,0.0,0.0,1.0
-0.033950964451865524,-0.0009812016423800575,0.21792933006627274,-0.17298309835988326,0.0,0.3965517241379311,-0.5514369012911287,0.17910447761194048,-0.256728778467909,-1.0,0.0,1.0,0.0
0.9898857476444081,2.866370782688244,-1.1662530939719602,-1.5176344674820468,-1.0,0.4655172413793104,-0.4664723032069971,0.21641791044776124,-0.27950310559006203,-1.0,0.0,1.0,0.0
2.1860117932392886,3.2424261673761,-1.6432574069710897,-1.233546652172376,-1.0,-0.3275862068965517,0.26655560183256977,-0.649253731343283,-0.005175983436853148,0.0,0.0,0.0,1.0
1.1545473982352281,1.2209980321877334,-2.3436495159095916,-1.4983470616466006,-1.0,-0.5862068965517242,0.41649312786339027,0.23134328358208994,0.22981366459627325,-1.0,1.0,0.0,0.0
0.6620646187569432,2.206089595273568,-1.7286286055642583,-1.1177229293727304,-1.0,-1.2758620689655173,0.618075801749271,1.2313432835820899,0.11697722567287765,0.0,0.0,0.0,1.0
1.1160672900689104,0.04649168589565545,-0.41162733038757204,-1.2421528472751964,-1.0,1.0862068965517242,0.28488129945855883,1.7014925373134335,0.5134575569358176,0.0,0.0,0.0,1.0
-0.5592438128656678,-0.1155942618969215,-0.1687567004895963,0.0883908991901956,0.0,0.03448275862068967,-1.434402332361516,-0.20149253731343253,-1.175983436853002,0.0,1.0,0.0,0.0
0.5311104463436791,-0.06478141629281534,0.7816478634392511,0.08375734484526118,0.0,0.4655172413793104,-1.9341940857975843,0.10447761194029895,-1.460662525879917,-1.0,0.0,0.0,0.0
0.5576132074309122,-0.22035451765981795,-0.5403936359345788,-0.769433272437752,0.0,-0.06896551724137931,-0.39983340274885465,-0.15671641791044708,-0.3737060041407869,0.0,0.0,0.0,1.0
3.5287767632264995,1.6988518937652874,-0.9348204217840494,-1.88848059618972,-1.0,-0.44827586206896547,-0.599750104123282,3.059701492537314,-0.2784679089026915,-1.0,0.0,0.0,1.0
2.525486176434832,2.2560364559834127,-1.649049231614087,-1.1301897947351984,-1.0,0.793103448275862,0.4181591003748437,0.23880597014925464,0.7846790890269147,0.0,0.0,0.0,1.0
1.5089505847371802,2.812416309893194,-1.36244321295247,-0.9132555728799848,-1.0,0.17241379310344823,1.2511453561016244,-0.38059701492537235,1.0289855072463767,-1.0,0.0,0.0,0.0
-0.45569783072740605,-0.11784206311863028,0.1990429735063275,0.11952326655322286,0.0,-0.7068965517241379,0.24989587671803415,0.14925373134328374,0.018633540372670628,0.0,0.0,0.0,1.0
-0.2902116925381363,0.5074188913995227,-0.021097052393158032,0.9536084705406619,0.0,-0.396551724137931,0.5014577259475218,2.582089552238807,0.559006211180124,0.0,0.0,0.0,0.0
-0.2831613593219174,0.054286669439390346,0.7816478634392511,0.4144535716762563,0.0,0.48275862068965514,-0.46813827571845057,-0.022388059701492727,-0.3064182194616979,-1.0,0.0,0.0,0.0
0.012110237236882215,1.2515481864917692,-1.4953354459654644,-1.0044785636961022,-1.0,-0.0689655172413793,-0.01665972511453561,3.0671641791044784,0.2370600414078672,-1.0,0.0,1.0,0.0
-0.40038657760713947,0.0991500551103533,0.35066859408988965,-0.2225051286369306,0.0,-0.48275862068965514,0.899625156184923,0.126865671641791,0.6521739130434782,-1.0,0.0,0.0,1.0
-0.4140131934162959,-0.22865849491252616,0.13487818066363363,0.054296713547589776,0.0,0.017241379310344807,0.9845897542690545,-0.18656716417910382,0.7494824016563146,-1.0,1.0,0.0,0.0
0.24910608546661195,-0.10103134138094569,-0.016532674004776225,-0.32924681183077603,0.0,-0.8620689655172414,1.0845481049562682,1.1940298507462692,0.6490683229813662,0.0,1.0,0.0,0.0
0.6578080791741295,2.282590940709346,-0.8273773380711072,-1.5231265033743553,-1.0,-0.08620689655172414,2.1341107871720117,-0.04477611940298479,1.7163561076604552,-1.0,0.0,1.0,0.0
-0.47590074599861576,-0.09293964057849188,-0.03412372555181641,0.04151526828979997,0.0,0.4482758620689655,0.9496043315285299,0.19402985074626852,0.8498964803312626,0.0,0.0,0.0,0.0
0.006187301956385297,0.39475554730049384,0.055530749999517834,0.1120107605023374,0.0,-1.3275862068965518,0.23323615160349856,-0.3955223880597011,-0.28778467908902694,0.0,0.0,1.0,0.0
0.009709799967872502,-0.14653354049410458,-0.09780200448656594,0.3065798359224019,0.0,-0.8620689655172414,1.0845481049562682,1.1940298507462692,0.6490683229813662,0.0,0.0,1.0,0.0
-0.22968951925063727,0.6600156728739784,0.22717067677589584,0.10358606669836912,0.0,-0.5344827586206897,1.1828404831320283,-2.0373134328358202,0.7908902691511386,0.0,0.0,0.0,1.0
0.5611567948654212,4.649823649291342,-1.4107886643163086,-0.9308893173352396,-1.0,1.0862068965517242,0.534777176176593,0.06716417910447818,0.7650103519668736,0.0,0.0,0.0,1.0
0.197529211164871,3.3879361230185783,-1.8453065133004232,-1.1645308930883014,-1.0,0.5344827586206897,-1.2161599333610995,2.067164179104478,-0.8302277432712215,0.0,1.0,0.0,0.0
-0.4717314234481828,-0.22772700844710989,0.28026000909356463,-0.2441037484212931,0.0,0.15517241379310348,0.04997917534360683,-0.507462686567164,0.015527950310558855,0.0,0.0,0.0,1.0
1.3599573202286355,5.614310774253093,-1.9323060261365967,-1.1466278638006187,-1.0,0.5517241379310345,-0.5497709287796751,0.0746268656716422,-0.3374741200828156,0.0,0.0,0.0,0.0
-0.3804226076258732,0.131956152037537,0.06811775888297171,-0.045030567879393864,0.0,0.6551724137931034,-0.9346105789254476,-3.8358208955223883,-0.6128364389233955,-1.0,0.0,0.0,0.0
-0.3796856893359048,-0.23224969046471544,-0.16469033073177802,-0.42030629419465,0.0,0.06896551724137931,0.3665139525197834,0.1865671641791045,0.334368530020704,0.0,0.0,0.0,0.0
-0.5596439476882424,0.08886440996750769,0.1669068309356248,-0.08137251498265555,0.0,0.4310344827586207,-0.618075801749271,-1.4701492537313432,-0.4037267080745341,-1.0,0.0,1.0,0.0
0.7971582885662397,-0.029281846592794876,0.024770574675419214,0.5793224071384182,0.0,-0.9310344827586208,1.199500208246564,-0.08208955223880555,0.6128364389233955,-1.0,0.0,0.0,1.0
1.056068610809306,0.5462118653245563,-1.6114256254642907,-0.84634061379637,-1.0,0.0,0.2182423990004164,0.1940298507462692,0.28778467908902694,-1.0,0.0,0.0,0.0
-0.5557480935070265,-0.22691274126096608,0.2560526163806033,0.459208860330972,0.0,0.9310344827586208,0.03331945022907122,0.08208955223880622,0.1780538302277431,0.0,0.0,0.0,0.0
-0.37130051235534456,-0.16033504509300475,0.2682123168788464,-0.23460013068709418,0.0,1.5,-0.9679300291545189,-3.5671641791044775,-0.36542443064182195,0.0,0.0,1.0,0.0
-0.539187346361112,0.07957492990815528,0.5572447492012603,-0.028900892823152318,0.0,-0.5344827586206897,0.9329446064139942,-0.40298507462686506,0.5393374741200826,0.0,0.0,0.0,0.0
-0.4786595915133702,0.43260017440657167,0.24427640815161888,0.021268176988837977,0.0,0.5344827586206897,-1.2161599333610995,2.067164179104478,-0.8302277432712215,0.0,1.0,0.0,0.0
-0.40410176750902993,0.3450134024311023,-2.3436495159095916,-2.13357079368696,-1.0,-0.4482758620689655,-1.2011661807580174,-2.3134328358208953,-1.227743271221532,0.0,1.0,0.0,0.0
0.4247473964300571,0.20780553424360243,-2.0207292411337714,-0.9937476594159428,-1.0,-0.4137931034482759,-0.4831320283215327,0.052238805970149474,-0.55175983436853,-1.0,0.0,0.0,0.0
0.2971673479742289,2.502027885206844,-2.1043752894955907,-1.0770275333337027,-1.0,-0.8620689655172414,1.0845481049562682,1.1940298507462692,0.6490683229813662,0.0,1.0,0.0,0.0
2.170610359792922,4.806070009148729,-2.138806585190402,-1.3187525111837846,-1.0,1.0344827586206897,-0.21491045397750924,1.7313432835820903,-0.04658385093167701,0.0,0.0,1.0,0.0
-0.07492599682389604,0.08198626479661514,-0.07517468363254745,0.1280406467155885,0.0,0.9137931034482759,-0.982923781757601,2.0970149253731347,-0.5351966873706004,0.0,1.0,0.0,0.0
1.2624991622482984,-0.06881699958887419,0.576928279571879,0.34153008542384145,0.0,1.3275862068965518,-0.2832153269471054,2.395522388059702,0.27950310559006203,0.0,1.0,0.0,0.0
-0.4591151577229619,0.17291319749353143,-0.08821889289190127,-0.33682538611143215,0.0,0.03448275862068967,-1.434402332361516,-0.20149253731343253,-1.175983436853002,0.0,0.0,1.0,0.0
-0.05434677011993927,-0.18075162008218276,0.7816478634392511,0.4851736382599261,0.0,0.6206896551724137,0.9845897542690545,-0.13432835820895436,1.0248447204968942,0.0,0.0,0.0,0.0
-0.09272010888352529,0.15521384656348514,-0.39324112375604253,0.21918811737883415,0.0,-0.4655172413793104,0.4498125780924615,-2.1567164179104474,0.20910973084886111,-1.0,1.0,0.0,0.0
0.7387239512464217,0.14268719270290955,0.4264907903157772,0.15182051448251435,0.0,-0.051724137931034454,-0.15160349854227395,-3.2462686567164174,-0.1728778467908901,-1.0,0.0,0.0,1.0
-0.15812909530868774,0.07585613228457788,-0.13811570810443685,-0.12337255585853495,0.0,0.9137931034482759,-0.7330279050395668,0.4626865671641792,-0.2836438923395445,0.0,0.0,0.0,0.0
0.798194527342457,-0.16210330339629922,-0.0992249554335342,-0.002376313545188602,0.0,0.13793103448275862,-0.1832569762598917,-0.44776119402985054,-0.2650103519668737,0.0,0.0,1.0,0.0
0.1902156746940799,-0.0352441063957268,-0.003891996193434929,0.43407182821731977,0.0,-0.1724137931034483,0.6847147022074135,4.007462686567164,0.5942028985507246,-1.0,0.0,0.0,0.0
1.0008323801767811,3.8113500710809443,-1.1623823347160278,-1.5429895001157872,-1.0,-0.0689655172413793,-0.031653477717617756,4.880597014925374,0.29296066252587966,-1.0,0.0,0.0,1.0
3.347999652513061,3.374806034170554,-2.3436495159095916,-1.6646625021754498,-1.0,0.4655172413793104,-0.7013744273219491,0.03731343283582077,-0.5869565217391305,-1.0,0.0,0.0,1.0
-0.5139921852076179,-0.19719163621191496,0.5844773421017577,0.32883360928631217,0.0,0.5344827586206897,-0.9662640566430654,0.43283582089552247,-0.5786749482401655,0.0,0.0,1.0,0.0
-0.09919631269058933,-0.06936029834139198,0.4549501573982774,0.22071714827881123,0.0,0.051724137931034454,0.11828404831320274,3.2761194029850746,0.13354037267080718,-1.0,0.0,0.0,0.0
1.0143938057081783,0.30183369450462905,0.5516416560946323,-0.058892075063765245,0.0,-0.8793103448275863,1.434402332361516,-0.03731343283582077,0.8892339544513456,-1.0,0.0,0.0,0.0
-0.08775485540785975,-0.16155682189594342,-0.016566958593859475,0.18631906186233654,0.0,-0.4655172413793104,0.4331528529779259,-0.18656716417910382,0.24016563146997913,-1.0,0.0,0.0,0.0
0.08251387032232228,-0.010681388805894526,0.07820980241062721,-0.15610325565583577,0.0,0.396551724137931,-0.534777176176593,-2.5522388059701493,-0.5983436853002069,0.0,0.0,0.0,1.0
-0.0713964647134258,-0.21872662608953503,0.1517294397156229,0.0001235329732588436,0.0,1.3275862068965518,-0.26655560183256977,0.4253731343283585,0.24844720496894404,0.0,0.0,0.0,0.0
-0.08831712626396371,3.249427978060585,-0.6989311107038655,-1.633755046592333,-1.0,-0.4482758620689655,-0.982923781757601,-0.1641791044776111,-0.8892339544513456,0.0,1.0,0.0,0.0
-0.26644476140867573,-0.1828755008324203,0.26473443132788754,-0.151903263936278,0.0,0.0,-0.234902124114952,-2.1343283582089554,-0.3581780538302279,-1.0,1.0,0.0,0.0
0.37029299908585084,0.15246708678062806,-0.33109347518844645,0.3134124616164084,0.0,-1.3275862068965518,0.38317367763431903,1.1865671641791051,-0.15942028985507248,0.0,0.0,0.0,1.0
0.18349906979485722,-0.22437596798685983,0.43334202517042925,0.02602930092039303,0.0,-0.9310344827586208,-0.051645147855060296,-1.8656716417910446,-0.2732919254658385,0.0,0.0,1.0,0.0
-0.42922732932092894,-0.1932071111324027,0.21500865031728011,0.18856111311376433,0.0,-0.37931034482758624,-0.24989587671803415,-0.014925373134328042,-0.3146997929606624,-1.0,0.0,0.0,0.0
-0.26734252927574437,-0.21318451072260725,0.23935383866580412,0.20592842993669655,0.0,-0.5517241379310345,0.43481882548937933,3.1044776119402995,0.5238095238095236,-1.0,0.0,0.0,1.0
0.846165530962394,-0.22543781221695428,0.36789024770084244,0.11642371485838847,0.0,0.4482758620689655,-0.3165347771761766,0.22388059701492527,0.01966873706004117,-1.0,0.0,0.0,1.0
-0.5012467768109886,0.13948324112532745,0.27976008588529844,0.29385191998180343,0.0,0.22413793103448273,0.14993752603082025,0.6940298507462692,0.5828157349896477,-1.0,1.0,0.0,0.0
0.7156695316619834,-0.09082935060148407,0.7261403419411829,-0.1504917041517914,0.0,0.6206896551724137,0.9845897542690545,-0.13432835820895436,1.0248447204968942,0.0,0.0,0.0,0.0
-0.5429194150217911,-0.20991177076453127,-0.05764226344270682,0.32984255579301053,0.0,0.3448275862068966,0.14993752603082025,0.7238805970149252,0.5828157349896477,-1.0,0.0,0.0,1.0
-0.43524766437511964,-0.10590049145915743,0.6060151271593703,-0.34230649337747987,0.0,0.7931034482758622,0.68304872969596,0.007462686567164684,0.8074534161490682,-1.0,0.0,0.0,1.0
-0.43867212258939675,0.1281740291526882,-0.19855047445937551,0.11174340780803038,0.0,-1.206896551724138,0.38317367763431903,1.2164179104477613,-0.15942028985507248,0.0,0.0,1.0,0.0
0.8662818876139454,1.6927059196531558,-0.0537598439937038,-2.0803599416202037,-1.0,0.48275862068965514,-0.4831320283215327,1.791044776119403,-0.2505175983436854,-1.0,0.0,0.0,0.0
-0.45272800996618684,-0.08252902847743902,-0.22749344198658883,0.5239651743024236,0.0,0.15517241379310345,-1.784256559766764,0.24626865671641798,-1.4016563146997927,0.0,1.0,0.0,0.0
-0.3411322842725132,-0.10529292576373513,-0.014944765345935248,0.58606943558916,0.0,0.603448275862069,0.751353602665556,-0.07462686567164087,0.7443064182194615,0.0,0.0,0.0,0.0
1.083058991664588,2.168864811221868,-1.8633746073717636,-1.038953773754032,-1.0,-0.4482758620689655,-1.2011661807580174,-2.3134328358208953,-1.227743271221532,0.0,0.0,1.0,0.0
0.8021056144599197,-0.16632110791919472,-0.1659416429682488,0.1862975982709984,0.0,-1.0344827586206897,0.1649312786339024,0.2686567164179107,0.03830227743271209,0.0,0.0,0.0,0.0
4.350806976472563,2.0432811203251005,-2.2991866291930587,-1.3794842644291505,-1.0,0.4310344827586207,-0.5164514785506039,0.3208955223880602,-0.3043478260869565,0.0,0.0,0.0,1.0
-0.22907322581861242,-0.20407878368421617,-0.6311235871340943,-0.3590289662280526,0.0,0.8793103448275862,-0.11661807580174928,-1.3656716417910444,0.08074534161490693,0.0,1.0,0.0,0.0
-0.4552790406190385,-0.22184519327082322,0.3267054198419256,0.4908953653892721,0.0,-0.6551724137931034,0.9012911286963764,3.8656716417910455,0.5734989648033125,-1.0,0.0,1.0,0.0
-0.49288825046521956,-0.11800100031375764,-0.41446467992409536,0.2044754207954668,0.0,-0.3275862068965517,0.2832153269471054,-0.16417910447761178,-0.05900621118012409,-1.0,0.0,0.0,1.0
1.1914201274439093,3.129185162379993,-1.5981850330328136,-1.8562008586138645,-1.0,0.4482758620689655,0.9346105789254476,2.0074626865671643,0.9057971014492752,0.0,0.0,0.0,0.0
0.043995244423725696,-0.1995176938025578,0.5134650130168468,0.18717853913892055,0.0,0.0,-0.26655560183256977,1.649253731343284,-0.2712215320910974,-1.0,0.0,0.0,1.0
-0.5459601600419637,-0.19836029886308668,0.19577679512764298,0.3514500504365679,0.0,1.0000000000000002,0.01665972511453561,-0.2388059701492533,0.2629399585921324,-1.0,1.0,0.0,0.0
-0.013352920863051981,0.16140909520203797,0.25779778860782593,-0.21032758725153436,0.0,-1.0517241379310345,-0.28488129945855883,0.22388059701492594,-0.5786749482401654,-1.0,0.0,1.0,0.0
0.199681280215625,-0.18665439120281474,0.4382225702604716,-0.4793402938020582,0.0,-1.3793103448275863,0.2482299042065807,-2.0746268656716413,-0.3126293995859211,0.0,0.0,0.0,1.0
1.1455535492104874,6.322402636360596,-1.2267533388662883,-1.72595339077183,-1.0,0.051724137931034454,0.11828404831320274,3.2761194029850746,0.13354037267080718,-1.0,0.0,0.0,1.0
0.41863641020273956,1.0215974438928133,-1.1929957839267196,-0.6948853744390653,-1.0,-0.37931034482758624,-0.5847563515201999,-1.8059701492537312,-0.5910973084886126,-1.0,0.0,0.0,1.0
0.40988778425893063,2.7338505785578433,-1.4684164075054982,-1.5342407298582252,-1.0,0.05172413793103449,1.0845481049562682,-0.46268656716417855,0.817805383022774,0.0,0.0,0.0,0.0
1.5255818411196815,-0.07907306273379656,-0.1640781394609107,0.010367975146829154,0.0,0.6206896551724137,0.9845897542690545,-0.13432835820895436,1.0248447204968942,0.0,0.0,0.0,1.0
0.13358629815584036,0.19586836092190205,-0.19269048545126924,-0.2814139669998159,0.0,0.5344827586206897,-1.5510204081632653,0.27611940298507476,-1.1066252587991716,0.0,0.0,1.0,0.0
-0.10533032410596604,-0.20988112380821378,0.32139471911475853,-0.3881893822657044,0.0,1.2586206896551724,-0.26655560183256977,0.2611940298507467,0.21739130434782575,0.0,0.0,0.0,0.0
0.22159558364006343,0.2886370408671191,0.13832967817316005,0.047744057506457105,0.0,-0.7586206896551725,-0.8513119533527697,0.626865671641791,-0.8188405797101448,-1.0,0.0,1.0,0.0
0.1573518875483374,-0.15867850225128544,0.23250265496168773,0.15353118836884852,0.0,0.7931034482758622,0.68304872969596,0.007462686567164684,0.8074534161490682,-1.0,0.0,1.0,0.0
-0.4964664745527524,0.2743243478377064,-0.09192745067258105,0.16815260869188975,0.0,1.5,-0.9679300291545189,-3.5671641791044775,-0.36542443064182195,0.0,0.0,0.0,1.0
0.8471833759903041,-0.05486346704405141,0.23645839332054633,0.09077713439934486,0.0,-0.051724137931034454,-0.15160349854227395,-3.2462686567164174,-0.1728778467908901,-1.0,0.0,1.0,0.0
0.49348084369364525,0.06602176731640415,0.23298767264172163,0.22431278762657358,0.0,0.7931034482758622,0.68304872969596,0.007462686567164684,0.8074534161490682,-1.0,0.0,1.0,0.0
5.875283780303742,1.3808089673825155,-2.283435852720412,-1.670670142978188,-1.0,-0.6379310344827587,1.134527280299875,3.8059701492537323,0.8540372670807451,-1.0,0.0,0.0,1.0
0.09410618754947392,0.46212930083442555,-0.19010320485130885,0.06269368727857265,0.0,1.0862068965517242,0.5181174510620574,2.0373134328358216,0.7960662525879916,0.0,0.0,0.0,1.0
0.16275192195149057,-0.1545738864681426,-0.4578602077026758,0.04064503229941213,0.0,0.24137931034482765,-0.8179925031236984,0.373134328358209,-0.536231884057971,-1.0,1.0,0.0,0.0
0.04204081444303288,-0.1474274708939726,0.7039558064050085,0.3372936491451223,0.0,-1.2586206896551724,-0.0016659725114534663,-0.41044776119402976,-0.564182194616977,0.0,1.0,0.0,0.0
0.010194437993780767,-0.13361604693432816,0.7816478634392511,-0.6489732471172556,0.0,0.37931034482758624,0.21657642648896294,0.044776119402985454,0.2753623188405795,-1.0,0.0,1.0,0.0
-0.09509506827412059,0.001996422713444504,0.21468075382584048,0.40514120518246177,0.0,-0.017241379310344824,1.6343190337359432,0.17164179104477645,1.4171842650103517,0.0,1.0,0.0,0.0
0.6455548458714843,0.9147576961573012,-2.115780455096673,-1.106920572395605,-1.0,-0.0689655172413793,0.2015826738858808,5.216417910447762,0.5755693581780537,-1.0,0.0,0.0,1.0
0.013536000529233731,-0.21033797534586238,0.032282720768080045,0.21952172075708143,0.0,1.0862068965517242,0.5181174510620574,2.0373134328358216,0.7960662525879916,0.0,0.0,0.0,1.0
-0.15148049395903396,0.9008651766265152,-2.3436495159095916,-1.3143533091451718,-1.0,0.6551724137931034,-0.9346105789254476,-3.8358208955223883,-0.6128364389233955,-1.0,0.0,0.0,1.0
0.2772276491768564,2.384155732325276,-1.6479483802943793,-1.3788268002210093,-1.0,0.08620689655172414,-1.2844648063306954,0.029850746268656747,-1.1024844720496891,-1.0,1.0,0.0,0.0
1.6176290890933636,1.891913576306815,-1.3087060962302022,-0.6758004237319649,-1.0,0.5344827586206897,-0.9662640566430654,0.43283582089552247,-0.5786749482401655,0.0,0.0,1.0,0.0
-0.496914208615124,-0.2020765086301252,0.22078614315399095,0.04015158240058389,0.0,1.3275862068965518,-0.5164514785506039,2.0597014925373136,-0.003105590062111918,0.0,0.0,0.0,1.0
-0.4760938989413194,-0.11580957318767006,0.44812828213492056,-0.23278486031817952,0.0,0.0,-0.234902124114952,-2.1343283582089554,-0.3581780538302279,-1.0,0.0,0.0,1.0
-0.24965509337059452,0.028006342918021968,0.09151259870211743,0.18384703484483483,0.0,-0.3275862068965517,0.26655560183256977,-0.649253731343283,-0.005175983436853148,0.0,0.0,0.0,1.0
0.3482325173912049,2.4041634948081683,-1.911141754966727,-1.549302531444145,-1.0,-0.37931034482758624,-0.24989587671803415,-0.014925373134328042,-0.3146997929606624,-1.0,1.0,0.0,0.0
0.0435764362519524,-0.048542465731268095,-0.05478043203555538,-0.09508166272320798,0.0,-0.48275862068965514,0.43481882548937933,0.05223880597015013,0.26708074534161497,-1.0,0.0,0.0,1.0
-0.24825705899487793,-0.17467534195529466,0.3010559869032288,0.5193090579665713,0.0,0.05172413793103449,1.0845481049562682,-0.46268656716417855,0.817805383022774,0.0,0.0,1.0,0.0
1.1391873365842113,3.6400176613617172,-1.4180321227524877,-1.8164954755441531,-1.0,-0.5517241379310345,0.5164514785506039,-0.04477611940298479,0.29813664596273265,0.0,1.0,0.0,0.0
-0.3500326473482952,0.04744406891194234,0.27443113484113546,0.18266076925448688,0.0,0.08620689655172414,-2.1674302374010828,0.0746268656716422,-1.7556935817805381,-1.0,1.0,0.0,0.0
1.3875446385522374,0.5478384930377946,-1.228870564575492,-0.6810671535721489,-1.0,-0.13793103448275862,0.1499375260308205,0.47761194029850795,0.2256728778467908,0.0,1.0,0.0,0.0
0.18070874216206687,-0.005874082101519439,0.5106352671176886,-0.0017809543263534815,0.0,0.017241379310344807,0.9845897542690545,-0.18656716417910382,0.7494824016563146,-1.0,0.0,0.0,1.0
-0.3452612745654514,0.07637515903880582,0.2366974641880886,-0.17906901136848982,0.0,-1.2758620689655173,0.618075801749271,1.2313432835820899,0.11697722567287765,0.0,1.0,0.0,0.0
-0.3504449352022587,-0.06716297336460346,0.20467035649888482,0.18107432120966294,0.0,0.793103448275862,0.4181591003748437,0.23880597014925464,0.7846790890269147,0.0,0.0,0.0,1.0
-0.4385894886113009,-0.21758917831462551,-0.07441376758498104,-0.10890035717957988,0.0,0.4655172413793104,-1.9341940857975843,0.10447761194029895,-1.460662525879917,-1.0,0.0,0.0,1.0
0.058438535679683254,0.3920945975493806,0.18330257022023044,0.39936483698178266,0.0,0.9827586206896552,-0.9679300291545189,-2.768656716417911,-0.8478260869565216,0.0,0.0,0.0,1.0
-0.26156227410619715,-0.10866548827272976,0.3846860400675689,-0.09157376713217177,0.0,-0.8793103448275862,0.08329862557267806,1.3955223880597016,-0.12008281573498986,0.0,0.0,0.0,0.0
-0.3313337550426683,-0.22999763088964437,0.2836448955014602,0.22046979844815134,0.0,0.8793103448275863,-1.4677217825905873,0.06716417910447818,-0.9285714285714285,-1.0,0.0,1.0,0.0
-0.010614797511701234,1.4539292906866212,-0.9097969542176113,-1.3455808146733765,-1.0,-0.3275862068965517,0.26655560183256977,-0.649253731343283,-0.005175983436853148,0.0,0.0,0.0,1.0
1.263737938854226,-0.20014448763456186,0.09768063868488637,0.3501457894604422,0.0,0.5344827586206897,-0.9662640566430654,0.43283582089552247,-0.5786749482401655,0.0,0.0,0.0,0.0
-0.5566003741523435,0.33482115327851963,0.1702283219659855,-0.16382602824451944,0.0,0.5,-1.00124947938359,-3.3134328358208953,-0.6480331262939958,0.0,0.0,1.0,0.0
-0.19010761618827565,-0.1298809065648006,0.25868276507000365,0.2629996454944576,0.0,0.37931034482758624,0.5514369012911287,1.8358208955223885,0.5517598343685297,-1.0,0.0,1.0,0.0
-0.32487810331590156,0.6189338197348944,-2.3436495159095916,-0.8806839752001294,-1.0,0.1724137931034483,-0.7013744273219491,-5.947761194029852,-0.6645962732919255,-1.0,1.0,0.0,0.0
0.9176079047230505,1.7657983724323445,-1.569120068401422,-0.7898610323476563,-1.0,0.017241379310344845,0.21657642648896294,-0.04477611940298479,0.26086956521739113,-1.0,0.0,0.0,1.0
0.7894420261806125,-0.006982967619522821,-0.0512334219488301,0.16177773592301004,0.0,0.5862068965517241,-1.399416909620991,-0.5970149253731336,-1.2546583850931676,-1.0,0.0,0.0,0.0
-0.4211021361594406,-0.20022590481003666,0.2551905223941161,0.06633792991650077,0.0,0.06896551724137931,0.3665139525197834,0.1865671641791045,0.334368530020704,0.0,0.0,1.0,0.0
0.2756123349063659,-0.15161315800109598,0.4529726140115911,0.048593032156894644,0.0,0.051724137931034454,0.716368179925031,0.3208955223880602,0.8229813664596272,-1.0,0.0,0.0,1.0
-0.16165587148436905,1.863158323760774,-2.3436495159095916,-1.1832495311168822,-1.0,-0.27586206896551724,0.6513952519783422,0.977611940298508,0.39958592132505144,0.0,1.0,0.0,0.0
1.4386298672886144,5.871132522192233,-0.8946519369842666,-1.3726601850657034,-1.0,-0.603448275862069,-0.7846730528946272,0.10447761194029828,-0.7836438923395445,0.0,0.0,0.0,1.0
-0.3884556290248584,-0.1286663230449582,0.27130142557372533,0.4927232739809641,0.0,0.9310344827586208,0.03331945022907122,0.08208955223880622,0.1780538302277431,0.0,1.0,0.0,0.0
0.2830865392772308,-0.005596290303929089,-0.332186015738615,0.37858942068372464,0.0,0.5517241379310345,-0.5497709287796751,0.0746268656716422,-0.3374741200828156,0.0,0.0,0.0,1.0
0.15326786914379553,0.0013504902116777716,0.09960962193272387,-0.1325499922051139,0.0,-0.7758620689655172,-0.2182423990004164,-0.2686567164179107,-0.5434782608695651,0.0,1.0,0.0,0.0
0.10011362132841115,-0.15619963132586567,-0.3936628586653943,-0.3028490199136981,0.0,-0.37931034482758624,-0.24989587671803415,-0.014925373134328042,-0.3146997929606624,-1.0,0.0,0.0,0.0
-0.2936042758556226,-0.197058380082261,0.2779356387085035,0.16445329641379416,0.0,-0.9137931034482759,0.9496043315285299,-2.067164179104477,0.4958592132505175,0.0,1.0,0.0,0.0
-0.4522215525154354,-0.005072574722571181,0.6313271764905497,0.01423625818941114,0.0,-0.9827586206896552,0.5497709287796749,1.8955223880597016,0.4430641821946167,0.0,1.0,0.0,0.0
-0.39910845628849545,0.2665080714624062,0.2674796010583249,0.22702865422108695,0.0,0.5172413793103449,0.9496043315285299,-2.8582089552238807,0.593167701863354,0.0,0.0,1.0,0.0
-0.1915008127002782,3.741377998899997,-1.7494575921282547,-1.3369635961645112,-1.0,-0.5344827586206897,1.1828404831320283,-2.0373134328358202,0.7908902691511386,0.0,1.0,0.0,0.0
-0.23982842397492546,-0.2289123887785517,0.5827370449349342,0.19013135545067952,0.0,0.3965517241379311,0.7996668054977093,-1.253731343283582,0.7525879917184265,0.0,0.0,0.0,0.0
1.1006146240240502,0.8345800150057487,-2.1217958538168036,-1.4666521543274769,-1.0,0.5517241379310345,1.4843815077051228,-0.3507462686567156,1.3240165631469978,-1.0,0.0,1.0,0.0
-0.5275847364364252,0.3214902606262978,0.40966849140820605,-0.06732909627413702,0.0,0.15517241379310343,0.24989587671803415,-0.17910447761193982,0.25983436853002057,-1.0,0.0,1.0,0.0
-0.364207721635846,0.09634141449389991,0.24220145164363308,0.04368282033947671,0.0,1.0000000000000002,0.01665972511453561,-0.2388059701492533,0.2629399585921324,-1.0,1.0,0.0,0.0
1.292905105530977,1.4936967138439927,-1.0354307799491125,-1.6175479619629867,-1.0,-1.3275862068965518,0.46813827571845057,-0.21641791044776057,0.019668737060041463,0.0,1.0,0.0,0.0
1.2771332711021655,-0.2167928009007978,0.5646823993831911,0.6326280000794002,0.0,0.1724137931034483,-0.4831320283215327,-3.7985074626865667,-0.3260869565217391,-1.0,0.0,0.0,1.0
-0.2595050972305802,0.05731499541830977,0.1361085902786159,0.44870935101282483,0.0,-0.9137931034482759,0.9496043315285299,-2.067164179104477,0.4958592132505175,0.0,0.0,1.0,0.0
0.03274476686190609,-0.05830898789641726,-0.013553120410998765,0.22545732924533526,0.0,-1.2758620689655173,0.618075801749271,1.2313432835820899,0.11697722567287765,0.0,1.0,0.0,0.0
2.456747152310957,1.3610491750092049,-1.6769808543536635,-1.0774350203614413,-1.0,-1.206896551724138,0.8663057059558515,4.2611940298507465,0.6521739130434782,0.0,0.0,0.0,1.0
-0.5622946771647804,-0.19794225143100308,0.06862374256286193,0.3411245850117089,0.0,-0.3275862068965517,0.2832153269471054,-2.6194029850746268,-0.036231884057971155,0.0,0.0,0.0,0.0
-0.2690066225075481,-0.1182504551345505,0.20993892735879677,0.06736653673718675,0.0,0.15517241379310348,0.04997917534360683,-0.507462686567164,0.015527950310558855,0.0,0.0,0.0,0.0
0.8897838664158821,1.033060142843165,-2.2819274017810556,-0.8735326094484868,-1.0,1.0862068965517242,0.5181174510620574,2.0373134328358216,0.7960662525879916,0.0,0.0,0.0,0.0
-0.5226070046200519,-0.09448082254574758,-0.04527712455018259,0.36147729903921016,0.0,0.9310344827586208,-1.2328196584756352,0.11194029850746297,-0.6521739130434784,-1.0,0.0,1.0,0.0
-0.5546842199730408,-0.19873999957671443,0.0741342198625488,0.36952330485286056,0.0,-0.1724137931034483,0.43481882548937933,5.64179104477612,0.3426501035196686,-1.0,1.0,0.0,0.0
0.42371390759924704,3.9038563207166486,0.26419659088399544,-1.5242545455572825,-1.0,0.32758620689655177,0.41649312786339027,-1.4253731343283578,0.39855072463768104,-1.0,1.0,0.0,0.0
-0.4593739797867632,-0.20165936455261357,-0.3145767995128181,0.24857556621294935,0.0,-1.3275862068965516,0.23323615160349856,2.82089552238806,0.0,0.0,0.0,1.0,0.0
-0.4540635439629155,-0.046647912496277984,0.11779457911742235,-0.4141319544657169,0.0,-1.0862068965517242,-0.31820074968763007,-1.671641791044776,-0.5527950310559006,0.0,0.0,1.0,0.0
-0.21028690028207225,-0.19296794076915266,0.19820687559171773,-0.3594088041301768,0.0,0.4137931034482759,0.4498125780924615,-0.022388059701492064,0.5124223602484471,-1.0,0.0,0.0,1.0
3.3241223229800454,3.5261743943846735,-2.1377017508290534,-1.339369018036907,-1.0,0.10344827586206898,-0.4831320283215327,-0.7462686567164173,-0.06935817805383039,-1.0,0.0,0.0,1.0
2.55367570055195,5.886863683193498,-1.043787551015611,-1.2205960153235815,-1.0,0.6206896551724137,0.9845897542690545,-0.13432835820895436,1.0248447204968942,0.0,0.0,0.0,1.0
1.0747937896731696,2.920392040904184,-1.8236932855571997,-1.8599009173743497,-1.0,-0.15517241379310343,-0.2832153269471054,0.20895522388059723,-0.2991718426501035,-1.0,1.0,0.0,0.0
0.18838024289464425,-0.02875684133505851,0.26132527011412615,0.31029452665850843,0.0,-0.06896551724137931,-0.39983340274885465,-0.15671641791044708,-0.3737060041407869,0.0,0.0,0.0,1.0
-0.18710487066077036,-0.2313329672458772,0.6864875022240906,-0.1430971675672869,0.0,0.12068965517241381,1.4677217825905873,-0.29104477611940277,1.1718426501035195,-1.0,0.0,0.0,0.0
1.0250178789391378,0.38306794626333185,-1.015435951837775,-0.9958034919594492,-1.0,-0.017241379310344845,-0.24989587671803415,0.0746268656716422,-0.30020703933747406,-1.0,0.0,0.0,0.0
-0.25499814183126274,0.47583929970645855,-0.041346046832683066,0.14181512499686466,0.0,0.2931034482758621,-0.5830903790087464,0.4179104477611938,-0.2598343685300209,-1.0,0.0,0.0,1.0
-0.40159389771524057,0.09564529358943123,-0.03686234812198751,-0.020196066244417495,0.0,1.2586206896551724,-0.04831320283215337,2.410447761194031,0.5559006211180122,0.0,0.0,1.0,0.0
0.2172327613409583,2.0411973279298077,-0.8925015906452322,-1.4120664248614936,-1.0,-0.051724137931034454,-0.4014993752603081,-1.6119402985074622,-0.42443064182194606,-1.0,0.0,1.0,0.0
-0.4906979297551544,0.06437184315432676,0.05991403478693896,-0.07419048559628691,0.0,0.5172413793103449,0.9496043315285299,-2.8582089552238807,0.593167701863354,0.0,0.0,1.0,0.0
-0.31435550855209793,0.4822908846105524,0.4912632320106508,0.4464045391669352,0.0,0.396551724137931,1.2178259058725531,-0.15671641791044708,1.0445134575569357,-1.0,1.0,0.0,0.0
-0.29255513664369265,-0.13498022335520482,0.1821047870827274,0.3269245848172922,0.0,0.0,-0.0016659725114534663,-1.7985074626865671,-0.07556935817805394,-1.0,1.0,0.0,0.0
0.7179337537024768,2.0685808656318634,-2.1142567922692654,-1.7057428956725877,-1.0,-0.3448275862068966,-0.18325697625989149,-0.6940298507462679,-0.6221532091097306,-1.0,1.0,0.0,0.0
0.011774945930327484,-0.1800380860179722,0.2605397659579172,0.4117865861235197,0.0,0.17241379310344823,1.2511453561016244,-0.38059701492537235,1.0289855072463767,-1.0,0.0,1.0,0.0
-0.4562972630701796,-0.18749266022349173,0.7280881616215353,0.04557954189319874,0.0,0.896551724137931,0.18492294877134519,0.3283582089552242,0.5041407867494822,0.0,0.0,0.0,1.0
1.7149336104731907,1.0615410648734807,-1.4285007483659071,-1.3018778969807423,-1.0,-0.051724137931034454,-0.2515618492294876,-0.029850746268656084,-0.2960662525879916,-1.0,1.0,0.0,0.0
0.1945460929486193,1.0143252138634462,-1.9549477288296118,-1.361446701514267,-1.0,-1.1551724137931034,-0.33319450229071224,3.194029850746269,-0.2401656314699794,0.0,0.0,1.0,0.0
0.6541211676746691,2.4333392132776117,-1.2320069971216105,-1.4639086287009504,-1.0,-0.051724137931034475,0.7163681799250312,-0.261194029850746,0.5600414078674946,0.0,0.0,1.0,0.0
-0.49491063548373,-0.1434128425733513,0.26746545922820125,-0.16497208683463063,0.0,-0.4310344827586207,0.5847563515201999,1.5000000000000007,0.36438923395445116,-1.0,0.0,0.0,1.0
-0.521085632786235,0.1683795331467808,0.10896588828014829,-0.25923819519119723,0.0,-0.48275862068965514,0.43481882548937933,0.05223880597015013,0.26708074534161497,-1.0,0.0,0.0,1.0
-0.39791706443838487,-0.14801796461869077,0.23332324283782824,0.18487022849471568,0.0,-0.5862068965517241,1.3660974593919197,0.626865671641791,1.2153209109730847,-1.0,0.0,1.0,0.0
1.0968787429925915,-0.014192349605001353,-1.0886051923415274,-1.1757272451040153,-1.0,-1.0862068965517242,-0.5514369012911287,-2.0074626865671643,-0.8354037267080745,0.0,1.0,0.0,0.0
-0.36747264145289793,0.04585209268277789,0.21250987392276185,-0.1884419007351524,0.0,-0.3275862068965517,0.26655560183256977,-0.649253731343283,-0.005175983436853148,0.0,1.0,0.0,0.0
0.027338560015168205,-0.050824711105156926,-0.09449134924366412,0.18709216603076764,0.0,0.08620689655172414,-2.1674302374010828,0.0746268656716422,-1.7556935817805381,-1.0,0.0,1.0,0.0
0.758635656163984,-0.008097198053339805,-0.44231258863219874,0.09108303139339904,0.0,-1.103448275862069,0.39983340274885465,3.761194029850747,0.08902691511387155,0.0,0.0,1.0,0.0
-0.37750706460674066,0.03460722639383987,0.271076619998921,0.15138189412752562,0.0,-0.3275862068965517,0.5014577259475218,-0.4701492537313426,0.3022774327122153,0.0,0.0,0.0,1.0
-0.2880194520933584,-0.2029650802886325,0.6842360355552215,0.2912609967700475,0.0,1.0344827586206897,-0.19825072886297362,-0.2388059701492533,-0.07763975155279501,0.0,0.0,0.0,1.0
-0.23385705694807962,-0.17729554534791764,-0.1593782274160365,0.057047204486189274,0.0,0.3448275862068966,0.14993752603082025,0.7238805970149252,0.5828157349896477,-1.0,0.0,1.0,0.0
-0.5530723666768672,0.18983228082304493,-0.17753849637367602,-0.05627570764503803,0.0,-1.0,0.8163265306122449,-0.2537313432835813,0.25879917184265006,0.0,1.0,0.0,0.0
0.20787209769305554,-0.10159833962606073,0.5821095652939363,-0.05537125936205701,0.0,-0.017241379310344824,1.6343190337359432,0.17164179104477645,1.4171842650103517,0.0,0.0,1.0,0.0
0.21357015181656697,-0.07987116328120636,-0.21892715446787445,0.3000095239595363,0.0,-0.10344827586206898,0.4498125780924612,0.5149253731343287,0.5434782608695651,-1.0,0.0,1.0,0.0
-0.2637100404034272,-0.03888319140055522,0.2191237314312069,0.12436584930809133,0.0,1.103448275862069,-0.4331528529779259,-3.731343283582089,-0.1283643892339545,0.0,0.0,0.0,1.0
-0.5446712746126755,-0.16484487713704768,0.5124656709666896,-0.09273478462109648,0.0,-0.396551724137931,0.5014577259475218,2.582089552238807,0.559006211180124,0.0,0.0,0.0,0.0
0.20116299321742287,0.39158958255030984,-1.8081288293727173,-0.6199690800561647,-1.0,-0.051724137931034454,-0.7496876301541022,-0.29104477611940277,-0.8623188405797101,-1.0,0.0,0.0,1.0
0.2370121397000299,-0.06942017993696091,-0.10288462491501857,0.3514667481638417,0.0,-0.5344827586206897,1.517700957934194,-0.24626865671641732,1.0672877846790887,0.0,0.0,1.0,0.0
1.4156274696978957,1.115061286235114,-1.2842744520307172,-1.2958076599911845,-1.0,-1.2586206896551724,-0.0016659725114534663,-0.41044776119402976,-0.564182194616977,0.0,0.0,1.0,0.0
-0.5101361999603568,-0.05985465217235917,-0.10751127704208976,0.5761683484528051,0.0,0.0,0.21657642648896294,0.35074626865671693,0.2629399585921325,-1.0,0.0,0.0,0.0
0.5772480587295701,-0.14654526589186367,-0.2102646434469386,0.4092049745762519,0.0,0.3275862068965517,-0.534777176176593,0.5,-0.3416149068322982,0.0,1.0,0.0,0.0
-0.40149788929518193,-0.07361587955207216,-0.02638059139391776,-0.06350367121065002,0.0,0.2931034482758621,-0.5830903790087464,0.4179104477611938,-0.2598343685300209,-1.0,1.0,0.0,0.0
-0.03633800654245688,-0.18419072674106618,0.26712371022968545,-0.20712145342598023,0.0,0.5689655172413793,0.2515618492294879,-0.44029850746268584,0.18219461697722558,0.0,0.0,0.0,1.0
-0.5411483922007698,-0.15390505051756262,0.5444187865959849,-0.09449046797455173,0.0,-0.396551724137931,-1.2511453561016244,0.1865671641791045,-1.0838509316770186,-1.0,0.0,1.0,0.0
0.14020074065519478,-0.20520328716178587,0.13645453441843505,-0.3580814304431011,0.0,0.7586206896551725,0.8179925031236984,-0.5970149253731336,0.7795031055900619,-1.0,0.0,0.0,0.0
0.13662507740794286,-0.2000277108539063,-0.21822303347688074,0.4662083659171421,0.0,0.37931034482758624,0.8013327780091628,0.2014925373134332,0.8033126293995857,-1.0,1.0,0.0,0.0
2.7203520389658116,1.4581700501232313,-1.5464205587055067,-1.2847975593458052,-1.0,-1.0344827586206897,0.1649312786339024,0.2686567164179107,0.03830227743271209,0.0,1.0,0.0,0.0
-0.3292247125003645,2.261483280264891,-0.8005372969464791,-1.121859584861298,-1.0,0.5344827586206897,-1.2011661807580174,0.253731343283582,-0.886128364389234,0.0,1.0,0.0,0.0
2.583431290348939,2.1107544630047723,-0.27702643665518967,-1.3950533770154359,-1.0,0.051724137931034454,0.13327780091628488,1.4626865671641793,0.07763975155279472,-1.0,0.0,0.0,0.0
0.04344952463059433,-0.16420451118092752,0.33987243070373857,0.6599335308690344,0.0,-1.3793103448275863,0.23323615160349856,-0.26119402985074536,-0.25672877846790865,0.0,0.0,0.0,0.0
1.8102040822565792,-0.12480935760891554,-1.6540190084335307,-1.337250892603554,-1.0,-1.3275862068965518,0.38317367763431903,1.1865671641791051,-0.15942028985507248,0.0,0.0,0.0,1.0
0.1771714144861591,0.4827189600080191,0.4306019572116569,0.25298850655561816,0.0,-0.06896551724137931,0.4831320283215327,-0.20149253731343253,0.279503105590062,0.0,0.0,1.0,0.0
0.2239693109215906,0.35412486088084894,0.47724831339427376,0.1884995543993737,0.0,1.2586206896551724,-0.28154935443565193,2.0746268656716427,0.2732919254658382,0.0,1.0,0.0,0.0
2.394985011485013,1.2859053519790036,-1.8015030865599628,-1.7020566171902545,-1.0,-0.4655172413793104,0.6680549770928779,-0.007462686567163358,0.5476190476190476,-1.0,0.0,0.0,1.0
1.042763491663983,0.07557569395978836,-0.008356018509143697,-0.027934302555107118,0.0,-1.1551724137931034,-0.33319450229071224,3.194029850746269,-0.2401656314699794,0.0,0.0,0.0,1.0
-0.07061094229978067,0.042990740325681696,0.7127856507536997,-0.013828112231008253,0.0,0.12068965517241376,0.13327780091628488,-1.5895522388059702,-0.17908902691511394,-1.0,0.0,0.0,1.0
4.007567015830887,5.66873445243686,-1.5517841259079588,-1.684078347303934,-1.0,-0.7241379310344828,-0.9512703040399832,0.007462686567164021,-1.123188405797101,-1.0,0.0,0.0,1.0
-0.1112696024555867,-0.04026627109660604,0.414389179707529,-0.26868559410526593,0.0,0.4655172413793104,-1.9341940857975843,0.10447761194029895,-1.460662525879917,-1.0,0.0,1.0,0.0
-0.4316654463120994,-0.20868227880468113,0.028796173157438928,0.16018436148424076,0.0,0.6551724137931034,-1.016243231986672,-0.4253731343283578,-0.9006211180124222,0.0,0.0,0.0,1.0
-0.10426321241251378,0.4980555726676985,0.07873066563507786,0.21725103201834187,0.0,0.8793103448275862,-0.8496459808413162,0.25373134328358266,-0.298136645962733,0.0,1.0,0.0,0.0
-0.5369364901911874,-0.10956733927362958,0.23905436593220086,-0.06761390648495301,0.0,0.5344827586206897,-1.5510204081632653,0.27611940298507476,-1.1066252587991716,0.0,1.0,0.0,0.0
0.1879227810344345,-0.1618901130346766,-0.18594797052513348,-0.11094371504661073,0.0,0.9482758620689655,-1.0845481049562682,0.23880597014925398,-0.5745341614906831,0.0,0.0,0.0,0.0
2.43700472329123,1.9046989514206385,-0.5237596582041386,-0.7060940919159263,-1.0,1.0344827586206897,-0.4481466055810078,1.395522388059702,-0.329192546583851,0.0,0.0,0.0,0.0
-0.3932677382691234,-0.17748923086745214,0.2707119443410838,-0.09528443209503352,0.0,0.5517241379310345,0.09995835068721366,-3.791044776119403,0.18944099378881965,-1.0,0.0,0.0,1.0
-0.5270310591797904,-0.10403350548414707,0.5774036152330156,0.22698520248836998,0.0,-0.20689655172413796,0.6497292794668889,0.2611940298507467,0.5248447204968942,-1.0,0.0,0.0,0.0
-0.20453235700260428,2.23954053044179,-0.8827545791371115,-1.4659160981618053,-1.0,-0.4655172413793104,0.6680549770928779,-0.007462686567163358,0.5476190476190476,-1.0,0.0,1.0,0.0
-0.401978181493135,-0.02824552674700501,0.16013009281092966,0.25999531067717163,0.0,0.4310344827586207,-0.618075801749271,-1.4701492537313432,-0.4037267080745341,-1.0,1.0,0.0,0.0
1.1967520870402852,3.2530736747324887,-0.939591922838987,-1.49565701853728,-1.0,0.10344827586206898,-1.051228654727197,-0.029850746268656747,-0.8219461697722565,-1.0,1.0,0.0,0.0
-0.08317517905100213,-0.16379381975980603,-0.0058724528883564294,0.05497621754075294,0.0,-0.603448275862069,-0.5847563515201999,0.43283582089552247,-0.5393374741200828,-1.0,0.0,0.0,0.0
-0.5176043291047717,-0.1599521281493168,0.045664909910366855,0.26577111699851863,0.0,-1.3275862068965518,0.23323615160349856,-0.3955223880597011,-0.28778467908902694,0.0,0.0,0.0,0.0
-0.21038393981411854,-0.11387254729451851,0.29490230753180635,0.013610201443621546,0.0,-1.3275862068965518,0.46813827571845057,-0.21641791044776057,0.019668737060041463,0.0,0.0,0.0,1.0
2.087683938601967,1.6958867060019978,-1.6349068832514961,-1.0839486688280766,-1.0,-0.2931034482758621,0.05164514785506053,-0.649253731343283,-0.34575569358178054,-1.0,0.0,0.0,0.0
0.7968340004173438,-0.014324603147899562,-0.008100765352323654,0.2985965102895447,0.0,0.8448275862068967,0.917950853810912,0.052238805970149474,1.0838509316770182,-1.0,0.0,0.0,1.0
1.1696212141932418,-0.05672150356035084,-0.9592573574606212,-1.3032805527133549,-1.0,0.3965517241379311,0.7996668054977093,-1.253731343283582,0.7525879917184265,0.0,1.0,0.0,0.0
0.26487802024594376,-0.10078288263262604,-0.032452849836377966,0.11329548405385748,0.0,1.1551724137931034,0.299875052061641,-3.1641791044776117,0.20082815734989648,0.0,1.0,0.0,0.0
-0.22458480818363163,-0.2182033827837463,0.12732894125522629,0.15408897953398482,0.0,0.9137931034482759,0.4181591003748437,0.2686567164179107,0.7846790890269147,0.0,0.0,1.0,0.0
1.7321014067603826,1.9568827063368646,-0.8420530347889901,-0.47293984145313245,-1.0,-0.4310344827586207,0.5847563515201999,1.5000000000000007,0.36438923395445116,-1.0,1.0,0.0,0.0
-0.01708091998536202,-0.15901508069998183,-0.1653554040398499,0.269737661116581,0.0,-0.6379310344827587,1.134527280299875,3.8059701492537323,0.8540372670807451,-1.0,1.0,0.0,0.0
-0.48055710261920137,-0.2311473771277959,-0.4085722806713417,-0.35707637055732183,0.0,0.9310344827586208,-1.2328196584756352,0.11194029850746297,-0.6521739130434784,-1.0,0.0,0.0,0.0
1.947817327716417,2.034702863466539,-1.7780763247208053,-1.2655125594320427,-1.0,0.3275862068965517,-0.534777176176593,0.5,-0.3416149068322982,0.0,0.0,0.0,1.0
-0.3383883101976961,-0.21995164694762676,0.46953258206574966,0.1288744414186807,0.0,-0.4655172413793104,0.4498125780924615,-2.1567164179104474,0.20910973084886111,-1.0,0.0,0.0,0.0
-0.36854515405357224,-0.21680164525706952,0.24376015003121018,0.5086660957875839,0.0,-0.24137931034482765,0.7846730528946272,-0.34328358208955156,0.4968944099378881,-1.0,0.0,1.0,0.0
1.4869029861237086,0.4191830367716302,-0.3972230052612053,0.32475826768243016,0.0,0.5862068965517241,-1.399416909620991,-0.5970149253731336,-1.2546583850931676,-1.0,1.0,0.0,0.0
2.5076165384854794,0.02054640086722015,-1.201034719702041,-0.9073135949879827,-1.0,0.12068965517241376,0.13327780091628488,-1.5895522388059702,-0.17908902691511394,-1.0,0.0,1.0,0.0
-0.5219650457078069,0.5826029127332794,0.6494008503235487,0.07018190203577658,0.0,1.0344827586206897,-0.4481466055810078,1.395522388059702,-0.329192546583851,0.0,0.0,0.0,0.0
0.4602071053815453,-0.08113783150891826,0.37654553067777624,0.048250675523165185,0.0,-0.5517241379310345,-1.517700957934194,0.380597014925373,-1.3633540372670807,-1.0,1.0,0.0,0.0
1.2130844721897485,-0.23274627095051537,0.4374363192597456,0.29001629791669964,0.0,-0.37931034482758624,-0.5847563515201999,-1.8059701492537312,-0.5910973084886126,-1.0,0.0,1.0,0.0
-0.29096272482277125,-0.06281240401802024,0.021174198334236328,0.18182438810995993,0.0,-0.793103448275862,-0.45147855060391495,-0.20895522388059723,-0.8240165631469977,0.0,1.0,0.0,0.0
-0.3219742677566289,-0.1167625905905298,0.35142478877121286,-0.20497625806147404,0.0,0.0689655172413793,-0.234902124114952,-5.186567164179105,-0.6149068322981366,-1.0,0.0,0.0,1.0
-0.4009600097350463,0.0804056689745983,0.43584689900976453,0.2767046594547029,0.0,0.1724137931034483,-0.46813827571845057,-5.611940298507462,-0.3819875776397515,-1.0,0.0,0.0,0.0
0.31633899086412853,-0.004382730310264653,0.3577744062618273,-0.09909159425109772,0.0,0.3275862068965517,-0.534777176176593,0.5,-0.3416149068322982,0.0,0.0,0.0,0.0
0.0797187749625279,-0.09864117721098078,0.6402721529585544,0.2852857290740604,0.0,-0.7241379310344828,-0.9512703040399832,0.007462686567164021,-1.123188405797101,-1.0,0.0,1.0,0.0
0.03405116214977435,0.022442753857767304,-0.2538482562026086,0.04594282470689348,0.0,-0.5517241379310345,-1.517700957934194,0.380597014925373,-1.3633540372670807,-1.0,0.0,0.0,0.0
-0.5212412679280765,-0.12324475265028956,-0.37051496850953247,-0.11593331541501622,0.0,-0.051724137931034454,-0.7496876301541022,-0.29104477611940277,-0.8623188405797101,-1.0,1.0,0.0,0.0
-0.13171536866550934,-0.04227870482397453,0.1262207772789932,-0.1004805388229932,0.0,1.5,-0.9679300291545189,-3.5671641791044775,-0.36542443064182195,0.0,0.0,0.0,0.0
0.7727826702680817,0.6301661672609119,-1.9293015439486307,-1.140087585289766,-1.0,-0.22413793103448273,-0.18325697625989149,-0.6641791044776117,-0.6221532091097306,-1.0,0.0,0.0,0.0
-0.14752435017543045,-0.18506687088305881,-0.26107711157821983,-0.1538939520871441,0.0,-0.603448275862069,-0.7846730528946272,0.10447761194029828,-0.7836438923395445,0.0,0.0,0.0,0.0
-0.4239524496323838,-0.16975289632174898,-0.10379049236450513,0.37204476129219305,0.0,-0.08620689655172414,2.1341107871720117,-0.04477611940298479,1.7163561076604552,-1.0,0.0,0.0,0.0
-0.3800040709641779,-0.028820223950335223,0.2352377052941499,0.3029557822833635,0.0,0.5517241379310345,-0.46813827571845057,-3.0746268656716422,-0.5631469979296065,-1.0,0.0,0.0,0.0
-0.2566851660661171,-0.003183984660635973,0.609535370409543,0.4104801742820709,0.0,-0.3448275862068965,-0.7180341524364847,0.03731343283582077,-0.8281573498964802,-1.0,0.0,0.0,0.0
1.085416473600827,2.591184776025294,-0.7753106524718071,-1.0761756092881087,-1.0,0.15517241379310343,0.24989587671803415,-0.17910447761193982,0.25983436853002057,-1.0,1.0,0.0,0.0
2.3014811521964478,0.10005786675534492,0.2964099095619815,-0.16945245185428603,0.0,0.0689655172413793,-0.0016659725114534663,-4.850746268656716,-0.3322981366459626,-1.0,0.0,0.0,0.0
1.5020846545598143,-0.11176266037567058,0.28712427731816603,0.04372217480074732,0.0,-0.5344827586206896,0.6680549770928779,3.0447761194029863,0.8043478260869562,-1.0,0.0,0.0,0.0
1.1555800468203787,1.871258789624554,-2.0418991594623215,-1.4543409061726114,-1.0,1.2586206896551724,-0.16659725114535612,-3.9253731343283578,0.15113871635610757,0.0,0.0,1.0,0.0
-0.34445853529060033,-0.11020787385122875,0.7816478634392511,-0.5635784069769889,0.0,0.2931034482758621,-0.5830903790087464,0.4179104477611938,-0.2598343685300209,-1.0,1.0,0.0,0.0
0.3617457393749102,-0.08869313521671635,0.7159512279722414,-0.23025100596415277,0.0,-0.3448275862068965,-0.7180341524364847,0.03731343283582077,-0.8281573498964802,-1.0,0.0,1.0,0.0
0.060997400017142656,-0.11188442345252896,-0.2197245914183356,-0.05259614747252952,0.0,-1.0344827586206897,0.41482715535193654,-1.3656716417910446,0.28985507246376807,0.0,1.0,0.0,0.0
-0.5185179278051398,-0.1786874422700784,0.23709034414702967,-0.42538742537155777,0.0,0.0,0.2182423990004164,0.1940298507462692,0.28778467908902694,-1.0,1.0,0.0,0.0
-0.4971546923588788,-0.19321920745507873,0.044173733020904306,0.38145583588421395,0.0,-0.5344827586206897,0.9496043315285299,-2.3731343283582085,0.5082815734989645,0.0,0.0,0.0,0.0
-0.08098658081831252,-0.009282593506185103,-0.04658524341023606,0.32888495780404303,0.0,-0.3275862068965517,0.5014577259475218,-0.4701492537313426,0.3022774327122153,0.0,0.0,0.0,1.0
0.9302741123622665,0.865479186719805,-0.920437934776765,-1.2784745186532849,-1.0,0.24137931034482765,-0.8179925031236984,0.373134328358209,-0.536231884057971,-1.0,0.0,0.0,0.0
1.9669419300763902,2.6721428613370266,-0.644357715364803,-1.3020252776550099,-1.0,0.37931034482758624,0.21657642648896294,0.044776119402985454,0.2753623188405795,-1.0,0.0,0.0,0.0
0.9586864114911261,3.6321887643054604,-0.5828202951649277,-0.6154137992797402,-1.0,0.896551724137931,0.18492294877134519,0.3283582089552242,0.5041407867494822,0.0,1.0,0.0,0.0
-0.4654074320195916,-0.04048633726351146,0.7472114316991261,0.2369458510357344,0.0,-0.3275862068965517,0.26655560183256977,-0.649253731343283,-0.005175983436853148,0.0,0.0,1.0,0.0
-0.48557899950725847,0.2631410106205519,-0.11831474171940974,-0.02705066051024433,0.0,0.9310344827586208,0.2682215743440232,0.2611940298507467,0.48550724637681153,0.0,0.0,0.0,0.0
-0.3182659102756525,-0.2248056306613261,0.021653305983926015,0.0790259140815857,0.0,-0.051724137931034454,-0.4014993752603081,-1.6119402985074622,-0.42443064182194606,-1.0,0.0,0.0,1.0
1.0894745006857252,-0.11165805243405517,0.18114485572516303,0.5642491496637639,0.0,0.3448275862068965,0.6847147022074135,-0.007462686567163358,0.7888198757763972,-1.0,0.0,0.0,0.0
-0.25259068028373055,-0.007215191503070895,0.44113455731866225,0.17402598239296582,0.0,-0.4655172413793104,-0.7180341524364847,0.007462686567164684,-0.8281573498964802,-1.0,1.0,0.0,0.0
-0.03662487808926379,0.1308476257402338,0.166391950432557,0.09314311945032666,0.0,-0.9310344827586208,-0.28488129945855883,0.253731343283582,-0.5786749482401654,-1.0,0.0,1.0,0.0
0.06909694615558734,-0.16197920714099906,0.3743459398076533,0.12615112901521205,0.0,1.2758620689655173,-0.6513952519783422,-1.2014925373134326,-0.15631469979296056,0.0,0.0,1.0,0.0
-0.29843117033055405,-0.13680475817051113,-0.2655759769221517,0.10778261691041274,0.0,1.0,-0.8496459808413162,0.28358208955223874,-0.298136645962733,0.0,1.0,0.0,0.0
-0.3847451190031097,0.021625004963735022,0.41413995062263614,0.5359359220936325,0.0,-0.5517241379310345,-1.517700957934194,0.380597014925373,-1.3633540372670807,-1.0,0.0,1.0,0.0
-0.3108059221135178,-0.06090734279872556,-0.3324751557680915,0.041244891483656516,0.0,-0.9137931034482759,0.9346105789254476,-0.2537313432835813,0.55175983436853,0.0,0.0,1.0,0.0
-0.4579358321914853,-0.170996390312381,0.37756530729014937,0.16301617221799386,0.0,0.3448275862068966,0.14993752603082025,0.7238805970149252,0.5828157349896477,-1.0,0.0,1.0,0.0
0.42943360103073597,1.4332278277672685,-1.3088479036282725,-0.9045736261982822,-1.0,-0.7068965517241379,1.6343190337359432,3.589552238805971,1.1532091097308486,0.0,0.0,0.0,0.0
-0.3284081403163269,-0.10902869385229233,-0.0283185240497627,0.08853498932854117,0.0,0.5,-1.00124947938359,-3.3134328358208953,-0.6480331262939958,0.0,0.0,0.0,1.0
-0.4464887188980121,-0.1641875267099102,0.19998751372292264,0.2960302794421729,0.0,-0.603448275862069,-0.5847563515201999,0.43283582089552247,-0.5393374741200828,-1.0,0.0,0.0,1.0
-0.09054701858316357,-0.1728044218473945,-0.09870512302179463,0.02801359395144409,0.0,-0.6551724137931034,0.9829237817576008,0.4552238805970152,0.8612836438923392,0.0,0.0,1.0,0.0
-0.0607402214609644,0.1414550808683435,0.6533378219716919,0.43615794362473875,0.0,0.017241379310344845,0.21657642648896294,-0.04477611940298479,0.26086956521739113,-1.0,0.0,0.0,0.0
0.3846439070667084,1.7089899557129087,-1.1677444089358204,-1.799901878324012,-1.0,1.5517241379310345,-0.7330279050395668,-3.522388059701493,-0.08902691511387185,0.0,0.0,0.0,1.0
2.047463221793065,3.3512490024960426,-1.190245698333394,-1.4271170482759354,-1.0,1.2586206896551724,-0.26655560183256977,0.2611940298507467,0.21739130434782575,0.0,0.0,1.0,0.0
2.88813799364518,2.968835261942775,-0.2567293775116351,-1.0093848739870748,-1.0,0.051724137931034454,0.2182423990004164,0.059701492537313494,0.25672877846790865,-1.0,1.0,0.0,0.0
0.15328824606881516,-0.13853297215154586,-0.02305158909886664,0.14461447299021274,0.0,-1.103448275862069,0.3998334027488544,3.5000000000000004,0.6024844720496891,0.0,0.0,0.0,1.0
-0.3500249624645408,-0.1989736834276233,-0.26566255886087964,0.46694091622174266,0.0,-0.2931034482758621,0.5497709287796751,-0.3880597014925364,0.22049689440993794,-1.0,0.0,1.0,0.0
-0.4176459185691689,-0.14703173878224884,0.676298356371049,0.305812043323372,0.0,-0.5344827586206897,1.1828404831320283,-2.0373134328358202,0.7908902691511386,0.0,0.0,0.0,1.0
0.0766499551074271,-0.23228883622553698,0.11450810483699904,0.6739808832941615,0.0,0.3275862068965517,-0.534777176176593,0.5,-0.3416149068322982,0.0,1.0,0.0,0.0
0.6628079103192918,-0.2049836746647744,0.5973529231545992,0.21290795369411009,0.0,-0.5517241379310345,-0.05164514785506053,0.41044776119402976,0.05900621118012409,0.0,0.0,1.0,0.0
-0.38048219978506265,-0.2031486317564251,0.5602980048369022,0.0037727768417359325,0.0,0.7241379310344828,0.917950853810912,0.02238805970149339,1.0838509316770182,-1.0,0.0,0.0,0.0
-0.32279153433105956,0.01177234080486888,0.5541006816126572,0.0012671278405832593,0.0,1.103448275862069,-0.4331528529779259,-3.731343283582089,-0.1283643892339545,0.0,0.0,1.0,0.0
-0.03158168145720177,-0.21300187405886076,0.339021171950794,-0.15058436771068753,0.0,0.06896551724137931,0.3665139525197834,0.1865671641791045,0.334368530020704,0.0,1.0,0.0,0.0
-0.3810401884444327,-0.09777441898156247,0.5987379026790018,0.37019762786619503,0.0,-0.5689655172413793,-0.28488129945855906,0.47014925373134325,-0.2215320910973085,0.0,0.0,1.0,0.0
1.665017912426416,-0.15049749630254333,0.4643226061174943,-0.051209092542315066,0.0,0.37931034482758624,0.7846730528946272,2.171641791044777,0.8343685300207037,-1.0,0.0,1.0,0.0
0.625685012754174,0.01111462427130059,-0.6454002316256008,0.43142622604193936,0.0,0.0689655172413793,-0.01665972511453561,-3.0373134328358207,-0.2763975155279501,-1.0,1.0,0.0,0.0
0.21017106369378694,0.05679151522089451,-0.38526538671092203,0.020371799563104195,0.0,-0.37931034482758624,-0.5847563515201999,-1.8059701492537312,-0.5910973084886126,-1.0,0.0,1.0,0.0
1.8493239742894594,2.612189042906853,-2.3436495159095916,-1.3885187029411497,-1.0,-0.5172413793103449,-0.982923781757601,2.8880597014925384,-0.6325051759834369,0.0,0.0,0.0,0.0
-0.52152482879636,-0.15640443824043698,0.6960140908401599,0.4336670009956416,0.0,1.0344827586206897,-0.4481466055810078,1.395522388059702,-0.329192546583851,0.0,0.0,0.0,0.0
0.019515864711630252,-0.049546342580301266,-0.3129528471541999,-0.23614163893674428,0.0,0.7931034482758622,0.68304872969596,0.007462686567164684,0.8074534161490682,-1.0,1.0,0.0,0.0
-0.36562513906241495,0.44123224420400614,0.041040928971506754,-0.11841308636682482,0.0,0.051724137931034454,0.13327780091628488,1.4626865671641793,0.07763975155279472,-1.0,1.0,0.0,0.0
0.5909902033768799,3.02119859881375,-1.7153901469245907,-1.1036953825882747,-1.0,-0.7586206896551725,-0.8513119533527697,0.626865671641791,-0.8188405797101448,-1.0,0.0,1.0,0.0
-0.26444204015307343,0.10893106358667622,-0.1652094996553456,-0.4528356604815437,0.0,-0.3275862068965517,0.2832153269471054,-2.6194029850746268,-0.036231884057971155,0.0,0.0,1.0,0.0
2.0501969653979137,0.75166794119095,-0.49760066891377874,-1.649486313382545,-1.0,0.0689655172413793,-0.2515618492294876,-3.216417910447761,-0.5838509316770185,-1.0,1.0,0.0,0.0
-0.43884736230630556,-0.1652881441392381,0.06432921729924766,0.07549194476141295,0.0,-0.9310344827586208,-0.28488129945855883,0.253731343283582,-0.5786749482401654,-1.0,1.0,0.0,0.0
0.29067086467057435,0.03730503995646644,0.4789365305091743,-0.08436889795927495,0.0,0.6379310344827586,-0.6663890045814245,-0.2910447761194021,-0.412008281573499,-1.0,0.0,0.0,0.0
0.44479458764430335,-0.12835472728889322,0.10472041112502996,-0.14408829372859203,0.0,0.7586206896551725,0.8179925031236984,-0.5970149253731336,0.7795031055900619,-1.0,0.0,0.0,0.0
0.0394733095327246,-0.19426476245101476,0.4864215053209871,-0.06383826231528297,0.0,-0.06896551724137938,0.2182423990004164,0.02985074626865741,0.25672877846790865,-1.0,1.0,0.0,0.0
0.030583122703552266,0.20929231654138375,0.02524338004795579,-0.09049918086343298,0.0,0.9137931034482759,-0.9679300291545189,0.28358208955223874,-0.591097308488613,0.0,0.0,0.0,0.0
0.5125899424278425,4.7760062805271835,-1.5486392966116431,-1.9922105226816886,-1.0,-1.0344827586206897,0.1649312786339024,0.2686567164179107,0.03830227743271209,0.0,0.0,0.0,0.0
-0.49806760055912114,-0.1112248337771429,0.6629361567919292,0.1481345288064474,0.0,-0.3275862068965517,0.26655560183256977,-0.649253731343283,-0.005175983436853148,0.0,0.0,1.0,0.0
-0.26525903085824626,0.36964137494209515,-0.08764612247776771,-0.10717047415275356,0.0,0.4482758620689655,0.9346105789254476,2.0074626865671643,0.9057971014492752,0.0,0.0,0.0,1.0
-0.10625249439727649,0.13017553221660713,0.013135843905073814,0.48349107924043033,0.0,-0.15517241379310343,-0.2832153269471054,0.20895522388059723,-0.2991718426501035,-1.0,0.0,1.0,0.0
-0.12576606829749581,-0.17577020898050044,-0.4675483244402654,0.12862852816256604,0.0,-1.0862068965517242,-0.31820074968763007,-1.671641791044776,-0.5527950310559006,0.0,0.0,1.0,0.0
-0.3680653537191044,-0.14287120144144505,-0.48215010911811185,0.39215581053278986,0.0,0.4482758620689655,1.184506455643482,0.373134328358209,1.157349896480331,0.0,1.0,0.0,0.0
0.2385433487435507,-0.14329672078850592,0.35061620767305296,0.3391452139255945,0.0,0.05172413793103449,1.0845481049562682,-0.46268656716417855,0.817805383022774,0.0,0.0,0.0,0.0
1.7313981073065023,2.66747375785974,-1.2376546203764787,-0.7375947626429538,-1.0,0.17241379310344823,1.2511453561016244,-0.38059701492537235,1.0289855072463767,-1.0,0.0,1.0,0.0
-0.5584703526476669,-0.16899705651291846,-0.007006063148058487,0.2127228153865143,0.0,-0.9310344827586208,-0.30154102457309445,-0.23134328358208928,-0.5248447204968945,0.0,0.0,0.0,1.0
-0.22011832803576237,-0.16965079321060475,0.034776129312073606,0.5148187903833691,0.0,-0.37931034482758624,-0.8179925031236984,-2.1417910447761193,-0.8737060041407866,-1.0,0.0,0.0,0.0
-0.2399151520158156,0.535916606382238,0.7753811322359454,-0.467560323726169,0.0,-0.4137931034482759,0.8179925031236984,1.440298507462687,0.6449275362318837,-1.0,0.0,0.0,0.0
0.25261685189841526,0.4755066469218854,0.11016040268179582,-0.2066091537399915,0.0,-0.793103448275862,-0.45147855060391495,-0.20895522388059723,-0.8240165631469977,0.0,1.0,0.0,0.0
0.8113400569678101,3.148060060762744,-1.2479657564062767,-0.9694557076345066,-1.0,-0.9310344827586208,-0.06663890045814244,-0.05223880597014881,-0.21739130434782603,0.0,0.0,1.0,0.0
-0.2536371120340357,0.4901494117502689,-0.19894550636266042,0.37645080023888927,0.0,0.4482758620689655,0.9496043315285299,0.19402985074626852,0.8498964803312626,0.0,0.0,0.0,0.0
0.3170650943346122,0.647463286602932,-0.8814804837402611,-1.0799887358331348,-1.0,0.4137931034482759,0.4498125780924615,-0.022388059701492064,0.5124223602484471,-1.0,0.0,1.0,0.0
1.2071451665488713,2.7572979938459654,-2.144374892335817,-0.9251803840245464,-1.0,-0.20689655172413796,0.6497292794668889,0.2611940298507467,0.5248447204968942,-1.0,0.0,0.0,1.0
0.07134317632313338,-0.18044171863935002,0.289388399548976,0.08041051231533634,0.0,0.5,0.7513536026655562,-0.6567164179104471,0.481366459627329,-1.0,1.0,0.0,0.0
2.4838756791073338,1.8571613124937367,-1.6438757658753782,-0.9761721383844704,-1.0,0.793103448275862,0.4181591003748437,0.23880597014925464,0.7846790890269147,0.0,1.0,0.0,0.0
-0.5179018833359745,-0.10116783367235828,0.15882399282301152,-0.22098069644595678,0.0,-0.0689655172413793,-0.01665972511453561,3.0671641791044784,0.2370600414078672,-1.0,0.0,0.0,1.0
-0.10006579419221688,-0.08718094310997875,-0.02167755597560001,0.5460414927523444,0.0,-0.603448275862069,-0.5847563515201999,0.43283582089552247,-0.5393374741200828,-1.0,1.0,0.0,0.0
-0.362686963017076,-0.18933675183185222,-0.06539239014271268,-0.17532257329382753,0.0,-0.6551724137931034,0.9829237817576008,0.4552238805970152,0.8612836438923392,0.0,0.0,0.0,0.0
-0.13310328307459302,-0.08978475830784136,0.3267959907781807,-0.10119249865071565,0.0,-1.0862068965517242,-0.31820074968763007,-1.671641791044776,-0.5527950310559006,0.0,1.0,0.0,0.0
-0.20736291604563895,-0.18849897669845042,0.13154317074613572,-0.17272303719604357,0.0,-0.06896551724137931,-0.39983340274885465,-0.15671641791044708,-0.3737060041407869,0.0,0.0,0.0,0.0
-0.415004842472473,-0.14795077647508365,0.08756485727879623,0.14732077628650367,0.0,1.0862068965517242,-1.434402332361516,-3.529850746268657,-0.8975155279503105,0.0,0.0,0.0,1.0
-0.5093770655217161,-0.09713476403557743,0.6596180198389636,0.0008186328767175653,0.0,0.48275862068965525,-1.3511037067888378,-1.1940298507462686,-0.9834368530020702,0.0,0.0,1.0,0.0
1.4148777035687028,1.0012150794737906,-1.438945852089602,-1.5208300845984037,-1.0,0.9482758620689655,-1.0845481049562682,0.23880597014925398,-0.5745341614906831,0.0,1.0,0.0,0.0
0.25163027325822385,-0.20718510228331283,0.09331887539525871,-0.10008479972091823,0.0,0.0,-0.0016659725114534663,-1.7985074626865671,-0.07556935817805394,-1.0,0.0,0.0,1.0
0.3724433754123829,1.3717110256352862,-1.9294739088512187,-1.3520262917049777,-1.0,-0.4655172413793104,-0.7180341524364847,0.007462686567164684,-0.8281573498964802,-1.0,0.0,1.0,0.0
0.7379443541151955,2.922931544859516,-1.0519856835091188,-0.772006999248283,-1.0,0.1724137931034483,-0.7180341524364847,-3.977611940298507,-0.6335403726708074,-1.0,1.0,0.0,0.0
-0.43494574955855003,0.1636299730881301,0.23272688904138836,-0.08500435503348965,0.0,-0.3965517241379311,0.5181174510620574,-0.14925373134328307,0.21739130434782603,-1.0,0.0,1.0,0.0
0.11211240835757458,6.103190012610381,0.4673668911947918,-1.5957441994740773,-1.0,0.22413793103448273,0.14993752603082025,0.6940298507462692,0.5828157349896477,-1.0,1.0,0.0,0.0
-0.15057800344636926,-0.025763409808124717,0.09795874629348084,0.04368520568429246,0.0,-0.48275862068965514,0.4498125780924615,-1.7611940298507458,0.2111801242236025,-1.0,0.0,0.0,1.0
-0.530467377848295,0.1338653808493033,0.31582272122105526,0.43751679548599565,0.0,1.3793103448275863,-0.04831320283215337,2.440298507462687,0.5559006211180122,0.0,0.0,0.0,1.0
1.0953265225539561,0.9226212034865041,-1.2569476564746331,-0.9709426994993573,-1.0,-0.03448275862068967,1.4010828821324448,0.23134328358208994,1.136645962732919,0.0,0.0,0.0,0.0
-0.5524671665881001,0.6077925545312607,-0.12020432420174709,-0.1428114365423253,0.0,-0.4137931034482759,-0.4831320283215327,0.052238805970149474,-0.55175983436853,-1.0,0.0,0.0,0.0
-0.44875835513642165,-0.06862405077633697,-0.03200388070323578,0.1873171970544748,0.0,1.3275862068965518,-0.2832153269471054,2.395522388059702,0.27950310559006203,0.0,1.0,0.0,0.0
1.0661421429405937,5.714657101163225,-1.396799414703296,-1.0165405915856494,-1.0,0.4482758620689655,-0.3165347771761766,0.22388059701492527,0.01966873706004117,-1.0,0.0,1.0,0.0
1.173403384491652,0.9872320806698412,-1.8849061504982123,-0.5938175407761593,-1.0,1.206896551724138,-0.8996251561849228,-4.231343283582089,-0.6915113871635611,0.0,1.0,0.0,0.0
-0.45862180320868356,-0.1809589244140143,-0.15524012086269262,0.22281753666359372,0.0,0.1724137931034483,-0.4831320283215327,-3.7985074626865667,-0.3260869565217391,-1.0,0.0,0.0,0.0
-0.1730413351330372,-0.09305125427290986,0.3502495310558165,-0.061635718781581535,0.0,-1.3793103448275863,0.014993752603082144,-2.4104477611940296,-0.5952380952380951,0.0,0.0,1.0,0.0
0.9337687743787949,2.5851827529124236,-1.6835407640411164,-1.0583908673315026,-1.0,0.0,0.2015826738858808,2.1641791044776126,0.31884057971014496,-1.0,0.0,0.0,1.0
-0.37502524474005816,-0.17489485877699237,0.3360058602195606,-0.017607633399213275,0.0,1.0517241379310345,0.2515618492294876,-0.19402985074626852,0.5393374741200825,-1.0,0.0,0.0,0.0
-0.17194560018960472,-0.18621016439293903,0.24129465158758448,0.4379955485044037,0.0,-0.9827586206896552,0.9346105789254476,2.798507462686568,0.8084886128364387,0.0,1.0,0.0,0.0
0.6886044015137915,3.101172829409829,-2.1319071509289884,-0.9255133725368327,-1.0,-0.017241379310344824,1.6343190337359432,0.17164179104477645,1.4171842650103517,0.0,0.0,0.0,1.0
-0.44755464302046966,-0.10979216205828912,-0.4925857764007186,0.09523584764919456,0.0,0.3275862068965517,-0.299875052061641,0.6791044776119405,-0.034161490683229774,0.0,0.0,1.0,0.0
2.0732714140487163,4.461241208806554,-1.2684564648087207,-0.5669757261516978,-1.0,-0.48275862068965514,0.19991670137442732,-0.12686567164179033,-0.040372670807453465,-1.0,0.0,1.0,0.0
-0.1228695805379412,0.7733902736747806,-2.3436495159095916,-1.148899525313659,-1.0,-0.5517241379310345,0.43481882548937933,3.1044776119402995,0.5238095238095236,-1.0,0.0,0.0,0.0
1.5828749321710915,1.485603004695338,-1.9217418069090328,-1.4491344954545813,-1.0,-0.4655172413793104,-0.751353602665556,-0.029850746268656747,-0.7846790890269151,0.0,1.0,0.0,0.0
2.2565270995092637,1.8200653041140613,-1.8671205888629145,-1.4000091004957411,-1.0,-0.7586206896551725,-0.8513119533527697,0.626865671641791,-0.8188405797101448,-1.0,1.0,0.0,0.0
0.13187740346415952,-0.1995175568164629,-0.10879300362534296,0.4823914169283247,0.0,0.12068965517241378,0.5181174510620576,-0.6865671641791038,0.18633540372670804,-1.0,0.0,1.0,0.0
0.23384277160841355,-0.1889694091915573,0.16429142622240558,0.2552524615836589,0.0,-0.4655172413793104,0.4498125780924615,-2.1567164179104474,0.20910973084886111,-1.0,1.0,0.0,0.0
-0.08860048907475913,-0.10701858240601493,0.005698814859993577,0.14387856270527508,0.0,1.0862068965517242,0.534777176176593,0.06716417910447818,0.7650103519668736,0.0,0.0,0.0,1.0
-0.15953889779429503,0.19404525089544306,0.06748756072124136,0.4395127058705557,0.0,-0.5862068965517241,1.3660974593919197,0.626865671641791,1.2153209109730847,-1.0,1.0,0.0,0.0
0.014873093831334123,2.893284739348704,-0.8571295916671958,-0.5868326799241819,-1.0,-0.9310344827586208,-0.28488129945855883,0.253731343283582,-0.5786749482401654,-1.0,1.0,0.0,0.0
0.0515314860282372,0.36892209376384594,0.0003352393395974026,0.1315826578711017,0.0,0.7068965517241379,-1.6676384839650145,-3.5597014925373136,-1.1925465838509315,0.0,0.0,0.0,0.0
-0.03237399511538236,4.528990556713816,-0.7126370903538952,-1.0889516736250335,-1.0,0.4310344827586207,-0.618075801749271,-1.4701492537313432,-0.4037267080745341,-1.0,0.0,1.0,0.0
0.6547349728823457,0.7130627139101673,0.3609404898502878,0.09384601063021536,0.0,1.0,-0.8496459808413162,0.28358208955223874,-0.298136645962733,0.0,0.0,1.0,0.0
-0.07315616649210255,-0.19148983505110517,-0.0014330816423240053,0.19217411399844933,0.0,-0.8620689655172414,-0.21657642648896294,-0.19402985074626852,-0.5476190476190476,0.0,0.0,0.0,0.0
-0.4933115094496594,-0.2235644372655638,-0.19118347821154957,0.14095909345750057,0.0,-0.4310344827586207,0.4831320283215327,-0.29104477611940277,0.26501035196687356,0.0,1.0,0.0,0.0
0.4919272585533266,5.6022438751234676,-2.083125778457557,-0.7566729102703591,-1.0,0.27586206896551724,-0.6847147022074135,-0.9477611940298505,-0.43892339544513437,0.0,0.0,0.0,0.0
-0.015162989490238064,0.35207335612205876,0.3632285107400808,0.05371483961920917,0.0,0.810344827586207,-1.2328196584756352,0.08208955223880689,-0.6521739130434784,-1.0,0.0,0.0,0.0
-0.22130898230435264,4.037232115318107,-1.0044755612705385,-1.3328737639978643,-1.0,0.48275862068965525,-1.3511037067888378,-1.1940298507462686,-0.9834368530020702,0.0,0.0,1.0,0.0
0.9468510419442576,-0.09784055949129826,0.22731885301932767,0.451642488969033,0.0,-0.5,-0.7846730528946274,0.6865671641791045,-0.520703933747412,-1.0,1.0,0.0,0.0
0.38648827211061154,0.9265528942792545,-2.3436495159095916,-1.7427146968431941,-1.0,0.12068965517241381,1.4677217825905873,-0.29104477611940277,1.1718426501035195,-1.0,0.0,0.0,1.0
-0.40009696077769485,-0.14919257119087045,0.15949181018277103,-0.04248732245421508,0.0,0.4655172413793104,-0.4831320283215327,2.1865671641791047,-0.24844720496894404,-1.0,0.0,1.0,0.0
-0.12900677756880938,0.11317053766814238,-0.14018992785105525,-0.1515361191686566,0.0,0.4482758620689655,0.9496043315285299,0.19402985074626852,0.8498964803312626,0.0,1.0,0.0,0.0
0.11440229353860835,-0.12322485213307613,-0.07726969419150644,0.25092339380865464,0.0,-0.9310344827586208,-0.28488129945855883,0.253731343283582,-0.5786749482401654,-1.0,0.0,1.0,0.0
-0.4213909739391385,-0.06647145524216352,0.1814951535635666,0.2466306017776965,0.0,0.9310344827586208,0.01832569762598908,1.895522388059702,0.23395445134575557,0.0,0.0,0.0,1.0
2.0699990862852067,2.020383817097435,-2.0703111793330664,-1.5609904999756852,-1.0,-0.27586206896551724,0.6513952519783422,0.977611940298508,0.39958592132505144,0.0,0.0,0.0,0.0
-0.4039416092312949,-0.19739754156016148,0.17644588804356118,0.40096391388075114,0.0,0.3965517241379311,-0.5514369012911287,0.17910447761194048,-0.256728778467909,-1.0,0.0,1.0,0.0
-0.09711504310288287,-0.22664963146746187,0.405940809497085,0.02901532223809258,0.0,-0.4655172413793104,-0.7180341524364847,0.007462686567164684,-0.8281573498964802,-1.0,0.0,0.0,1.0
-0.5406010650789126,-0.18089580556239684,-0.25613722478280293,0.14275230597596622,0.0,0.4482758620689655,1.1678467305289462,2.3432835820895526,1.1884057971014492,0.0,0.0,0.0,1.0
0.7323147801443447,3.5872656102959275,-1.3605548506784553,-1.425524330710871,-1.0,1.0,0.03331945022907122,-2.970149253731343,-0.07867494824016555,0.0,0.0,0.0,1.0
0.008662089496190841,-0.07172990270188166,-0.20453848766181598,0.01476388246150005,0.0,-0.396551724137931,-1.2511453561016244,0.1865671641791045,-1.0838509316770186,-1.0,1.0,0.0,0.0
1.6700556641007895,4.060634155462707,-2.175820782376914,-1.3281057007981345,-1.0,0.1724137931034483,-0.7013744273219491,-5.947761194029852,-0.6645962732919255,-1.0,0.0,1.0,0.0
-0.012905709352286234,-0.07197320928412795,0.12685102297200726,0.2015419119084153,0.0,0.8793103448275862,-0.8496459808413162,0.25373134328358266,-0.298136645962733,0.0,0.0,0.0,0.0
0.13623369479411,-0.1651819834664211,0.4245270675316807,-0.09689169924583133,0.0,-0.0689655172413793,0.2182423990004164,3.2462686567164187,0.5445134575569356,-1.0,1.0,0.0,0.0
-0.4548786010697579,0.13023225615366915,0.14266679282071384,0.0004327947737696319,0.0,-0.810344827586207,1.199500208246564,-0.052238805970149474,0.6128364389233955,-1.0,1.0,0.0,0.0
-0.22575984995612672,-0.15782550560040404,0.08948995693862566,0.1676053305253124,0.0,0.0,-0.26655560183256977,1.649253731343284,-0.2712215320910974,-1.0,1.0,0.0,0.0
-0.25747442938002996,-0.13014955276461734,0.12108596954558681,0.018067669106143828,0.0,1.0344827586206897,0.1499375260308205,-1.559701492537313,0.36024844720496896,0.0,0.0,1.0,0.0
0.13253455347403942,-0.0505978929056042,-0.27165754515920615,0.29418343890508847,0.0,-0.22413793103448273,0.299875052061641,2.3805970149253737,0.18944099378881996,-1.0,0.0,0.0,0.0
1.1524436596687408,0.06730963661853555,0.0012192213708970027,0.3481674783621318,0.0,-1.396551724137931,0.46813827571845057,2.8358208955223887,0.2763975155279501,0.0,1.0,0.0,0.0
-0.5165753526232068,-0.11848979547773422,0.6569855907949694,0.14023321176729994,0.0,0.48275862068965514,-0.46813827571845057,-0.022388059701492727,-0.3064182194616979,-1.0,1.0,0.0,0.0
0.8391932507231987,2.236195595186354,-0.8281441458679163,-1.6893299613209436,-1.0,-0.48275862068965514,0.43481882548937933,0.05223880597015013,0.26708074534161497,-1.0,1.0,0.0,0.0
0.5628792197493138,2.9187546328940366,-1.953189592479854,-1.4586093417137689,-1.0,-0.9137931034482759,0.9346105789254476,-0.2537313432835813,0.55175983436853,0.0,0.0,0.0,0.0
0.08210568908397535,-0.000513644683301231,0.00815029317500026,0.06790686995793008,0.0,-0.2931034482758621,0.05164514785506053,-0.649253731343283,-0.34575569358178054,-1.0,1.0,0.0,0.0
0.30743014668776203,0.20958663902226735,0.3819729028340874,0.015706873986734267,0.0,-0.8793103448275862,0.08329862557267806,1.3955223880597016,-0.12008281573498986,0.0,0.0,0.0,1.0
-0.2261936474484704,4.294651561273076,-2.2600457041847353,-1.1958386305329085,-1.0,1.4482758620689655,-0.26655560183256977,-2.761194029850747,-0.03933747412008293,0.0,0.0,0.0,0.0
-0.41309902817371114,-0.011443560046271417,0.21965223429528913,-0.23054326220804755,0.0,-0.5344827586206897,0.9329446064139942,-0.40298507462686506,0.5393374741200826,0.0,1.0,0.0,0.0
-0.44105017816956266,3.379962998050873,-2.3436495159095916,-0.8835439084280113,-1.0,-0.6379310344827587,1.134527280299875,3.8059701492537323,0.8540372670807451,-1.0,0.0,0.0,0.0
1.231880259595938,1.2500988952077334,-1.107141896718514,-0.8794377024244254,-1.0,-0.9827586206896552,0.5497709287796749,1.8955223880597016,0.4430641821946167,0.0,0.0,0.0,1.0
-0.2968224923551769,0.32972605981507913,0.7816478634392511,0.3552983628480994,0.0,0.37931034482758624,0.5664306538942108,0.022388059701492727,0.49585921325051724,-1.0,0.0,0.0,0.0
0.23288119181724412,2.0810670418944635,-0.7471331257460094,-1.6384692011151745,-1.0,0.6551724137931034,-0.9346105789254476,-3.8358208955223883,-0.6128364389233955,-1.0,0.0,1.0,0.0
0.41466000490167015,-0.1396175446329105,-0.05479563331269345,0.10408619939577037,0.0,-0.4482758620689655,-1.2178259058725531,-0.34328358208955156,-1.196687370600414,0.0,0.0,0.0,1.0
1.0326130623880594,1.2783810099128265,-1.213566015773589,-1.6068660484384076,-1.0,-1.0344827586206897,0.41482715535193654,-1.3656716417910446,0.28985507246376807,0.0,0.0,0.0,1.0
-0.3896183285166246,-0.1740240608330315,-0.21703144968908,0.2463000057482817,0.0,0.8793103448275862,-0.8496459808413162,0.25373134328358266,-0.298136645962733,0.0,0.0,0.0,1.0
3.043695177711035,1.7600105115013263,-2.2413472123660028,-1.7523622130347247,-1.0,0.4655172413793104,-1.9341940857975843,0.10447761194029895,-1.460662525879917,-1.0,0.0,0.0,1.0
-0.5336960388831153,0.03209956839889306,0.20221645240917585,-0.06565281152026413,0.0,0.4310344827586207,-0.5164514785506039,0.3208955223880602,-0.3043478260869565,0.0,0.0,1.0,0.0
1.687842573505683,3.4858493993505117,-1.4113193437471436,-1.935155051082945,-1.0,-0.051724137931034454,-0.15160349854227395,-3.2462686567164174,-0.1728778467908901,-1.0,0.0,0.0,0.0
1.3487760406893825,2.301117522239386,-1.8543929031523096,-1.3699929017688501,-1.0,-0.810344827586207,1.199500208246564,-0.052238805970149474,0.6128364389233955,-1.0,1.0,0.0,0.0
-0.2889506225681196,-0.22072580480584802,-0.20190372370484136,-0.17115163649983495,0.0,0.0,0.2015826738858808,2.1641791044776126,0.31884057971014496,-1.0,1.0,0.0,0.0
-0.2301344130525619,-0.14514281352175235,0.16745481156463637,0.24647434288167386,0.0,0.15517241379310343,0.24989587671803415,-0.17910447761193982,0.25983436853002057,-1.0,0.0,0.0,0.0
-0.35498766134445914,-0.06996023708831652,-0.07091759374199826,-0.0053074238461158175,0.0,0.37931034482758624,0.5514369012911287,1.8358208955223885,0.5517598343685297,-1.0,1.0,0.0,0.0
-0.4150817050748997,0.9673525169302181,-0.03251200912576875,0.663378878982998,0.0,-0.6379310344827587,1.134527280299875,3.8059701492537323,0.8540372670807451,-1.0,1.0,0.0,0.0
0.6660557350003218,1.6617425170540294,-0.4024084849011704,-1.4986213536885886,-1.0,0.5,-1.00124947938359,-3.3134328358208953,-0.6480331262939958,0.0,1.0,0.0,0.0
-0.48166882560475716,-0.06473728852675699,-0.1382739894022697,-0.13096882267026777,0.0,-0.396551724137931,-1.2511453561016244,0.1865671641791045,-1.0838509316770186,-1.0,1.0,0.0,0.0
2.0323158749663572,4.877287843776159,-1.5943401824087613,-1.0437094650786916,-1.0,-0.0689655172413793,0.2182423990004164,3.2462686567164187,0.5445134575569356,-1.0,1.0,0.0,0.0
0.45719617613011837,-0.09049697208292608,0.5404773250440995,0.021874534111371028,0.0,1.0344827586206897,0.1499375260308205,-1.559701492537313,0.36024844720496896,0.0,0.0,0.0,1.0
-0.2001441335248678,0.1033100262417527,0.37881143965758707,0.3135847754921921,0.0,-0.15517241379310345,1.7509371095376927,-0.21641791044776057,1.3623188405797098,0.0,0.0,1.0,0.0
2.2953242351976897,2.7146900978472384,-2.3310638843003426,-1.3050224425500112,-1.0,0.9137931034482759,-0.982923781757601,2.0970149253731347,-0.5351966873706004,0.0,0.0,0.0,1.0
3.011553450264572,1.426048190537613,-2.208867571285836,-1.0612123758589644,-1.0,-0.7931034482758622,-0.7163681799250312,0.022388059701492727,-0.8467908902691511,-1.0,1.0,0.0,0.0
-0.27541340601428504,-0.14812905065295875,0.29515656706255994,-0.12237173643893429,0.0,-1.3275862068965518,0.38317367763431903,1.1865671641791051,-0.15942028985507248,0.0,0.0,0.0,1.0
0.16976821706942213,0.21084107479247496,0.5813006597056181,-0.01818185484086781,0.0,0.9482758620689655,-1.0845481049562682,0.23880597014925398,-0.5745341614906831,0.0,0.0,0.0,1.0
-0.059297832487304254,-0.16077745752853792,-0.08760912827508671,0.057773034546844626,0.0,1.4482758620689655,-0.26655560183256977,-2.761194029850747,-0.03933747412008293,0.0,0.0,1.0,0.0
-0.16333828892472052,-0.13307973796501016,0.08571889521850726,0.13734913592380127,0.0,-1.5517241379310345,0.6997084548104956,3.55223880597015,0.04968944099378893,0.0,0.0,0.0,1.0
-0.29789727001080907,0.03301918251089854,0.00451727816220701,-0.02904741263487601,0.0,0.20689655172413796,-0.68304872969596,-0.23134328358208928,-0.5641821946169772,-1.0,0.0,0.0,1.0
0.42328645561831985,-0.18456556946837765,0.520054497341626,-0.4104071718546779,0.0,1.2586206896551724,-0.031653477717617756,0.44029850746268717,0.5248447204968941,0.0,0.0,1.0,0.0
-0.2063674774148857,-0.09698777126268096,0.7816478634392511,0.3363148380454928,0.0,1.0862068965517242,0.28488129945855883,1.7014925373134335,0.5134575569358176,0.0,0.0,0.0,0.0
-0.3752698754074716,-0.20328694061185146,0.4699243941825888,0.37973239874068154,0.0,-1.2586206896551724,-0.0016659725114534663,-0.41044776119402976,-0.564182194616977,0.0,0.0,0.0,0.0
-0.4150787098448444,3.158047718059386,-0.6025460355420643,-0.7926371589713679,-1.0,0.0,-0.03331945022907122,1.9850746268656723,0.011387163561076543,-1.0,0.0,0.0,1.0
2.2653778970342335,2.6238234812694765,-1.5778468842854314,-1.4690017222915812,-1.0,1.0344827586206897,-0.21491045397750924,1.7313432835820903,-0.04658385093167701,0.0,0.0,1.0,0.0
-0.4058242276856163,-0.18727023717664942,0.6343772364544225,-0.12565566762849756,0.0,0.0689655172413793,-0.01665972511453561,-3.0373134328358207,-0.2763975155279501,-1.0,0.0,1.0,0.0
-0.5570001252969838,0.12060072012306003,0.05673124532935385,-0.03876239116490365,0.0,0.2931034482758621,-0.08496459808413176,0.6791044776119405,0.3064182194616976,-1.0,1.0,0.0,0.0
2.5726791164197227,1.429102596666406,-1.7481477795311646,-1.6303419103779482,-1.0,1.3275862068965518,-0.2832153269471054,2.395522388059702,0.27950310559006203,0.0,0.0,0.0,0.0
-0.4105145646262711,0.2958001743713963,-0.0954140969556777,0.3668203616625124,0.0,-0.4482758620689655,-0.9679300291545189,-1.9776119402985068,-0.9451345755693581,0.0,1.0,0.0,0.0
-0.3900055814767958,-0.171035930242537,0.42439676719546254,0.001522330182525009,0.0,1.0862068965517242,0.5181174510620574,2.0373134328358216,0.7960662525879916,0.0,0.0,0.0,1.0
0.03627705023233314,-0.06944969606583747,-0.1655751191408406,-0.02225370129440088,0.0,0.5344827586206897,-1.2011661807580174,0.253731343283582,-0.886128364389234,0.0,0.0,0.0,0.0
2.48891632782975,1.2108865026966649,-1.9207027330115043,-1.7669011821122516,-1.0,1.2586206896551724,-0.031653477717617756,0.44029850746268717,0.5248447204968941,0.0,0.0,0.0,1.0
-0.24720424205526775,-0.2165984131231978,0.16085532860234833,0.2131378897894689,0.0,-0.4482758620689655,-0.982923781757601,-0.1641791044776111,-0.8892339544513456,0.0,0.0,0.0,1.0
-0.43412485669097295,0.05853335049796513,0.13960525876113733,0.5998020421516278,0.0,0.4482758620689655,-0.3165347771761766,0.22388059701492527,0.01966873706004117,-1.0,1.0,0.0,0.0
2.594425648248432,3.0551431097702375,-0.9463645070982274,-1.2870973946488287,-1.0,-0.10344827586206898,0.4498125780924612,0.5149253731343287,0.5434782608695651,-1.0,0.0,1.0,0.0
1.0056524675446277,0.27096049223734364,0.757032214043193,-0.1612069183224582,0.0,-1.103448275862069,0.39983340274885465,3.761194029850747,0.08902691511387155,0.0,0.0,1.0,0.0
-0.07089047545053334,0.08198876449683057,0.2449805983319865,0.06342499638836906,0.0,0.15517241379310345,-1.784256559766764,0.24626865671641798,-1.4016563146997927,0.0,0.0,0.0,0.0
-0.41381357235934363,0.08452515193713835,0.4252686566554905,-0.04327708959634947,0.0,1.3793103448275863,-0.26655560183256977,0.29104477611940277,0.21739130434782575,0.0,1.0,0.0,0.0
0.6488611317870767,0.01991984323202452,-0.23012143691122053,0.02177075823668888,0.0,-1.0862068965517242,1.4010828821324448,3.559701492537314,0.8581780538302276,0.0,0.0,0.0,0.0
-0.4738543001303593,-0.0781238689593693,-0.14295554637793442,-0.06994037179166322,0.0,0.5517241379310345,-0.46813827571845057,-3.0746268656716422,-0.5631469979296065,-1.0,1.0,0.0,0.0
2.8860337722192414e-05,0.06241543834082517,0.2605686860297945,0.135151163127822,0.0,-0.051724137931034454,-0.16659725114535612,-1.4328358208955219,-0.11697722567287765,-1.0,0.0,1.0,0.0
1.0920915826771662,2.9636403792448394,-1.8859366776938347,-0.554230112570444,-1.0,0.5,0.7513536026655562,-0.6567164179104471,0.481366459627329,-1.0,0.0,0.0,1.0
-0.23989410511390064,-0.08908279726314271,-0.018927899583158013,0.2729931486172979,0.0,0.396551724137931,1.2178259058725531,-0.15671641791044708,1.0445134575569357,-1.0,0.0,0.0,1.0
-0.030368453205874394,0.1748186395560293,-0.18068177225701196,0.05943516052228688,0.0,-1.3793103448275863,0.2482299042065807,-2.0746268656716413,-0.3126293995859211,0.0,1.0,0.0,0.0
-0.19833330324329826,-0.04900393034599735,-0.09472855337494109,0.17626412825302679,0.0,0.810344827586207,-1.2328196584756352,0.08208955223880689,-0.6521739130434784,-1.0,0.0,0.0,1.0
2.3887692162258105,-0.16788937752011643,0.12071346722618242,0.45432763607949433,0.0,-0.051724137931034454,-0.15160349854227395,-3.2462686567164174,-0.1728778467908901,-1.0,0.0,1.0,0.0
1.0239538911457744,4.399383098227619,-2.311478293513666,-0.7924926559170804,-1.0,-1.5,0.9346105789254476,3.5970149253731347,0.3260869565217391,0.0,0.0,1.0,0.0
0.657464113259272,-0.0714686670427904,0.7816478634392511,0.15763025247641693,0.0,0.4482758620689655,-0.2832153269471054,0.2611940298507467,-0.023809523809523923,0.0,0.0,0.0,0.0
-0.20723701940860864,0.07690922380938228,-0.3768569216835764,0.27218352646409605,0.0,-0.24137931034482765,0.7846730528946272,-0.34328358208955156,0.4968944099378881,-1.0,0.0,0.0,0.0
1.0620466756580413,1.6856381961774587,-0.025711293458745798,-0.8663954536120894,-1.0,0.48275862068965514,-0.9329446064139942,-0.0970149253731336,-0.6915113871635611,-1.0,0.0,0.0,0.0
0.2421193424159585,-0.2122296195296193,0.21476953476088756,-0.0724564918235808,0.0,0.017241379310344824,-1.6676384839650145,-0.14179104477611904,-1.4565217391304346,0.0,0.0,1.0,0.0
-0.13795033349408875,-0.13880062791196263,0.15138035035696445,0.29769443304770554,0.0,1.0344827586206897,0.1499375260308205,-1.559701492537313,0.36024844720496896,0.0,1.0,0.0,0.0
0.6159041063352285,-0.12795277706089417,-0.7048882080325353,0.1348791669810033,0.0,-0.48275862068965514,0.4498125780924615,-1.7611940298507458,0.2111801242236025,-1.0,0.0,1.0,0.0
0.8369810771806374,1.5935122309862197,-1.3456228620370239,-1.6501879867213889,-1.0,-0.896551724137931,-0.2182423990004164,-0.2985074626865668,-0.5434782608695651,0.0,0.0,0.0,1.0
0.2223819732065117,-0.21055547111401832,-0.20939676166701926,0.24771837748121858,0.0,0.6379310344827586,-0.6663890045814245,-0.2910447761194021,-0.412008281573499,-1.0,0.0,0.0,1.0
-0.5320394958741813,-0.22698109798663765,-0.057826241528419885,-0.10358724827812098,0.0,1.0000000000000002,0.01665972511453561,-0.2388059701492533,0.2629399585921324,-1.0,1.0,0.0,0.0
3.4639280967505526,3.6505970631855473,-1.9007746519019046,-1.6398307788426212,-1.0,0.3448275862068965,0.6847147022074135,-0.007462686567163358,0.7888198757763972,-1.0,0.0,0.0,1.0
-0.5133207929014313,0.5994014494305192,0.09648792378190205,-0.025381573034856615,0.0,-0.3275862068965517,0.5014577259475218,-0.4701492537313426,0.3022774327122153,0.0,0.0,0.0,1.0
-0.5133600246817314,0.32623539280988617,0.7816478634392511,0.12207892577182275,0.0,0.3275862068965517,-0.3165347771761766,0.1940298507462692,0.01966873706004117,-1.0,0.0,0.0,1.0
-0.46066139459463396,0.5816280152735737,0.21312835348718287,0.004394669804896524,0.0,0.017241379310344824,-1.6676384839650145,-0.14179104477611904,-1.4565217391304346,0.0,0.0,1.0,0.0
1.989891381235295,1.0002485617152064,-2.3436495159095916,-1.6594005359397102,-1.0,-0.9310344827586208,-0.30154102457309445,-0.23134328358208928,-0.5248447204968945,0.0,0.0,0.0,0.0
3.2770410272475456,0.8280423077144368,-1.2670609829133064,-1.3304688630791273,-1.0,0.0,-0.03331945022907122,1.9850746268656723,0.011387163561076543,-1.0,0.0,0.0,1.0
-0.37274199920688156,-0.21749476401327847,-0.13576299455353913,-0.3452045493677818,0.0,-0.4655172413793104,0.4498125780924615,-2.1567164179104474,0.20910973084886111,-1.0,1.0,0.0,0.0
-0.23912404197867212,0.3227412245845267,0.6640933692050928,-0.16407102335295498,0.0,-1.0344827586206897,0.1649312786339024,0.2686567164179107,0.03830227743271209,0.0,0.0,0.0,0.0
0.4119202974990359,0.23289693275103482,0.0949862797545363,0.25985550907913213,0.0,-0.1724137931034483,0.43481882548937933,5.64179104477612,0.3426501035196686,-1.0,0.0,0.0,0.0
0.6469921042487963,6.548017117549773,-1.3943231081660414,-1.821692185842987,-1.0,0.44827586206896547,0.5664306538942108,-3.029850746268657,0.2391304347826086,-1.0,1.0,0.0,0.0
0.5266993407664751,-0.07512608136985681,-0.3671614998786595,0.23682099072974386,0.0,0.4482758620689655,1.1678467305289462,2.3432835820895526,1.1884057971014492,0.0,0.0,0.0,0.0
-0.432680000386863,-0.19585737174986245,0.172348250950887,0.0614797127697072,0.0,-0.4310344827586207,0.5847563515201999,1.5000000000000007,0.36438923395445116,-1.0,0.0,0.0,0.0
-0.42241412033438686,-0.19237378817776404,-0.14383128789311733,0.5804514702345228,0.0,0.4482758620689655,-0.2832153269471054,0.2611940298507467,-0.023809523809523923,0.0,0.0,1.0,0.0
0.350830426225093,-0.17603669486190027,0.46858825276648247,-0.3318338488919536,0.0,0.7241379310344828,0.917950853810912,0.02238805970149339,1.0838509316770182,-1.0,0.0,1.0,0.0
0.04948172030106841,-0.16625779713557692,0.0045449779257957824,-0.06871560830742386,0.0,0.6379310344827587,-1.1678467305289462,-3.7761194029850746,-0.893374741200828,-1.0,0.0,0.0,1.0
-0.5508211599170393,-0.04756426425574994,0.10499514636108558,-0.36226299605624007,0.0,0.810344827586207,-1.2328196584756352,0.08208955223880689,-0.6521739130434784,-1.0,0.0,1.0,0.0
0.11482646777805533,-0.1619655245094476,0.7816478634392511,-0.08604656129540915,0.0,-0.48275862068965514,0.19991670137442732,-0.12686567164179033,-0.040372670807453465,-1.0,0.0,0.0,0.0
-0.14538683749873402,-0.08018891158250029,0.247430310488556,-0.06798283709111995,0.0,-0.4655172413793104,-0.751353602665556,-0.029850746268656747,-0.7846790890269151,0.0,0.0,0.0,1.0
-0.24596060446604298,-0.20743870563465966,-0.12456919571463543,-0.17492562999507275,0.0,0.4655172413793104,-1.9341940857975843,0.10447761194029895,-1.460662525879917,-1.0,0.0,0.0,0.0
-0.4865406385379978,-0.2167341439945964,0.050103014133589675,-0.10525529053759317,0.0,0.9482758620689655,-1.0845481049562682,0.23880597014925398,-0.5745341614906831,0.0,0.0,0.0,1.0
-0.41348263641568406,0.1911553173860837,0.19558080493829566,-0.25821615651336827,0.0,-0.7241379310344828,-0.9512703040399832,0.007462686567164021,-1.123188405797101,-1.0,0.0,0.0,0.0
-0.5290656907460208,-0.091360633959834,0.13762238503442162,0.3897649208709599,0.0,-0.5517241379310345,-0.05164514785506053,0.41044776119402976,0.05900621118012409,0.0,0.0,0.0,0.0
-0.3621464847253822,0.029157520365777196,0.019121162522909095,-0.03160263274458383,0.0,0.17241379310344823,1.2511453561016244,-0.38059701492537235,1.0289855072463767,-1.0,0.0,1.0,0.0
-0.22880279416254343,0.24466035410170106,0.373326454641976,-0.12208181500336952,0.0,0.396551724137931,1.2178259058725531,-0.15671641791044708,1.0445134575569357,-1.0,0.0,0.0,1.0
0.05456694676812086,-0.07707846214600013,0.31892777928937777,0.2859284326716051,0.0,-0.4655172413793104,-0.751353602665556,-0.029850746268656747,-0.7846790890269151,0.0,1.0,0.0,0.0
1.4283717439728516,-0.03872029824894271,0.6040963014227587,0.04816720644098894,0.0,-1.0,-0.06663890045814244,3.0000000000000004,0.03933747412008263,0.0,0.0,0.0,0.0
0.7833276239296347,0.7820022452218991,-0.8624072858898549,-1.793556289269277,-1.0,-0.5,0.9679300291545189,3.343283582089553,0.6086956521739129,0.0,0.0,0.0,0.0
-0.3656266078169319,-0.17443359806642197,0.6356289333868724,0.2405959827817855,0.0,-0.1724137931034483,0.6847147022074135,4.007462686567164,0.5942028985507246,-1.0,0.0,1.0,0.0
3.2321600378116164,2.2027906756572153,-0.8765654147794593,-0.7247897504128301,-1.0,0.44827586206896547,0.5664306538942108,-3.029850746268657,0.2391304347826086,-1.0,0.0,1.0,0.0
0.9384713647394232,-0.17297171928715663,-0.13231678000420036,-0.04158062309723778,0.0,-0.48275862068965514,0.899625156184923,0.126865671641791,0.6521739130434782,-1.0,0.0,1.0,0.0
-0.3613921803080018,0.20244435879633638,-0.6414972445335663,0.5678766166601286,0.0,1.0344827586206897,-0.21491045397750924,1.7313432835820903,-0.04658385093167701,0.0,1.0,0.0,0.0
0.2687700068918861,-0.12255583287756616,0.496161498087845,0.15738769795849195,0.0,0.6206896551724138,0.4831320283215327,-3.6194029850746268,0.5434782608695651,0.0,0.0,0.0,1.0
0.7871590117037737,2.7346346705089695,-0.18925798154223616,-2.094033023397003,-1.0,-0.4310344827586207,0.4831320283215327,-0.29104477611940277,0.26501035196687356,0.0,1.0,0.0,0.0
0.7209781864808061,0.1193587774098124,-1.2203131608148239,-1.7867170922222644,-1.0,-0.10344827586206898,0.4498125780924612,0.5149253731343287,0.5434782608695651,-1.0,1.0,0.0,0.0
-0.49989204627191164,-0.1224008800225543,0.1738495414089538,0.02564986301183117,0.0,-1.0344827586206897,0.3998334027488544,0.4477611940298512,0.34575569358178054,0.0,0.0,0.0,1.0
-0.4491094741742036,-0.08630583670301245,0.1339521494153123,0.621911231878707,0.0,0.9310344827586208,0.2515618492294876,2.23134328358209,0.5165631469979295,0.0,0.0,0.0,1.0
0.06474276852681833,-0.14409206666566812,0.7121552569364238,0.3901330972635947,0.0,-0.4655172413793104,0.68304872969596,-1.8208955223880592,0.4917184265010351,-1.0,0.0,1.0,0.0
-0.3386663830016827,0.1330844523067839,-0.38062209052188706,0.10818605155256185,0.0,0.0,-0.24989587671803415,-0.3208955223880595,-0.3022774327122154,-1.0,0.0,0.0,0.0
-0.19756471099144216,1.3729073855812768,-2.144021799175299,-1.8367622472537801,-1.0,0.1724137931034483,-0.7013744273219491,-5.947761194029852,-0.6645962732919255,-1.0,0.0,0.0,1.0
0.20854630421080972,3.168904509559874,-1.6367073669943473,-0.3810349513357106,-1.0,0.9310344827586208,0.03331945022907122,0.08208955223880622,0.1780538302277431,0.0,1.0,0.0,0.0
0.9482211960763814,0.6081949203516958,-0.21457227841563536,-0.5274308934760434,0.0,0.1724137931034483,-0.7013744273219491,-5.947761194029852,-0.6645962732919255,-1.0,0.0,1.0,0.0
0.3931139128426767,0.21149045396350996,0.1973288899538338,0.003913932643783439,0.0,0.051724137931034454,0.716368179925031,0.3208955223880602,0.8229813664596272,-1.0,0.0,0.0,0.0
0.33272236236552033,-0.15709571892697902,0.6860686932925671,0.06863076042770788,0.0,0.3275862068965517,-0.299875052061641,0.6791044776119405,-0.034161490683229774,0.0,0.0,0.0,1.0
1.584718159257412,1.9331494764441688,-0.6437796843552,-1.6523505223494865,-1.0,-0.051724137931034475,0.7163681799250312,-0.261194029850746,0.5600414078674946,0.0,1.0,0.0,0.0
-0.2664056995432732,-0.16963401071450662,0.36821789152797446,-0.22901589995837046,0.0,-0.8793103448275863,1.434402332361516,-0.03731343283582077,0.8892339544513456,-1.0,0.0,0.0,0.0
0.2399903126637525,0.29514944082280375,0.49042047587152876,0.330225531950171,0.0,-0.6551724137931034,0.9012911286963764,3.8656716417910455,0.5734989648033125,-1.0,0.0,0.0,1.0
-0.3439562732502411,-0.12241719403011263,0.2956774659372463,0.41252448636172356,0.0,0.37931034482758624,0.5514369012911287,1.8358208955223885,0.5517598343685297,-1.0,1.0,0.0,0.0
1.6434242511864985,5.4265390195493675,-1.7629983767683002,-1.9182563780582191,-1.0,0.4655172413793104,0.6847147022074135,0.022388059701492727,0.7888198757763972,-1.0,1.0,0.0,0.0
3.1657775406976585,4.51873409014468,-1.895786980958997,-1.4532768758318295,-1.0,0.896551724137931,0.18492294877134519,0.3283582089552242,0.5041407867494822,0.0,0.0,0.0,0.0
0.03095830368755832,-0.17682358305849816,0.441622906453869,0.2689469365592293,0.0,1.3275862068965518,-0.5014577259475218,0.24626865671641798,-0.059006211180124384,0.0,0.0,0.0,0.0
-0.1964816527712681,0.3233253809363029,-0.4093403300953661,0.239162951628838,0.0,-1.4310344827586208,0.6997084548104956,3.582089552238806,0.04968944099378893,0.0,1.0,0.0,0.0
-0.4976150926157345,0.021751115424871112,0.39455810096282884,0.24025070810101287,0.0,0.6206896551724137,0.9845897542690545,-0.13432835820895436,1.0248447204968942,0.0,0.0,1.0,0.0
0.18898390853592817,-0.2060263193119196,0.5347699765487821,0.28624070937309315,0.0,0.4655172413793104,-0.4664723032069971,0.21641791044776124,-0.27950310559006203,-1.0,1.0,0.0,0.0
0.6605242049391694,0.26770563423123217,-0.34663755742807106,0.08735260441726893,0.0,0.4482758620689655,0.9346105789254476,2.0074626865671643,0.9057971014492752,0.0,0.0,1.0,0.0
2.3304192781628306,-0.16570573401161798,0.1719952989534658,0.06675796331508171,0.0,-0.3275862068965517,0.5164514785506039,-2.2835820895522385,0.2463768115942028,0.0,0.0,0.0,0.0
0.8539585366802231,-0.22625953367283266,0.3023277703821,0.27179300539965656,0.0,-0.12068965517241378,-0.5514369012911289,0.7164179104477613,-0.22567287784679096,-1.0,0.0,1.0,0.0
-0.2911509788923956,-0.0960897145324309,0.019675782482815856,0.07628519410632993,0.0,0.03448275862068967,-1.434402332361516,-0.20149253731343253,-1.175983436853002,0.0,0.0,1.0,0.0
-0.3817121772005187,-0.1257699936525897,0.5195014828521838,0.439536423303877,0.0,-0.6551724137931034,0.9829237817576008,0.4552238805970152,0.8612836438923392,0.0,1.0,0.0,0.0
-0.4632329502602323,-0.09091255247224513,0.20087753625969706,-0.39323995032661413,0.0,-0.10344827586206898,0.4498125780924615,0.7761194029850748,0.030020703933747464,-1.0,0.0,0.0,1.0
-0.4577364807064046,-0.22148361155960328,0.5547699139930666,0.09124603008117703,0.0,0.4655172413793104,-0.7013744273219491,0.03731343283582077,-0.5869565217391305,-1.0,0.0,0.0,1.0
-0.4343178258256175,0.010451329872927576,0.05593462372916689,0.09470114425793962,0.0,-1.396551724137931,0.46813827571845057,2.8358208955223887,0.2763975155279501,0.0,0.0,1.0,0.0
0.08746489062160405,-0.15075908559273796,0.2705372937319398,0.17755427623628128,0.0,-1.3793103448275863,-0.0016659725114534663,-0.44029850746268584,-0.564182194616977,0.0,0.0,1.0,0.0
-0.45305406321948444,2.31624580024567,-2.3436495159095916,-0.879209174456298,-1.0,0.051724137931034454,0.3681799250312369,1.6417910447761197,0.38509316770186314,-1.0,1.0,0.0,0.0
1.2202277691752454,0.2598419591196598,0.17118981451218082,-0.1337919190650235,0.0,-0.017241379310344824,1.6343190337359432,0.17164179104477645,1.4171842650103517,0.0,0.0,1.0,0.0
0.01733479876928042,-0.2220692256264716,0.6010864665305016,-0.1948919475055504,0.0,-1.3275862068965518,0.23323615160349856,-0.3955223880597011,-0.28778467908902694,0.0,0.0,0.0,1.0
1.5299427559077587,1.8536156186316486,-1.6171735354611319,-1.0897802903107578,-1.0,-0.9482758620689655,1.051228654727197,-0.20895522388059656,0.5351966873706002,0.0,0.0,0.0,0.0
0.884976601248599,-0.19099421633505836,0.29868714014240305,0.13552032716214168,0.0,-0.17241379310344823,-1.2844648063306954,0.41044776119402976,-1.0683229813664596,-1.0,1.0,0.0,0.0
0.32490754429409296,-0.18146114933901603,0.1695226690175606,0.15397997776889785,0.0,1.1551724137931034,0.299875052061641,-3.1641791044776117,0.20082815734989648,0.0,0.0,0.0,1.0
0.08037584655934944,-0.22548077543968598,0.28927245018049313,0.4478537193833178,0.0,-0.793103448275862,-0.45147855060391495,-0.20895522388059723,-0.8240165631469977,0.0,0.0,1.0,0.0
3.095163002086587,6.194344594562624,-1.733734261113215,-0.5530931780561196,-1.0,-0.9310344827586208,-0.28488129945855883,-2.201492537313433,-0.5559006211180124,0.0,1.0,0.0,0.0
1.1940883565949545,-0.1346932652144597,-0.37900744254072083,0.48024431363660725,0.0,-0.9310344827586208,-0.28488129945855883,-2.201492537313433,-0.5559006211180124,0.0,0.0,0.0,1.0
-0.5114449533963246,-0.03470839703500201,0.43105637826361026,0.044351935956707715,0.0,-0.5344827586206897,0.9329446064139942,-0.40298507462686506,0.5393374741200826,0.0,0.0,0.0,0.0
2.4244251607696876,0.04781525494284186,-1.3187507660952924,-0.6608398346096853,-1.0,-0.896551724137931,-0.2182423990004164,-0.2985074626865668,-0.5434782608695651,0.0,0.0,0.0,1.0
0.0685810839861293,-0.052856992856564686,-0.30320903331680493,0.043016539072891574,0.0,0.7068965517241379,-1.6676384839650145,-3.5597014925373136,-1.1925465838509315,0.0,0.0,0.0,1.0
-0.5243573238447594,0.2438018307667556,0.7816478634392511,0.3240377722092024,0.0,-1.3275862068965518,0.38317367763431903,1.1865671641791051,-0.15942028985507248,0.0,0.0,1.0,0.0
1.5014583872804061,-0.2225001244132709,0.7816478634392511,0.13678473664676685,0.0,0.9137931034482759,-0.982923781757601,2.0970149253731347,-0.5351966873706004,0.0,1.0,0.0,0.0
-0.4977661619793048,-0.22565125848171877,0.2414659014112643,-0.2360428076060282,0.0,-0.9137931034482759,0.6997084548104956,-0.4328358208955218,0.24430641821946159,0.0,1.0,0.0,0.0
2.3063703094298535,1.3003118221136334,-1.3487305034479002,-1.7625683471322715,-1.0,0.1724137931034483,-0.4831320283215327,-3.7985074626865667,-0.3260869565217391,-1.0,0.0,1.0,0.0
0.7239247583079622,2.5480654139731937,-1.9695923580616232,-1.2839290883397347,-1.0,-0.3275862068965517,0.5164514785506039,-2.2835820895522385,0.2463768115942028,0.0,0.0,0.0,1.0
1.2781398339949936,2.2492538919399694,-1.2891107133143573,-0.9737829175222825,-1.0,-1.0862068965517242,-0.5514369012911287,-2.0074626865671643,-0.8354037267080745,0.0,0.0,0.0,1.0
0.018683981579432563,-0.16779590612662523,0.044085128377441114,-0.46341252246650944,0.0,0.0,-0.031653477717617756,1.8283582089552246,0.03623188405797101,-1.0,0.0,0.0,0.0
-0.26474147499927364,-0.2283013464840682,-0.011962939111552663,-0.1894624624896098,0.0,0.0,-0.031653477717617756,1.8283582089552246,0.03623188405797101,-1.0,0.0,0.0,0.0
0.33174414717604217,0.6508660146087019,-2.3269480347831926,-1.1822316097758399,-1.0,-0.3275862068965517,0.5014577259475218,-0.4701492537313426,0.3022774327122153,0.0,1.0,0.0,0.0
-0.1662493401075264,-0.22563063555342408,-0.2880268777414902,-0.12973622834726992,0.0,0.48275862068965514,-0.4831320283215327,1.791044776119403,-0.2505175983436854,-1.0,0.0,0.0,1.0
0.21410025884775996,-0.15769991112132525,-0.47534471820100305,0.043656208347092156,0.0,0.1724137931034483,-0.5830903790087464,0.3880597014925377,-0.2598343685300209,-1.0,1.0,0.0,0.0
-0.5095542446061603,-0.04371229919371858,0.4725862697523314,0.21280031446226916,0.0,-0.4655172413793104,0.68304872969596,-1.8208955223880592,0.4917184265010351,-1.0,0.0,1.0,0.0
5.262862910936477,4.068130222600866,-2.3436495159095916,-0.9007875206054832,-1.0,-0.4482758620689655,-0.9679300291545189,-1.9776119402985068,-0.9451345755693581,0.0,0.0,0.0,1.0
1.198915934174283,0.23271298936295984,0.3106498626497755,-0.11438833059246695,0.0,0.5344827586206896,-0.7013744273219491,-3.0149253731343286,-0.8436853002070391,-1.0,0.0,1.0,0.0
-0.5263502058985569,-0.19796030947933174,0.06657021605535193,-0.06983080704139359,0.0,0.22413793103448273,0.14993752603082025,0.6940298507462692,0.5828157349896477,-1.0,1.0,0.0,0.0
-0.5505822461376918,0.5436787369628533,-0.26167973250094606,-0.031591191319746775,0.0,-1.0000000000000002,-0.04997917534360683,0.2686567164179107,-0.3022774327122153,-1.0,0.0,0.0,0.0
2.111506990867397,0.38508061675466493,-1.1416101638535965,-1.3427700065984074,-1.0,-0.4137931034482759,0.8179925031236984,1.440298507462687,0.6449275362318837,-1.0,0.0,1.0,0.0
2.075306120411919,3.7155266357707113,-1.7948878217926467,-1.233627741245201,-1.0,0.13793103448275862,-0.1832569762598917,-0.44776119402985054,-0.2650103519668737,0.0,0.0,1.0,0.0
0.09661572754448236,0.10806351555612523,0.015741180138561333,-0.25094350768773427,0.0,-0.793103448275862,-0.45147855060391495,-0.20895522388059723,-0.8240165631469977,0.0,1.0,0.0,0.0
-0.16379874841371997,-0.10201036775108757,0.6114471316206528,0.24724731227649696,0.0,-0.05172413793103449,-1.1178675551853394,0.49253731343283597,-0.8571428571428569,0.0,0.0,0.0,1.0
-0.18158473234624725,5.293809884606727,-1.9785945184267406,-0.9592098664221926,-1.0,-0.5517241379310345,-1.517700957934194,0.380597014925373,-1.3633540372670807,-1.0,0.0,0.0,1.0
0.18838454644182007,-0.0046939836150526396,0.2022912609991758,0.07753334786431326,0.0,-0.051724137931034475,0.7163681799250312,-0.261194029850746,0.5600414078674946,0.0,0.0,0.0,1.0
3.8605256824205214,0.3285304060338791,-1.0063797451956313,-1.554421092842399,-1.0,-0.9137931034482759,0.7163681799250312,-2.4029850746268653,0.21325051759834357,0.0,0.0,0.0,0.0
-0.2881816010114353,0.006302186867131632,0.4149204575750045,0.010921602212763936,0.0,-1.2586206896551724,-0.0016659725114534663,-0.41044776119402976,-0.564182194616977,0.0,1.0,0.0,0.0
-0.12447864762286626,-0.1990872281551481,0.5091227527261011,0.2411452589624406,0.0,-1.0344827586206897,0.3998334027488544,0.4477611940298512,0.34575569358178054,0.0,1.0,0.0,0.0
-0.4778107312243067,-0.12825438136368641,0.4492745517347674,0.34117528200129926,0.0,0.13793103448275862,-0.1832569762598917,-0.44776119402985054,-0.2650103519668737,0.0,0.0,0.0,1.0
0.5190450023589407,1.263009630356493,-1.4535953924905207,-0.8336975203139804,-1.0,1.206896551724138,-0.41649312786339027,-1.1865671641791038,0.12008281573498956,0.0,0.0,0.0,0.0
-0.525640396972736,-0.15665938708259944,0.36818054287026036,0.15893468204152483,0.0,-1.206896551724138,0.38317367763431903,1.2164179104477613,-0.15942028985507248,0.0,0.0,0.0,1.0
2.0584243339573804,3.387653709751832,-0.54450505972125,-1.4392004243913556,-1.0,1.0862068965517242,0.5181174510620574,2.0373134328358216,0.7960662525879916,0.0,0.0,0.0,1.0
-0.50009993369132,-0.2228136223807668,0.17313354570331702,0.2317590202887182,0.0,0.017241379310344824,-1.6676384839650145,-0.14179104477611904,-1.4565217391304346,0.0,0.0,0.0,1.0
-0.41388293936646015,0.4728875970236458,0.504772279372749,0.2895908080159164,0.0,0.4655172413793104,-0.4664723032069971,0.21641791044776124,-0.27950310559006203,-1.0,0.0,0.0,0.0
-0.523605142367003,-0.09766956040492039,0.23240683223212127,0.10036896328025975,0.0,-0.6379310344827587,1.134527280299875,3.8059701492537323,0.8540372670807451,-1.0,0.0,0.0,1.0
0.6102622671934601,-0.1636129000543137,-0.041067619260254484,-0.18464805695962866,0.0,0.051724137931034454,0.716368179925031,0.3208955223880602,0.8229813664596272,-1.0,0.0,0.0,0.0
1.7663665097664145,3.103292416352447,-1.9792573611075444,-1.0140758760997008,-1.0,0.4310344827586207,-0.618075801749271,-1.4701492537313432,-0.4037267080745341,-1.0,1.0,0.0,0.0
-0.49747674455389185,-0.15318078447854366,-0.0943862435857259,-0.12452241260710194,0.0,-0.5344827586206897,0.9496043315285299,-2.3731343283582085,0.5082815734989645,0.0,0.0,1.0,0.0
0.5267192661439467,-0.052417537649290455,0.11624705273256172,-0.6176438036982265,0.0,0.7068965517241379,0.08496459808413176,-0.9029850746268651,-0.0631469979296067,-1.0,0.0,0.0,0.0
-0.34492821380232325,-0.07472038168750694,0.2065416882140504,0.18938886315055192,0.0,0.5517241379310345,1.4843815077051228,-0.3507462686567156,1.3240165631469978,-1.0,0.0,1.0,0.0
0.3034251850583901,-0.2308089021882683,-0.15485637732098093,0.07169292398552794,0.0,-1.0862068965517242,-0.31820074968763007,-1.671641791044776,-0.5527950310559006,0.0,0.0,0.0,1.0
0.33726646271947097,0.1023691993591531,-0.578631234037908,-1.2394064150644264,-1.0,-0.4482758620689655,-0.9679300291545189,-1.9776119402985068,-0.9451345755693581,0.0,0.0,0.0,1.0
0.18960095030445753,-0.022879851637333727,0.7627996458399221,-0.01283171009293009,0.0,-0.8448275862068967,-0.9512703040399832,-0.022388059701492064,-1.123188405797101,-1.0,0.0,0.0,1.0
0.26329505016553756,0.18947311447950008,0.6567601359830509,0.46196462110769293,0.0,-0.10344827586206898,1.0179092044981257,0.05970149253731415,0.7826086956521737,-1.0,0.0,0.0,0.0
-0.4339357799467086,-0.22261322342032971,0.47202307559834705,-0.15799964261965624,0.0,-0.3275862068965517,0.2832153269471054,-0.16417910447761178,-0.05900621118012409,-1.0,1.0,0.0,0.0
-0.11606411199351463,-0.19819192841131225,0.6250742364157421,0.10612047261273083,0.0,-0.08620689655172414,1.2511453561016244,6.628197161941233e-16,1.0631469979296062,-1.0,1.0,0.0,0.0
-0.1585246716396878,-0.17285835367669944,0.25933780549203356,-0.01142998789337917,0.0,0.0689655172413793,-0.0016659725114534663,-4.850746268656716,-0.3322981366459626,-1.0,0.0,1.0,0.0
2.075308528463607,1.4574835275554776,-2.084943453376713,-1.6515112623653339,-1.0,0.5517241379310345,0.018325697625989314,-0.38059701492537235,-0.09834368530020701,0.0,1.0,0.0,0.0
-0.18865134697945152,-0.09931986117507292,0.4418037496119674,0.47234043406776466,0.0,1.0862068965517242,0.299875052061641,-0.1119402985074623,0.45755693581780515,0.0,0.0,0.0,0.0
-0.49819453473407965,-0.19072198570743132,-0.020608595326351155,-0.1408359921058621,0.0,-0.37931034482758624,-0.24989587671803415,-0.014925373134328042,-0.3146997929606624,-1.0,1.0,0.0,0.0
-0.5460216442467628,-0.22632889036445297,-0.07770482814808763,0.0897016659369584,0.0,0.05172413793103449,1.0845481049562682,-0.46268656716417855,0.817805383022774,0.0,0.0,1.0,0.0
-0.3582242430398712,2.549049844307753,-1.4077390405053472,-0.9333309802196316,-1.0,1.0862068965517242,0.5181174510620574,2.0373134328358216,0.7960662525879916,0.0,0.0,0.0,1.0
-0.2941887407005232,0.05431050701876159,0.06083510011968891,0.19713085329521038,0.0,0.4137931034482759,0.4498125780924615,-0.022388059701492064,0.5124223602484471,-1.0,1.0,0.0,0.0
-0.4708862077267528,0.32934376462594106,-0.20943633672624762,0.22048863740583308,0.0,-0.48275862068965514,0.899625156184923,0.126865671641791,0.6521739130434782,-1.0,0.0,0.0,0.0
-0.30794516902258007,-0.23178002929929697,0.5931747598557774,0.1392961020100767,0.0,-0.4655172413793104,0.6680549770928779,-0.007462686567163358,0.5476190476190476,-1.0,0.0,0.0,0.0
2.7293144960279943,1.7274061089215427,-1.0313740152627666,-1.864340563870183,-1.0,1.0862068965517242,0.299875052061641,-0.1119402985074623,0.45755693581780515,0.0,0.0,0.0,0.0
0.27206456861023653,-0.011888459676476332,-0.2677717434965843,0.2161143176293796,0.0,0.7586206896551725,0.8179925031236984,-0.5970149253731336,0.7795031055900619,-1.0,0.0,0.0,0.0
-0.5204902679086685,-0.09624724079902364,0.6040526786677529,-0.015259757648655224,0.0,0.4482758620689655,1.1678467305289462,2.3432835820895526,1.1884057971014492,0.0,0.0,0.0,0.0
0.23953583954623212,2.310400303472221,-1.332272364329123,-1.6617269571507056,-1.0,0.5689655172413793,0.2515618492294879,-0.44029850746268584,0.18219461697722558,0.0,0.0,1.0,0.0
0.12016922234444694,-0.1003218474412804,0.32654413859638254,-0.010566339893509668,0.0,0.0,0.0,-1.9552238805970148,-0.050724637681159465,-1.0,1.0,0.0,0.0
-0.4699482786073114,-0.08125149154680758,0.7721646751389415,0.04718659946409057,0.0,0.017241379310344807,0.9845897542690545,-0.18656716417910382,0.7494824016563146,-1.0,1.0,0.0,0.0
-0.36672514578960125,6.391715522529736,-1.0164885937849955,-0.7711753658456115,-1.0,-0.37931034482758624,-0.599750104123282,0.007462686567164684,-0.5351966873706002,-1.0,0.0,0.0,0.0
-0.46887797962276717,-0.16156210941920354,0.381752592180987,0.31757437822774665,0.0,0.1724137931034483,-0.5830903790087464,0.3880597014925377,-0.2598343685300209,-1.0,1.0,0.0,0.0
0.6610132126011259,3.169012909795566,-1.3792406712995884,-1.242993917271037,-1.0,-0.396551724137931,0.5014577259475218,2.582089552238807,0.559006211180124,0.0,0.0,1.0,0.0
0.7991647905197323,1.026185536756897,-2.3236611444489332,-2.0912476309148027,-1.0,-0.13793103448275862,0.1499375260308205,0.47761194029850795,0.2256728778467908,0.0,0.0,0.0,0.0
-0.16966832234526055,-0.1748339487076772,0.3787264073884088,0.2886335855519497,0.0,0.37931034482758624,0.21657642648896294,0.044776119402985454,0.2753623188405795,-1.0,1.0,0.0,0.0
-0.08396221305400886,4.113772574852817,-1.151399798905484,-0.8688104470914053,-1.0,-0.8793103448275863,1.434402332361516,-0.03731343283582077,0.8892339544513456,-1.0,1.0,0.0,0.0
2.4321229767085772,4.626665634160723,-0.8925496795515993,-1.2023423275830176,-1.0,-1.3275862068965518,0.24989587671803415,-2.3656716417910446,-0.31884057971014496,0.0,0.0,0.0,1.0
-0.31142322183314347,-0.1455561884463967,0.31839152227431156,-0.4538720892163356,0.0,0.9310344827586208,0.01832569762598908,1.895522388059702,0.23395445134575557,0.0,1.0,0.0,0.0
-0.16872542133310975,1.7757765950186932,-1.10836634004345,-1.4860877857391661,-1.0,-0.5,0.9679300291545189,3.343283582089553,0.6086956521739129,0.0,0.0,1.0,0.0
1.2459238228790055,-0.2170949364302785,0.43837127765892775,-0.021529360873616146,0.0,0.9827586206896552,-0.5830903790087462,-1.8656716417910444,-0.4824016563146996,0.0,1.0,0.0,0.0
2.1393670746669238,4.463460766874047,-0.9321122197406312,-1.0762328224722522,-1.0,-0.9137931034482759,0.7163681799250312,-2.4029850746268653,0.21325051759834357,0.0,1.0,0.0,0.0
0.4839546079274855,1.4627456319294656,-1.8754967243393832,-1.3620616457122943,-1.0,-0.08620689655172414,2.1341107871720117,-0.04477611940298479,1.7163561076604552,-1.0,0.0,1.0,0.0
0.2117821802464894,0.13563725103033505,0.31183370851696013,0.09129668596372684,0.0,1.3793103448275863,-0.031653477717617756,0.47014925373134325,0.5248447204968941,0.0,0.0,0.0,1.0
-0.0729987154209067,-0.172132660080998,-0.021187461829449174,0.06332654617612896,0.0,0.6551724137931034,-1.016243231986672,-0.4253731343283578,-0.9006211180124222,0.0,0.0,0.0,1.0
0.3695507580325646,-0.11241792806012635,-0.3356084421911398,0.16855316835540696,0.0,0.0689655172413793,-0.2515618492294876,-3.216417910447761,-0.5838509316770185,-1.0,0.0,0.0,1.0
1.0854634220831416,-0.15717021505878537,-0.23778583910928663,-0.12661223209977066,0.0,-0.7241379310344828,-0.9512703040399832,0.007462686567164021,-1.123188405797101,-1.0,1.0,0.0,0.0
-0.23958030079856055,-0.14250209091094085,-0.10466765160518215,0.13617863013563822,0.0,-0.9137931034482759,0.9346105789254476,-0.2537313432835813,0.55175983436853,0.0,0.0,0.0,1.0
1.3488791531806656,0.9072744240358792,-1.9973915800650812,-0.3392752514552869,-1.0,1.4482758620689655,-0.26655560183256977,-2.761194029850747,-0.03933747412008293,0.0,0.0,1.0,0.0
-0.09197861452035523,-0.1490772412151057,0.26660661505756894,0.18455343199143132,0.0,-1.3275862068965518,0.23323615160349856,-0.3955223880597011,-0.28778467908902694,0.0,0.0,1.0,0.0
-0.4804838688887291,-0.1282547833385642,0.2704023619671105,0.28057078670032964,0.0,-0.12068965517241376,-0.16659725114535612,1.6194029850746277,0.13975155279503101,-1.0,0.0,0.0,0.0
0.01772355951738341,-0.10302948902486066,0.06055117481842018,0.2534101561692796,0.0,0.3448275862068966,0.14993752603082025,0.7238805970149252,0.5828157349896477,-1.0,0.0,0.0,1.0
1.6377294924075656,1.016468801501951,-1.7868065865396083,-1.4853452356958077,-1.0,-1.4310344827586208,0.6997084548104956,3.582089552238806,0.04968944099378893,0.0,0.0,1.0,0.0
-0.14227482512694387,3.2833612183935372,-2.2651415759919815,-1.121722453306966,-1.0,-0.2931034482758621,0.5497709287796751,-0.3880597014925364,0.22049689440993794,-1.0,0.0,0.0,0.0
0.525949270180119,1.1589634599360787,-1.564293170859,-0.7643156401876395,-1.0,0.0,0.23323615160349856,-1.6194029850746265,0.2318840579710145,-1.0,1.0,0.0,0.0
-0.4878074211516358,-0.2307231522760509,0.2491548686078577,0.04080579968315506,0.0,0.12068965517241383,-0.01665972511453561,0.04477611940298479,-0.019668737060041463,-1.0,0.0,0.0,1.0
-0.2633728364953882,-0.15624077669663358,0.5032488676825957,0.3408725796923226,0.0,-0.06896551724137931,-0.39983340274885465,-0.15671641791044708,-0.3737060041407869,0.0,1.0,0.0,0.0
-0.10803054701067608,0.06868391761077255,0.6666021816894876,-0.01921902382875921,0.0,0.603448275862069,0.5514369012911287,-0.40298507462686506,0.49999999999999983,-1.0,0.0,0.0,1.0
0.47604495175553874,2.5170836952419773,-1.3630801181620116,-1.3597448399820267,-1.0,-0.8620689655172414,-0.21657642648896294,-0.19402985074626852,-0.5476190476190476,0.0,1.0,0.0,0.0
0.06091767390313145,0.23474501660402136,0.07401512897023045,0.31291797721112014,0.0,-0.15517241379310345,1.7509371095376927,-0.21641791044776057,1.3623188405797098,0.0,0.0,1.0,0.0
0.9546721613018994,-0.18394268481081252,0.7816478634392511,-0.007231806528781661,0.0,1.3793103448275863,-0.26655560183256977,0.29104477611940277,0.21739130434782575,0.0,0.0,1.0,0.0
0.5974112949134934,-0.18535099587557372,-0.05916247364423648,-0.3207550788651622,0.0,1.2586206896551724,-0.031653477717617756,0.44029850746268717,0.5248447204968941,0.0,1.0,0.0,0.0
4.331778448290276,3.3590159208911703,-1.4675944785860922,-1.8260096103130226,-1.0,-0.5517241379310345,-0.13327780091628488,3.82089552238806,-0.22877846790890258,-1.0,0.0,0.0,1.0
-0.037650676984581806,-0.10301201211828402,0.008917807279658867,-0.17889361725494674,0.0,-0.8620689655172414,1.0845481049562682,1.1940298507462692,0.6490683229813662,0.0,0.0,1.0,0.0
-0.13553929131099376,0.10427380689699033,0.4245174766868515,0.35342860907963597,0.0,-1.0344827586206897,-0.1832569762598917,1.5895522388059702,-0.3995859213250519,0.0,0.0,0.0,0.0
1.6387818586978422,2.412262929649553,-2.3436495159095916,-0.8154251536226448,-1.0,-0.5517241379310345,-0.13327780091628488,3.82089552238806,-0.22877846790890258,-1.0,0.0,1.0,0.0
0.1689451956145865,-0.09270441002381774,0.3338882659710585,-0.12427881539643774,0.0,-0.9482758620689655,1.051228654727197,-0.20895522388059656,0.5351966873706002,0.0,0.0,0.0,0.0
2.52950922151866,4.630175840561014,-1.2713314604596022,-1.7432130693572112,-1.0,0.5344827586206897,-0.982923781757601,2.402985074626866,-0.5476190476190474,0.0,1.0,0.0,0.0
-0.5566240711670289,0.04128371766173812,0.03433357860256137,0.23610696970112746,0.0,-0.5344827586206897,0.9496043315285299,-2.3731343283582085,0.5082815734989645,0.0,0.0,0.0,1.0
0.461495228338498,-0.05604793445525539,0.5748311939630096,0.4084868744847218,0.0,0.5344827586206897,-1.2011661807580174,0.253731343283582,-0.886128364389234,0.0,0.0,0.0,0.0
-0.5260681878265223,-0.1749079452090231,0.24315735328358365,-0.27709225939550136,0.0,-1.3793103448275863,0.2482299042065807,-2.0746268656716413,-0.3126293995859211,0.0,0.0,1.0,0.0
2.554281832369555,2.0784834472303144,-1.2346595959708666,-0.7065233918815034,-1.0,0.051724137931034475,-0.7496876301541024,0.29104477611940344,-0.5993788819875775,0.0,0.0,1.0,0.0
-0.3571928367489592,-0.11721958356627675,0.48154502345424044,0.08927575025564846,0.0,-0.22413793103448273,-0.18325697625989149,-0.6641791044776117,-0.6221532091097306,-1.0,0.0,0.0,1.0
-0.22246799121087993,-0.08062969182527839,0.5269312664349229,0.3131245052104099,0.0,0.051724137931034475,-0.7496876301541024,0.29104477611940344,-0.5993788819875775,0.0,0.0,0.0,1.0
-0.17441809706839714,-0.23083940721865984,0.16818084747427423,0.16126514563937477,0.0,-0.05172413793103449,-1.1178675551853394,0.49253731343283597,-0.8571428571428569,0.0,0.0,0.0,0.0
-0.4140592172347321,-0.22511897164531164,0.4149416571844416,0.1970543583406637,0.0,-0.48275862068965514,0.899625156184923,0.126865671641791,0.6521739130434782,-1.0,0.0,0.0,1.0
0.23018001407681116,0.9615461757473377,-1.0264897989877606,-1.575699020770516,-1.0,-1.3793103448275863,0.2482299042065807,-2.0746268656716413,-0.3126293995859211,0.0,0.0,1.0,0.0
-0.5111787928932432,0.005178542406904134,-0.07938218930435408,0.38660112970564603,0.0,0.3275862068965517,-0.3165347771761766,2.649253731343284,-0.003105590062111771,0.0,0.0,1.0,0.0
-0.3064703472872961,-0.20635446342285446,0.2635108802787883,-0.20425802832304193,0.0,-0.12068965517241381,-1.5010412328196585,0.3208955223880602,-1.2111801242236024,-1.0,0.0,0.0,0.0
-0.4058188930127239,0.11856475029754346,0.052186865377916364,0.07805872719585866,0.0,0.3965517241379311,0.7996668054977093,-1.253731343283582,0.7525879917184265,0.0,0.0,0.0,1.0
-0.3558474153725939,-0.12032921782379678,0.541949784810364,0.12234385043604308,0.0,0.5344827586206897,-1.5510204081632653,0.27611940298507476,-1.1066252587991716,0.0,0.0,0.0,1.0
0.12623660357277852,-0.06761122719906927,0.21039309146480215,0.5209439679105213,0.0,0.793103448275862,0.4181591003748437,0.23880597014925464,0.7846790890269147,0.0,0.0,0.0,0.0
