AL_freq1,AL_freq2,EK_score1,EK_score2,CAT_type,AA_change,Panel,Label
0.02691967366102515,0.030201292508256632,0.7205916293394553,4.1465783268426994,missense,E>C,Master,1
0.05879104433099928,0.037712418648603946,0.8346782554594196,4.314627889852913,missense,P>Y,Master,1
0.05067141053463338,0.20396221715566043,0.0636212051256021,1.6363576403303728,frameshift,K>W,Master,0
0.022938800658402245,0.009417030101147545,0.6640031786327726,4.277514898506436,missense,D>Q,Master,1
0.08677708694021814,0.002853725679796059,0.734070096314955,5.372155626211637,nonsense,L>Y,Master,1
0.10772400897985328,0.02396337471756345,0.6405817320274599,3.389871842580193,missense,G>T,Master,1
0.0691130504780974,0.015789519358088637,0.7975828573641792,5.569027605817002,missense,K>W,Master,1
2.4316521505804814e-05,0.02220778169079378,1.0,4.499795407050865,splice_site,E>S,Master,1
0.11480274224577074,0.48032221646040574,0.3115245526319191,2.467423631111195,nonsense,F>R,Master,0
0.06840312367015937,0.012250223292705562,0.8256360983738465,4.542652257523727,frameshift,P>S,Master,1
0.20929095609400017,0.22122162774047188,0.4309283985649007,1.4195186598750504,nonsense,R>Y,Master,0
0.2202726988208533,0.16263519824343498,0.07216357514725005,2.305691543185308,splice_site,T>A,Master,0
0.32976428138233255,0.34016709952032553,0.34217447170210297,1.2499463535829385,splice_site,R>E,Master,0
0.06270842363594788,0.0020006019329231917,0.8302613525946254,4.33573138895573,nonsense,H>Y,Master,1
0.17880902760960068,0.32322131003671634,0.0,2.9314995592761264,splice_site,S>E,Master,0
0.051697282961633416,0.011139914629705004,0.6320254673481005,4.639372877065032,nonsense,Y>M,Master,1
0.049113982451921175,0.036987241811374416,0.731541438085867,4.665836980817639,nonsense,W>G,Master,1
0.11844611075004724,0.1297927720824611,0.6050606584149183,-0.09365205185709802,frameshift,K>C,Master,0
0.18908678920414498,0.02140593697397659,0.8963737877173108,4.578162571977722,splice_site,T>V,Master,1
0.006369172244953871,0.0023676772166130486,0.797761534350319,5.054388330153617,frameshift,S>Y,Master,1
0.03555908214208014,0.002363642317462632,0.8363840434292613,5.217870030467441,nonsense,C>L,Master,1
0.11332289181735601,0.018830284719590314,0.9047176655002998,4.903237777501133,nonsense,S>Y,Master,1
0.03847875480443392,0.014668828182719838,0.8855735320860841,4.927099824306408,frameshift,P>F,Master,1
0.007098087794910726,0.019852757930655256,0.7605320291339497,3.4833504444799366,missense,G>I,Master,1
0.1405979271319167,0.06666119515775527,0.7707483806450659,3.3074956010145105,nonsense,A>I,Master,1
0.0421134241551709,0.0278434714769475,0.929171560752124,4.77839797341389,splice_site,M>P,Master,1
0.04924529853003973,0.27724722682974867,0.39831158388051735,1.76892253609122,missense,A>L,Master,0
0.07767767312436312,0.0015279988389638706,0.6699264929612665,4.538096210724361,splice_site,G>S,Master,1
0.015543740518447069,0.012052966624611236,1.0,4.336336279739282,frameshift,T>E,Master,1
0.04935546636524945,0.004623425452958735,0.8628730548259638,4.306441363210098,frameshift,T>C,Master,1
0.029650524533987956,0.00035608081384428514,0.7955291243240415,4.475247676967466,splice_site,H>R,Master,1
0.0029445737387250415,0.02574059445439118,0.7227326609339544,5.11319497196096,nonsense,M>I,Master,1
0.0682961668381543,0.014967620323047241,0.8428254397516863,3.4662383399007957,frameshift,H>W,Master,1
0.01668719345361697,0.027449858808522718,0.7589064923426139,4.70194404737031,frameshift,W>F,Master,1
0.21764896375589757,0.10178846182121633,0.7479930384462896,3.4380444596767554,nonsense,N>R,Master,0
0.006430142018118829,0.030167653221613383,0.6482048868156749,3.7217315328991876,missense,C>A,Master,1
0.005863166761696992,0.04042752399155957,0.8021605547591685,4.602222585261587,nonsense,N>C,Master,1
0.14874066412810275,0.012507730578553646,0.8020841482137773,4.797915932255274,nonsense,I>L,Master,1
0.0030394596778236015,0.047288826843726185,0.7821417730485775,4.622892508690595,frameshift,R>N,Master,1
0.2534020869777111,0.33968617911775273,0.4394774957423869,0.9542088041805334,splice_site,H>T,Master,0
0.07756124609890869,0.04060779828735751,0.7858859680556165,5.455947082248722,frameshift,W>N,Master,1
0.017191213927711786,0.007468216291385953,0.6435898236520721,5.3370097137186185,frameshift,S>P,Master,1
0.1047290967287682,0.29184535691809815,0.0818492568355507,1.4929683823017779,frameshift,C>D,Master,0
0.0711310722417497,0.02451902669246816,0.7811583153091274,5.706188326961923,splice_site,G>D,Master,1
0.06916698649565435,0.12050995107237064,0.2636531510292762,1.8902934669568077,splice_site,D>S,Master,0
0.06590984404751299,0.03382723930757586,0.7651892654798703,4.284117255503314,frameshift,A>T,Master,1
0.11426750054735899,0.00041291354496463667,0.7824541564958237,4.6206336876327665,missense,C>A,Master,1
0.4034429615077027,0.3987983792989431,0.040239289189627714,0.7487494000482406,nonsense,T>A,Master,0
0.05236630392228058,0.044300473936973304,0.9034799130526237,5.052107260409873,nonsense,T>L,Master,1
0.08519092264363749,0.13087103558845004,0.8216791277604494,5.338010729379965,frameshift,I>C,Master,1
0.016961762599738035,0.027406668218254944,0.7902107594827864,4.050313399329052,splice_site,S>I,Master,1
0.10344760820060135,0.040742126948602075,0.6857518101881578,4.605142281947614,missense,F>V,Master,1
0.01265111524231529,0.030285488079592433,0.8658820244689465,3.7508590953376735,nonsense,S>P,Master,1
0.019967151579288075,0.019822048609990567,0.820688252975679,4.6241127537051705,splice_site,F>R,Master,1
0.06252237763827649,0.009307481026893535,0.6200643318783527,5.281374392526506,frameshift,I>V,Master,1
0.014496465705535375,0.002538682331642501,0.7022353162845195,4.908742890328096,nonsense,F>G,Master,1
0.0064409100195922915,0.0017581773304079808,0.935973925503702,4.88559595266487,nonsense,N>P,Master,1
0.5057516417160655,0.31352927220582644,0.2827230031297003,1.2589882523406108,frameshift,N>E,Master,0
0.07899376199490128,0.002191621483261811,0.7570323872925405,4.823040468818864,frameshift,I>V,Master,1
0.009531680266179822,0.006628580180186339,0.8443675726888117,5.143384878187627,splice_site,A>T,Master,1
0.01376005558214187,0.010950402116263828,0.9112149062806598,4.226889792256409,splice_site,N>F,Master,1
0.036911248888074476,0.03183891696473427,0.9683972030069339,5.293098632539565,missense,A>Y,Master,1
0.3702405545944814,0.12064827471996896,0.3011570229653307,1.1954474487180713,nonsense,Y>D,Master,0
0.028500913389463665,0.35912542514021806,0.36011738492782625,1.9712184637135375,nonsense,I>R,Master,0
0.2166829524461908,0.12429630436047676,0.7413565449230202,1.6876560159492269,nonsense,Q>S,Master,0
0.0904818692605972,0.45245832527678004,0.21464270581531497,2.1043693710967704,missense,W>A,Master,0
0.027626351597371337,0.03640849367747944,0.8364711773208486,5.264941744202575,missense,F>M,Master,1
0.03527694195464708,0.062189018304331024,0.8412114300730602,4.783060473474954,splice_site,N>S,Master,1
0.009161934640762327,0.007463981145593297,0.7954814471574838,4.496573002549255,missense,G>E,Master,1
0.07148662023409727,0.17415239617965458,0.07035854160565799,2.070458585829228,missense,N>E,Master,0
0.01279465968084392,0.024458007904496242,0.9192477402507572,4.4642429953635085,nonsense,T>I,Master,1
0.10455851877602179,0.012144061285568558,0.8640056081032917,5.373038759147097,missense,C>V,Master,1
0.11207591881173477,0.022757694812490174,0.8492523446206357,4.274802779592275,missense,C>N,Master,1
0.262074086367809,0.346655405532344,0.26228162977873665,1.1966323760587534,frameshift,V>I,Master,0
0.030512404674710933,0.024068544240188287,0.805135875880268,4.04600412891094,frameshift,G>D,Master,1
0.05984141895935727,0.23998130391216277,0.10787736471743475,1.2761287393256486,missense,M>N,Master,0
0.13936292781777043,0.08928492262440406,0.3572556446163768,1.8467709393548213,missense,Y>A,Master,0
0.0856324296990552,0.1440797084055892,0.5576420942132166,1.9156022513547408,splice_site,W>F,Master,0
0.04853106934381863,0.008803457767040905,0.6609570994210191,4.079057824857328,frameshift,C>N,Master,1
0.10779218374102206,0.05738602931725465,0.8487086559115594,5.158123648580637,frameshift,S>C,Master,1
0.06997447495651592,0.002788371784585849,0.9958131615301776,4.252258159450346,splice_site,I>N,Master,1
0.014938345895519591,0.008603052310439941,0.9094166835615132,4.5450417387700535,frameshift,Y>I,Master,1
0.10392922473270172,0.0189236154348173,0.7998928866462586,4.656611995503282,missense,P>Y,Master,1
0.0037990862466840605,0.037929608338858466,0.9654634748402089,3.851142987692481,splice_site,Y>G,Master,1
0.4500795933941509,0.14710588734759533,0.043488661398942474,1.3205476198219044,nonsense,A>W,Master,0
0.027501794074464295,0.0072378565001671585,0.7954357146666206,5.021521263418191,nonsense,P>Q,Master,1
0.02277456580276327,0.003683135172633435,0.8491586507590474,4.679760531070236,frameshift,K>F,Master,1
0.011868760543673,0.056021710515735325,0.6557111425942307,4.01263240904379,missense,E>H,Master,1
0.1383430706915416,0.5002703336989706,0.2925564282672452,0.6049227854949009,splice_site,W>Y,Master,0
0.20863955467971845,0.004351796134067717,0.8005143140541849,4.510986647981608,nonsense,D>V,Master,1
0.06077143194809502,0.045528328874145825,1.0,5.267666858319257,nonsense,G>D,Master,1
0.02016658485917707,0.030696695415220215,0.7993396089516636,4.250767958729578,splice_site,I>S,Master,1
0.03665002733375545,0.008072947169996781,0.8302743792505043,4.840151446030238,missense,F>C,Master,1
0.40729265166843676,0.5541385003787545,0.4806335183989553,1.1226859370918731,splice_site,F>A,Master,0
0.15910104712102208,0.017915157809478107,0.8124778579677412,4.759818734134296,frameshift,G>R,Master,1
0.155643749973668,0.12130705924732561,0.2003354054115174,2.6503175946947457,splice_site,A>C,Master,0
0.08431118962332733,0.08508178903500066,0.8087964277474277,4.732480822753049,frameshift,E>Q,Master,1
0.023520412046381847,0.04870176819876085,0.7391846448379591,5.38711980902009,splice_site,E>N,Master,1
0.0051401936168149675,0.0019344456486595557,0.7886829351709936,4.271882997695752,nonsense,M>E,Master,1
0.2054558472758773,0.48634336765996694,0.2604941325061663,2.469685370174244,frameshift,K>C,Master,0
0.27937695477140456,0.1302460622314988,0.17083020234119628,2.596253200111451,missense,W>E,Master,0
0.02146893469579318,0.0229887103887503,0.8278385695320883,4.250867786779375,frameshift,M>N,Master,1
0.2665232415405137,0.05650952575159541,0.5714682991432567,2.424891693316246,splice_site,Q>Y,Master,0
0.11933495261550012,0.29148660917106634,0.15639338356554516,-0.11282417561141789,missense,L>D,Master,0
0.060668762355590586,0.021029217296146468,0.7606607562044265,4.6296921667214015,splice_site,T>F,Master,1
0.043907292309564486,0.02698606728486794,0.7480608677909457,4.55901385697191,frameshift,H>V,Master,1
0.004625137792794161,0.07293659738543257,0.9112326824390263,5.005065357174125,missense,S>T,Master,1
0.06117233255927413,0.011868800095730233,0.7723867913518835,4.374110462928691,nonsense,E>W,Master,1
0.013320149022531876,0.0055970332767015865,0.7655654095066292,4.959402323351179,splice_site,W>K,Master,1
0.14060480049442062,0.27744819998085657,0.10658282544009184,2.0663076115297847,splice_site,E>A,Master,0
0.010172265798031902,0.005044488343769616,0.6741802709973075,5.010829364098969,splice_site,A>C,Master,1
0.0040059092293989245,0.004369780297505906,0.776396580984396,4.626164986685838,splice_site,L>E,Master,1
0.13649948611111393,0.25437809668269923,0.4109264401281363,1.838658705212099,frameshift,A>E,Master,0
0.03126233622292588,0.04415267069249515,0.7993321426947329,4.99261008640455,splice_site,L>T,Master,1
0.05504061191930884,0.002764131790810381,0.7965187685242048,4.328386965647662,splice_site,N>E,Master,1
0.03658610431144899,0.015330566871884237,0.7162020785320682,5.365407596522371,nonsense,A>Y,Master,1
0.04022991110205042,0.010054603773589526,0.7673582373851905,4.058277947119075,frameshift,D>G,Master,1
0.03513311186694612,0.017509361759268167,0.8417080498008646,4.230736773215761,frameshift,K>Q,Master,1
0.05498924247691475,0.0019772318980011386,0.7630756108384243,3.1638963077643254,missense,A>L,Master,1
0.016365488797724478,0.07344208848351923,0.8300968376642411,4.182602258947879,missense,D>E,Master,1
0.3035186566430626,0.31584350801518024,0.23438592592706464,1.1691194285397861,nonsense,N>H,Master,0
0.2238913350021742,0.6013946427705597,0.15354351791395948,4.389080050252536,nonsense,D>Q,Master,0
0.2007821414905756,0.1877322201837734,0.2620496885480634,1.9643375520769928,splice_site,D>M,Master,0
0.022605849484676466,0.008588449114415383,0.8310186516828705,4.51061653288791,missense,L>R,Master,1
0.1361234125931586,0.37877523082927994,0.17692153484902456,0.5210645823513832,missense,G>L,Master,0
0.08762019197893622,0.03995639368167798,1.0,3.825413947928242,splice_site,E>L,Master,1
0.0031373262368612465,0.00030973632920010193,0.8706520773420627,4.542597964985394,nonsense,D>T,Master,1
0.00492465521734968,0.03626503546416614,0.7455427068176209,4.386677688216846,splice_site,Y>Q,Master,1
0.04950217966487243,0.03333063747714646,0.6888834701100015,4.061623884264384,splice_site,K>W,Master,1
0.23141347562512968,0.29314326194894863,0.2963666237189091,1.2587890843690441,missense,G>R,Master,0
0.005173271515886357,0.0027912678028201863,0.8590688044844191,3.0529074712142084,splice_site,D>Q,Master,1
0.05659337414837777,0.010703026045625105,0.863496287361255,5.410290134132483,frameshift,K>W,Master,1
0.026332669920693184,0.030971233375567623,0.8967429419154058,5.6985119591005935,nonsense,A>C,Master,1
0.1447907306793177,0.13390730237155546,0.0,1.9808661904862113,nonsense,S>Q,Master,0
0.0942098065533671,0.0293326922334631,0.29287228781366625,2.2442333674316948,missense,E>I,Master,0
0.1252844703111238,0.005843614282341419,0.7321295867888389,5.780648888385553,frameshift,C>A,Master,1
0.3486058749260328,0.49446696815317726,0.48505810993709964,2.2201645227603954,nonsense,R>I,Master,0
0.06678218095993106,0.04805391858592472,0.7832863915837165,4.585399451966901,splice_site,V>L,Master,1
0.03946457177156569,0.006957276110319708,0.7875922773896961,4.172907837119836,splice_site,N>W,Master,1
0.06756066571770694,0.013669316469494971,0.7406270806314259,5.247002623853773,frameshift,D>Q,Master,1
0.008372111560271655,0.002412847161780824,1.0,4.2119874147616665,nonsense,Y>I,Master,1
0.012718021809558415,0.04194982180447121,0.8651841571980357,5.1205671600074005,frameshift,E>M,Master,1
0.2393032361509724,0.27741958776141695,0.0,1.9210286949455835,nonsense,L>T,Master,0
0.16199139361758336,0.02623306146962586,0.19509265219998034,2.4442542713421,missense,K>V,Master,0
0.018253851603637825,0.009359691089152102,0.9128545777531187,4.52930196976286,splice_site,L>N,Master,1
0.03588871409890111,0.009541780390892322,0.6578330951940968,4.6769884425318375,splice_site,G>F,Master,1
0.1664515512546467,0.4451338590052547,0.0,1.0897449524349252,missense,M>C,Master,0
0.05841512295263618,0.004412577207273187,0.8251869448318025,4.256931766575584,splice_site,V>M,Master,1
0.010547549060121668,0.04390592493249979,0.612594449726878,3.573828748445062,missense,Y>K,Master,1
0.3218124819708951,0.11799248017746239,0.3097367769803087,1.8013734782954869,nonsense,M>H,Master,0
0.3028344590527801,0.34012663995901743,0.231946064409166,0.9453360763184947,nonsense,D>F,Master,0
0.0832741742816115,0.018631686667876162,0.846326956914752,5.116433395693357,splice_site,E>V,Master,1
0.1476812783423849,0.4057130031385227,0.312615535085848,0.4849019259153766,missense,N>K,Master,0
0.002941633447130886,0.0008562179190052314,0.8660488982345698,4.979017634314415,frameshift,P>C,Master,1
0.1519861010546234,0.07377308816656393,0.2541819793233693,1.6492918608588554,nonsense,K>P,Master,0
0.06357481392547315,0.45999056463283683,0.16345143103915302,1.5350513542654087,splice_site,P>M,Master,0
0.02276420088824716,0.002756363185442852,0.8210926161963931,4.241975921949111,nonsense,S>I,Master,1
0.020428881480642615,0.04919490981593761,0.989557477322856,4.595439967959354,missense,P>H,Master,1
0.07035721593275611,0.1697719340033571,0.28361754085487834,1.8844237300175681,splice_site,A>F,Master,0
0.04385927810374598,0.010458854199271094,0.5004733109200383,4.179950174141546,splice_site,I>D,Master,1
0.047599300576952074,0.0171678278866936,0.7597331788763269,3.932304338063384,missense,C>D,Master,1
0.024130819261367526,0.0004905008795884489,0.7783207968312071,4.42551416761782,frameshift,R>H,Master,1
0.0874070400505655,0.21472633340287525,0.021497486572304325,0.5062773193667117,nonsense,D>R,Master,0
0.04747473407434599,0.024395900921035683,0.652188628561231,5.189114923335075,missense,M>R,Master,1
0.0022869569476742886,0.029734565244342908,0.7699164713044968,4.681255505672087,splice_site,G>Q,Master,1
0.02403448507765838,0.024541623091223885,0.7165805906126218,4.960377282628619,missense,C>D,Master,1
0.025969242776388596,0.01974770024751308,0.8488520138474009,4.769017419577231,missense,V>M,Master,1
0.047424682835105085,0.006562647813166871,0.7056398284080669,4.676375112629436,nonsense,M>G,Master,1
0.002411616403158434,0.010252672995429977,0.7196469038572908,4.330906641508766,missense,A>N,Master,1
0.13509289297944985,0.18454882762872996,0.2623046362211017,0.5918718962513398,nonsense,I>C,Master,0
0.03353161332306682,0.009350407629013626,0.739403701605249,4.514810570978458,frameshift,C>Y,Master,1
0.07465655191140931,0.016343692367224494,0.8285281951167495,3.454019852486789,nonsense,A>V,Master,1
0.005505472909041124,0.0044804442446218255,0.6751418310900236,3.811479905281471,frameshift,V>T,Master,1
0.15577998057902878,0.007402982826010267,0.7687868632458713,4.580072082457687,nonsense,P>E,Master,1
0.07515946767384846,0.004596445182288293,0.8338594433115863,4.87723291446756,nonsense,T>E,Master,1
0.1478287133052925,0.15991388280175514,0.2449635125227308,0.46605666991990957,missense,G>D,Master,0
0.23288852148403102,0.250324034694348,0.1819886652943885,3.158605365346313,frameshift,A>Q,Master,0
0.032864708766294076,0.00832900760892445,0.571671954247277,4.4263118874010905,missense,Y>I,Master,1
0.4283798373167688,0.11418559314261933,0.15352345088098399,1.845364628257184,frameshift,F>P,Master,0
0.005626688552868258,0.02513965553029484,0.8344000106305036,3.5345831996379586,missense,M>D,Master,1
0.046163730528123705,0.037458448189629075,0.8299183460813799,4.878276450351241,nonsense,R>M,Master,1
0.015897563784493418,0.01860904313106063,1.0,5.15193707296569,nonsense,V>S,Master,1
0.04736728203632082,0.0051850544354608485,0.7469419644352792,4.437412539852569,nonsense,C>Q,Master,1
0.05832894164403197,0.1564416580795025,0.5106139435189825,1.6447502616031995,nonsense,Y>I,Master,0
0.005536369375694394,0.005341601204561322,0.8016707384737976,3.7352961383841845,splice_site,R>P,Master,1
0.22135791197516436,0.0916594711979646,0.029243447841703685,1.2452771407567256,nonsense,K>Y,Master,0
0.11016452368162491,0.21506264211153048,0.18621902938211504,1.0098126599881945,splice_site,V>R,Master,0
0.002434137614015534,0.0058015440061079514,0.868810802440427,4.706612724843017,frameshift,I>F,Master,1
0.29943038869790606,0.1560806538894896,0.21719895297231906,3.0331634568130825,splice_site,Y>R,Master,0
0.019554038432962564,0.005621035450980809,0.9015856518992977,4.441891368374306,missense,G>N,Master,1
0.08565940166136417,0.03394172339467171,0.6243769765520424,4.550868602919963,missense,M>V,Master,1
0.025420145542007985,0.04635885927146906,0.9246164997877946,4.766186005648362,splice_site,P>Q,Master,1
0.03243284665946471,0.033298769927668205,0.7921174120526545,3.748787701178224,frameshift,G>C,Master,1
0.04072090393811704,0.024557668824877057,0.7763182156963142,4.492443204957026,missense,V>G,Master,1
0.023555526001767153,0.006119082116191228,0.9688157052902792,3.8261576000262587,nonsense,I>W,Master,1
0.25835538022334203,0.17036248133893783,0.2970059163938092,1.8084217014734238,frameshift,L>Y,Master,0
0.08736136020932239,0.0026899694418539353,0.5983705689576835,4.614793698487851,frameshift,A>L,Master,1
0.07140420369287409,0.21308584133683706,0.0,2.6448158241002044,splice_site,D>S,Master,0
0.03535324357993764,0.008678568636759481,0.9477926736159537,3.844428089106512,missense,N>S,Master,1
0.05529225727162937,0.3599497435517005,0.35931676743016056,2.6605679393075388,frameshift,V>C,Master,0
0.007017034270725869,0.0002791334385126316,0.7872003024786606,4.2873758271352465,nonsense,T>D,Master,1
0.000961101713416815,0.01282023658021979,0.8303153828376274,4.193800070197144,missense,S>W,Master,1
0.013680340672353684,0.041908964893394456,0.7372337303973304,4.093320031775554,splice_site,W>R,Master,1
0.2836578763798099,0.4924555453268959,0.14154480916570572,1.2681424729052826,missense,C>T,Master,0
0.12597068689390237,0.016183942857665036,0.7381967926093943,4.501886928277603,frameshift,I>K,Master,1
0.12740011158076534,0.12055833748822792,0.25001630303209427,1.5355583350204054,splice_site,D>M,Master,0
0.04437276429453773,0.000274322911175059,0.8906648385809284,4.53091583600906,nonsense,M>F,Master,1
0.16312699833394745,0.00045242309823812947,0.7136401607268182,5.102000565042825,missense,D>N,Master,1
0.1635704019549301,0.34718999136689055,0.10677469537418197,2.6032891225348536,splice_site,M>H,Master,0
0.16904031627937244,0.1870732874632717,0.427872568697326,1.7308877210387945,frameshift,D>A,Master,0
0.05762835990649765,0.055596284710573804,0.7478911037869084,4.539536928981307,missense,M>H,Master,1
0.04719748359433146,0.015308972005533198,0.9160952690742562,5.154169183527164,nonsense,S>Q,Master,1
0.06726906677298357,0.2806326562117153,0.12877983451255387,1.9598611875694898,missense,D>K,Master,0
0.10154159910829184,0.023373969393704275,0.7141413774370015,4.313520744893437,splice_site,A>N,Master,1
0.1004214140620537,0.003533365660006348,0.9400099811827815,4.810046598793433,splice_site,R>S,Master,1
0.03966398060481974,0.03191747024402165,0.6867392709478747,3.756918862696692,frameshift,G>K,Master,1
0.004497511189493386,0.040681966010628415,0.7612946973766272,4.396026200562976,nonsense,F>G,Master,1
0.06401676653148375,0.031715664029775895,0.9240383434605423,4.97152032078052,missense,G>V,Master,1
0.06706130584484946,0.04833238389609371,0.9037466669565044,4.893814679477478,splice_site,Q>A,Master,1
0.011134232180869215,0.005737365830487683,0.9367651303935973,4.4132567046430236,splice_site,R>S,Master,1
0.48999278272144636,0.3303334496164669,0.31124906751463577,2.4172632490522963,frameshift,N>R,Master,0
0.03145825641689783,0.011455392601032148,0.646777821275969,3.932936168760784,frameshift,H>P,Master,1
0.052067034392301,0.013981792777796802,0.6868910254831159,4.5787587486664,missense,G>C,Master,1
0.17218236136222875,0.004722164381238282,0.8452005368582448,4.909454153173642,frameshift,D>Q,Master,1
0.05833057127099497,0.33222314421363647,0.12785240230537934,1.3205929668484115,nonsense,N>L,Master,0
0.007862279360149785,0.04701466756249731,1.0,3.7673298082775166,nonsense,S>F,Master,1
0.02850704761613541,0.001684773040710282,0.7873858450122683,4.816857950362597,frameshift,S>N,Master,1
0.10805709852898705,0.0053502474835391495,0.7767400761564515,3.6661082697262612,splice_site,N>D,Master,1
0.012930323583777253,0.028248767460441422,0.8029174426768096,3.6900400984057833,missense,K>C,Master,1
0.06276344868523313,0.021888399411861683,0.8334299963751008,4.834522371235266,missense,F>K,Master,1
0.032995101562469945,0.0198115891015107,0.8120349915377172,3.9662915070556557,splice_site,N>D,Master,1
0.05186359209464226,0.04324128679554992,1.0,4.431932075566513,missense,G>F,Master,1
0.07271832030119327,0.00883392224216326,0.8850004267969593,4.723223391652389,missense,G>C,Master,1
0.003461081055453403,0.013633935591052169,0.808004126921526,4.408650114039056,splice_site,R>W,Master,1
0.17495832396320618,0.019596941612534554,0.7076599527474919,4.004643239305953,splice_site,C>P,Master,1
0.011275899754138884,0.022348162378118968,0.9817310819725608,4.795670660586353,missense,E>P,Master,1
0.010565381170169433,0.022390353964824812,0.6870184969735438,4.723633279125535,splice_site,M>P,Master,1
0.08613716749040161,0.013816477273827477,0.8191362254111612,4.390128125989093,frameshift,R>A,Master,1
0.02230887094437629,0.3173512757194442,0.39219172837146044,1.6121440248012742,splice_site,I>R,Master,0
0.16633494369748003,0.2130795446395376,0.31977744317103673,-0.3479748803507521,nonsense,R>E,Master,0
0.01431260609189593,0.03984133480426796,0.6940578592917943,4.727951316583823,frameshift,C>F,Master,1
0.0024648731448585564,0.04526424793060929,0.7823099909509158,3.5307365815301233,frameshift,M>R,Master,1
0.043643516230448466,0.048824343787415916,0.8720357498393508,4.521902278303608,frameshift,K>L,Master,1
0.007699359018352906,0.007633699293689768,0.7725888524619279,4.825966700515014,missense,L>S,Master,1
0.002453708980872393,0.008954045295002695,0.7341886506908306,5.086063154794691,splice_site,Y>G,Master,1
0.013611103100700088,0.02325331057540271,0.6958568730135458,4.985863154880251,nonsense,H>Y,Master,1
0.017841625046707436,0.0004943296690113165,0.835440656747434,3.5162314573154387,splice_site,I>T,Master,1
0.048245347052113204,0.028360063366506802,1.0,4.6235428278437025,splice_site,L>W,Master,1
0.07592272922832718,0.007946338074612164,0.7574807046727117,4.143979672290988,frameshift,V>W,Master,1
0.07550960591029669,0.12962164113869018,0.506352380899925,3.4375643844281947,frameshift,M>G,Master,0
0.08927229264412136,0.07458349667885603,0.16058421743986062,0.9778109715491901,missense,C>A,Master,0
0.016827443745478204,0.04143638321701163,0.6994304912681807,4.976295253976023,splice_site,E>T,Master,1
0.07952368706625834,0.0036794731799002223,0.8131522730078157,4.898155041426768,splice_site,G>W,Master,1
0.034687556854003036,0.014192910264410993,0.8775230728837754,4.412345839917986,missense,N>F,Master,1
0.24945488504410937,0.0315392196357602,0.6007814433650787,3.841450901622511,splice_site,W>T,Master,1
0.09199582488664407,0.006787533586383873,0.8401466858481546,5.398772422342994,nonsense,A>Q,Master,1
0.02676871271868309,0.01100313470641229,0.9279614119177748,4.757070495380361,splice_site,Y>F,Master,1
0.026747697542842664,0.009502167013030255,0.9075594908198331,4.439440300938677,frameshift,L>N,Master,1
0.03299441900587212,0.00911717477092089,0.659707092758689,5.623094006779133,nonsense,I>A,Master,1
0.007742602814303793,0.03567283346043481,0.7771119836842059,5.669998160966224,splice_site,L>N,Master,1
0.006788390466162356,0.012027084144133778,0.9654513280865034,4.829534014401243,nonsense,T>F,Master,1
0.17434722966965344,0.24799643453050887,0.4628679629135747,2.927131358546519,nonsense,M>R,Master,0
0.024847631824396216,0.013791758906375694,0.9672989702844953,4.615896381312963,splice_site,R>G,Master,1
0.061637396368025135,0.008803503340429975,0.7218440140775415,4.533089415932552,splice_site,P>C,Master,1
0.061399521298686234,0.010882879436666019,0.7370175195753591,4.117173357377311,nonsense,H>N,Master,1
0.006580627771367265,0.010697483362177818,0.7609732469068382,4.0848689246399745,splice_site,E>C,Master,1
0.01814701581958771,0.021688267683793595,0.7008557715603844,4.758742451440221,nonsense,C>M,Master,1
0.03641450205213249,0.01822361874921334,0.8835969924272278,4.494448704688583,frameshift,H>D,Master,1
0.010173025217373432,0.004355490117431997,0.7364738615441392,3.966673315540613,missense,H>T,Master,1
0.0030040556514528494,0.012682302946226147,0.7887029524050932,4.5759095463718795,splice_site,A>K,Master,1
0.09779824341384889,0.09846253405347176,0.3534421310290111,2.700528679568025,nonsense,E>G,Master,0
0.030376930214182925,0.001954568490607304,0.7356846002798889,4.18043039110748,splice_site,W>F,Master,1
0.07249637069510528,0.09072331900740355,0.24417882872801067,2.0275668195514838,splice_site,K>Y,Master,0
0.03487443153154749,0.0029984223073450784,0.806887463951377,3.626057702669072,missense,V>M,Master,1
0.09732779656021744,0.0001194119395488949,0.8627398485621341,4.366530156430187,nonsense,Q>A,Master,1
0.26754618659935087,0.0481369665335586,0.551809000812781,1.618838022169034,splice_site,I>T,Master,0
0.08805541306527445,0.005842937243124364,0.8160692867464905,4.770525492030831,missense,C>K,Master,1
0.08768861357850491,0.236448154537431,0.7095303807793699,0.6793651320594071,splice_site,P>E,Master,0
0.00874458129824651,0.06462289962217799,0.7920934980512628,4.668786866719507,frameshift,S>N,Master,1
0.016444503320799875,0.009301937446509138,0.8617620665084651,4.100059667243327,missense,A>S,Master,1
0.10252256713578325,0.12175828384115588,0.4222212190892048,0.9349362346429664,nonsense,Q>R,Master,0
0.07696814990100467,0.01900619300840889,0.744847259989837,3.6517087299787034,nonsense,R>P,Master,1
0.04261046591996297,0.06721009439560122,0.6961500662385773,5.032707389119176,frameshift,C>E,Master,1
0.0015751535680333204,0.04610868434974779,0.8001655855621952,4.537425906107809,nonsense,E>M,Master,1
0.03941089807722108,0.018177837692782268,0.7719130754202342,4.187642916573362,nonsense,H>I,Master,1
0.016491118128350194,0.0031989519769498958,0.8146747472205226,4.95314056008801,frameshift,S>N,Master,1
0.056911333816337985,0.012793378162314635,0.8455968399880589,4.269738289419343,missense,K>G,Master,1
0.0014525152004808588,0.005221040486875577,0.8852015034908495,4.387008398323876,splice_site,L>M,Master,1
0.08686205761131037,0.04196646449347714,0.890511918316939,3.6596101875446743,nonsense,D>F,Master,1
0.05220874597438778,0.12836461012055375,0.0,1.6127287027095578,splice_site,M>A,Master,0
0.014739301836976236,0.007110131466392738,0.5066229352770524,4.930824431161576,nonsense,W>L,Master,1
0.4381781790392995,0.19085317008402675,0.3962990641134249,3.0834668947071027,frameshift,E>R,Master,0
0.018379125066954924,0.012444968919659901,0.7215888465943762,4.733234845468153,missense,V>K,Master,1
0.2812719842232052,0.08578162374759936,0.23528178574379366,0.250925613520089,splice_site,G>S,Master,0
0.05707460790503017,0.011738945531383832,0.5952833114836529,4.2515504764237,nonsense,G>Y,Master,1
0.023480274177127534,0.01403385675527026,0.7126947440322773,4.892268118764917,nonsense,R>S,Master,1
0.08643305954097939,0.2365228872789524,0.6421617088228633,1.334380831451175,frameshift,D>K,Master,0
0.2868326681679434,0.23168625451913935,0.15087590656556527,1.7424130339799704,splice_site,R>C,Master,0
0.05136593195911436,0.0041869595057810105,0.6465819039312779,4.851251509531679,nonsense,R>C,Master,1
0.018309925161455732,0.012013494468147957,0.7508589583310438,4.954295547593776,frameshift,F>Q,Master,1
0.03893166505629312,0.5210868024465314,0.05903713181250897,-0.19955611447468669,splice_site,D>R,Master,0
0.11025753562320767,0.02036786613795072,0.7508736972338679,4.452614663997434,missense,D>R,Master,1
0.07147443512471603,0.3599329672916148,0.35875733765494455,1.5972400662281234,splice_site,R>T,Master,0
0.0407442468038876,0.021212586193428893,0.6651965748454971,3.719561146759596,frameshift,A>G,Master,1
0.20717930611472626,0.4364225952550375,0.7422485900565123,0.4457512504078778,frameshift,R>P,Master,0
0.03801264994162456,0.004545957847594519,0.7891413523172057,4.788178008806904,missense,C>P,Master,1
0.011687619606428605,0.03393517371606807,0.6591015700048266,5.096384500823548,missense,T>Q,Master,1
0.024184586911626,0.0065197630814570464,0.6997890895366226,4.711059057452231,splice_site,W>G,Master,1
0.050591502401187656,0.014443413524684513,0.7932883612464889,3.4607401255547385,frameshift,S>W,Master,1
0.10662432191651426,0.5541673014893483,0.176075249062142,2.0412390083223606,missense,H>F,Master,0
0.004143104085773835,0.0489311376545334,0.7049958119734183,4.376588334761721,frameshift,C>E,Master,1
0.12129399136041712,0.27174658510212185,0.315623138496693,2.8187300861555897,missense,W>H,Master,0
0.2526278537529963,0.3403225083242689,0.0,2.611820236256629,frameshift,T>C,Master,0
0.35931452997346897,0.390835541831471,0.309577756535043,0.7384569218589975,frameshift,E>S,Master,0
0.08664271827272695,0.009624119465378748,0.8037647372169361,4.693913671004479,frameshift,H>E,Master,1
0.08404172084995783,0.01737265312732429,0.7091347718084542,5.017349848043641,missense,T>C,Master,1
0.07602319217491235,0.012203594065343442,0.7330643903749705,5.027899119233286,nonsense,N>H,Master,1
0.06694873929716547,0.04078527174399431,0.7820671972126969,4.969195667029793,frameshift,C>Y,Master,1
0.03414092398111463,0.0005836608829569036,0.8850936927775781,4.950688358214459,frameshift,D>V,Master,1
0.049477824877177085,0.4242355224233933,0.14955309269451147,0.01579956835786911,frameshift,Q>C,Master,0
0.0255771816783298,0.007833090270286305,0.8072360389908385,3.6292151748744375,nonsense,Q>H,Master,1
0.11097297781495097,0.21643982306283863,0.29441044574434144,0.7181849107015946,splice_site,W>T,Master,0
0.041025569860140526,0.10114693570037242,0.7812518512508718,4.556510355149414,missense,Q>K,Master,1
0.03557105867695511,0.02021993570688523,0.7856475330577044,4.829512976010548,nonsense,A>V,Master,1
0.027048435563974245,0.00014441321465301273,0.8862057590546546,4.6398838538641085,nonsense,I>A,Master,1
0.1453379948967107,0.14438462771820598,0.44943731802501863,0.854462331352174,nonsense,V>T,Master,0
0.07210454785440133,0.018214942244938172,0.9613358929079485,4.268584738284814,splice_site,C>P,Master,1
0.11703833384868677,0.2650017587882917,0.24560000553837275,1.3599318797810354,nonsense,S>E,Master,0
0.0023866425863296246,0.015452366491978387,0.818145900694254,4.454309369786029,frameshift,I>L,Master,1
0.089074550167906,0.18773131659903788,0.15506515766353904,1.9739368059098454,frameshift,H>Q,Master,0
0.13093873111930793,0.013534475154734174,0.932240432481173,4.659250426499087,nonsense,A>D,Master,1
0.004854040521636797,0.024625155561880597,0.6782500673784134,4.858584987306645,missense,S>N,Master,1
0.03629518050658681,0.018973308948382516,0.8040428939833467,4.464942927960984,nonsense,D>T,Master,1
0.026221547103332913,0.0007873846718696856,0.8558558153281572,4.209466349969988,nonsense,P>K,Master,1
0.1536392707029681,0.29298952935225003,0.4273084076151335,1.1914277047692736,splice_site,T>M,Master,0
0.06253603073942597,0.019429018790538648,0.7788089406522519,5.360846306067571,splice_site,I>R,Master,1
0.015578276420179683,0.012047740486622471,0.8962607274076653,4.646299222870415,frameshift,L>A,Master,1
0.013291170290612645,0.05624850294927419,0.7481374998735617,4.202589844772962,missense,L>H,Master,1
0.03194834953172833,0.0012517903043175417,0.8314289315478708,4.13119081871328,splice_site,E>V,Master,1
0.20195956507304688,0.22562377234826692,0.17434030159644937,3.1046146356077093,splice_site,E>T,Master,0
0.010721469183108949,0.0006049126957994789,0.7201479607815973,4.300830688655624,missense,M>K,Master,1
0.09163712508707648,0.009763031208308412,0.49894774836864836,4.203833897572986,nonsense,V>W,Master,1
0.07376896409056352,0.00031162391116194583,0.7093271034649906,4.516800853676778,nonsense,M>S,Master,1
0.015831524903138994,0.010909009250331444,0.8128728680739649,4.702677084664567,nonsense,K>Q,Master,1
0.29526109633436076,0.5144478570742659,0.45462637276064494,0.981242677302463,missense,T>F,Master,0
0.275662370493043,0.04684518460277379,1.0,3.7713476155072323,missense,L>E,Master,1
0.020700014752417204,0.006750250520495038,0.8106544676434374,4.060932463463678,frameshift,C>R,Master,1
0.07807141870696048,0.017383765267367127,0.7283805486386674,3.834325279312393,splice_site,N>R,Master,1
0.019690858213907772,0.035419560016243405,0.6154576115195465,3.978250252452621,nonsense,P>C,Master,1
0.03226901534364657,0.0007895784954511405,0.8831733138348178,4.569584230866311,nonsense,E>S,Master,1
0.013668098478280377,0.03928551466992502,0.8523160033402163,4.442014373619268,nonsense,M>S,Master,1
0.018220264537814057,0.11925236182067946,0.3067103193636485,1.6968941835603233,frameshift,D>A,Master,0
0.023961321750826353,0.0047164964214144725,0.8768116952430695,5.083695339350576,frameshift,R>D,Master,1
0.0273212058370358,0.0010926785139343707,0.9087606985198954,5.5668228023409485,missense,C>G,Master,1
0.1930979954554692,0.20594331033656071,0.19174110217231424,2.1006656874774525,missense,I>N,Master,0
0.05352891445599531,0.004379952188968819,0.9480992404117493,4.440288419632079,missense,L>Y,Master,1
0.03272462338296085,0.022848778120791946,0.6771220649094987,4.376194231779275,splice_site,E>L,Master,1
0.004270840024143271,0.03522479095197101,0.9031738980514059,3.328876564796351,nonsense,A>R,Master,1
0.05221555796980148,0.010985839258008188,0.7411307475308009,3.9427463659529653,nonsense,I>A,Master,1
0.09987672764534387,0.3284268559181334,0.39737719006011435,2.0423706316794674,missense,A>N,Master,0
0.3324359837125692,0.47576719542483603,0.2023107817322698,2.2886814232012043,splice_site,C>G,Master,0
0.2521050583628617,0.07133548804416762,0.32831185337915886,0.6360541744825285,splice_site,E>C,Master,0
0.033316043208600855,0.000756873455556133,0.7864869992924298,4.937046701382474,frameshift,Y>S,Master,1
0.027213066542145108,0.0039319556115924885,0.8551398342778243,3.650786545381325,splice_site,S>H,Master,1
0.03576453163179569,0.04245857027326825,0.8686288541731814,4.362018451772499,splice_site,I>T,Master,1
0.04355145687266795,0.014177691675594404,0.8455045094242222,3.7080522044560755,nonsense,C>G,Master,1
0.08591663458776225,0.008686382724534536,0.9113000699138681,4.275066849644916,frameshift,Q>M,Master,1
0.012453273352183528,0.013214228332733375,0.7693227315336371,4.843686621118752,missense,K>C,Master,1
0.06313943530699553,0.22675563779608848,0.43454409757202817,0.24063228351830435,splice_site,Q>T,Master,0
0.09812550019375878,0.029906372779744055,0.8016906195590113,5.1142588032074565,frameshift,R>E,Master,1
0.04470649937591944,0.0016693697274745192,0.8310175827182839,4.677295139302341,frameshift,R>A,Master,1
0.01999969270210374,0.007593549582771026,0.8328534753913949,4.801267682793433,splice_site,S>A,Master,1
0.0035899099614691097,0.0026888358951788005,0.6748301951479858,4.637465390535044,missense,S>V,Master,1
0.02050451696284046,0.007359441908289738,0.8121033878502742,4.521826367151481,splice_site,F>A,Master,1
0.04520379430271579,0.007512624636163385,0.7417070504400733,4.783620853403452,frameshift,S>F,Master,1
0.29597677159677177,0.0017883111291270813,0.7786322829411785,4.276092498064117,missense,L>K,Master,1
0.11869689966019203,0.015862649292247198,0.9053310279641871,4.234062103548865,frameshift,Y>K,Master,1
0.01751722147480481,0.0027243093431452647,0.912859406747858,4.391306900291747,frameshift,V>A,Master,1
0.0986074932863224,0.09782803860234104,0.43503288019765873,0.9381622294470114,missense,H>L,Master,0
0.22751511241816225,0.0019302176315151626,0.925532318953094,4.173154656501872,splice_site,V>M,Master,1
0.025492034311488873,0.0547146027492149,0.8193655316631493,3.746599177582355,splice_site,D>K,Master,1
0.1667369870759915,0.5309640274226414,0.26588146704198623,2.837327549318889,nonsense,V>M,Master,0
0.024233087344685877,0.3684025779453813,0.23265139399042084,1.3548609111055203,missense,G>S,Master,0
0.027987623110611756,0.0017185772429644255,0.8322670630742012,4.032301370008853,frameshift,S>P,Master,1
0.13049156626387814,0.4364052938216747,0.1992138640077321,0.571701617866028,missense,N>C,Master,0
0.10443505497504373,0.005517768670956664,0.9103173938793641,4.457935208425382,frameshift,N>Q,Master,1
0.0055185983862606515,0.007032900466204124,0.9455498292078943,4.343419238559943,nonsense,P>R,Master,1
0.024299919716283994,0.010945738153444972,0.9396597846223178,3.237019359115311,splice_site,C>Q,Master,1
0.036796586688212764,0.02044994298699368,0.8382131275890804,5.017782533888705,nonsense,A>S,Master,1
0.18715937917912423,0.3269649580485592,0.15925260865500743,1.7038553746775986,nonsense,Q>V,Master,0
0.06957955023723365,0.014734470250432227,0.7776330725802084,5.302599007604763,nonsense,T>P,Master,1
0.04047624466643681,0.0032081318041578457,0.7248976608609476,5.144796809812379,frameshift,R>A,Master,1
0.041613616050014374,0.037860223745448625,0.8055739773326368,4.3931848457573075,nonsense,R>Y,Master,1
0.04992353817906808,0.023998702580508097,0.714723213743007,4.040420670762999,missense,H>V,Master,1
0.16122290883335819,0.028202982393263017,0.8063107121492025,4.507676725877989,splice_site,M>C,Master,1
0.08019921243689535,0.022124549194506734,0.9122969371585736,5.3553878888471935,splice_site,W>C,Master,1
0.037123243437521804,0.001884412461006485,0.7308438597306227,4.238934906887126,missense,K>P,Master,1
0.03347630271019982,0.016806409283956967,0.7558976179476392,5.42093900104562,splice_site,G>T,Master,1
0.19520390157630282,0.024148939711566866,0.8296295365503668,4.536870393103272,missense,V>C,Master,1
0.061316957350902083,0.006746131001168963,0.7917409674583489,4.846991620163519,frameshift,P>V,Master,1
0.020015693675801433,0.05671021254995444,0.8988526104647443,4.587257830772898,frameshift,R>K,Master,1
0.05654569815446047,0.08276845171853779,0.33170993063192855,1.3749238612006511,missense,A>C,Master,0
0.0011820116816703959,0.011342690688534595,0.8283678449698854,4.265669745260101,missense,D>C,Master,1
0.047079917296710766,0.03926554657798529,0.7278559250169795,4.391849835768245,frameshift,K>C,Master,1
0.03671613901542427,0.011929528501405032,0.9396465700455734,4.376920087840739,missense,Y>C,Master,1
0.04391538577799196,0.008463002022517149,0.6707696625071549,5.34842703685614,missense,N>T,Master,1
0.3116383465594205,0.009194770948917933,0.7362974390127139,4.786038810502472,splice_site,M>I,Master,1
0.0820042522142096,0.33210678173536007,0.17115940033601224,1.4090984523846162,nonsense,R>Q,Master,0
0.055471691188222386,0.04096987709670364,0.9231304263568686,4.05942346882687,frameshift,N>E,Master,1
0.1004982693317513,0.009030822858453654,0.8400431993856281,4.420781677936383,missense,N>W,Master,1
0.061447010874062735,0.5810305470485833,0.3545586772571959,0.498781764556375,missense,I>V,Master,0
0.031451549356696175,0.038612860782611245,0.8930873289065692,5.383121204835927,missense,K>F,Master,1
0.2276950413520847,0.5242749594316649,0.5020741700380664,1.6066364404114992,frameshift,F>V,Master,0
0.05780672100720087,0.2631061755932095,0.19107532213234052,0.8372735142089854,missense,G>A,Master,0
0.043617246211405704,0.009348110782954097,0.7810942079147626,4.767067971132992,frameshift,M>S,Master,1
0.06476636526071533,0.37585818767644147,0.2845420999701235,2.0433537135393434,nonsense,W>S,Master,0
0.010859459858994253,0.025446069681389856,0.7290157340555277,4.362977005557132,frameshift,P>C,Master,1
0.14788783950945683,0.3732064718998686,0.25098698259134783,2.299823663614018,splice_site,R>P,Master,0
0.023012783613975903,0.009352396497757931,0.7645790238334551,4.541043449813715,missense,E>A,Master,1
0.10611029958937632,0.03833528605501478,0.8689382542975626,4.885391573990628,nonsense,E>R,Master,1
0.21039052266899685,0.37924047248080256,0.049119788054499736,1.899833384397568,missense,Q>W,Master,0
0.14394167336895566,0.028260687861316264,0.4349010066309643,1.950167870058049,frameshift,W>E,Master,0
0.16561621334328472,0.17981201301093844,0.30090585821031157,0.7098733363212466,nonsense,D>N,Master,0
0.013998468328311848,0.01629227100298734,0.7632856428952769,4.355258365406075,frameshift,A>E,Master,1
0.03412043986942836,0.005628524827008872,0.6909607801192561,4.927998645153273,missense,H>W,Master,1
0.24881213025454219,0.1597010593220635,0.39732389602562224,1.9127249842512226,splice_site,L>F,Master,0
0.06269463941869767,0.012112705631734772,0.7583294516408943,5.134482512715817,frameshift,L>M,Master,1
0.15796123538460619,0.1149711529939439,0.059286620754233466,1.500243971409832,nonsense,Y>Q,Master,0
0.10769574084983648,0.004186061747774283,0.726393478145935,4.164011923323252,frameshift,N>T,Master,1
0.03714850864057927,0.003390048949586345,0.7327012780834744,5.489325643774252,missense,G>L,Master,1
0.15143688015174817,0.4178036957809525,0.11506155389529354,2.23106132491644,nonsense,I>P,Master,0
0.006165317977954594,0.04873506411068421,0.7776601583657909,4.932817092409837,frameshift,W>D,Master,1
0.08295141408222867,0.04078087815420414,0.7002856453214314,4.976409388611727,splice_site,S>Y,Master,1
0.029269100313458623,0.09604416808135822,0.7129357209033333,4.590635579757028,frameshift,I>K,Master,1
0.08106331434083756,0.06344154318166433,0.7892872782829324,4.346774099994406,missense,W>G,Master,1
0.0599381382011158,0.0008893304986705898,0.729281132070654,4.339741138167016,frameshift,S>Q,Master,1
0.10879221657012521,0.011012544979611032,0.7812401178723161,3.929958699488278,missense,F>V,Master,1
0.06454649864341762,0.018832168485472024,0.8292484187942296,5.171126763151805,missense,T>M,Master,1
0.010915794380215229,0.0021638051036985636,0.678628780102675,3.9538318510244945,nonsense,V>Q,Master,1
0.01564748490514991,0.016257083763749923,0.9983272655920761,5.732963665730683,splice_site,E>A,Master,1
0.11837979024170278,0.03313411296851781,0.7470975349361223,5.103513256713843,frameshift,V>R,Master,1
0.05763618156644278,0.005810450465477004,0.9330803915639863,4.486550073755308,frameshift,Y>T,Master,1
0.16896710823389163,0.4885623746403087,0.4877191606350224,0.9430172957022559,nonsense,P>Q,Master,0
0.09461198213829308,0.0016628689415065275,0.8542985202391106,5.557271731150651,splice_site,G>C,Master,1
0.020539684270156976,0.003747909189357426,0.6388282934381146,5.090321615830224,nonsense,G>D,Master,1
0.04268919455962873,0.005434402354822894,0.8344133704828066,4.088178435072178,splice_site,V>N,Master,1
0.2583847695864757,0.22515758333532196,0.5773561314570422,2.0586124291936763,frameshift,P>I,Master,0
0.024226283145569228,0.008705496716869347,0.7557282930467825,5.965160142746255,frameshift,N>S,Master,1
0.07587365543460303,0.12033183825482607,0.06409650867189762,1.0849599661029021,frameshift,R>I,Master,0
0.0632194520226168,0.0801865934516337,0.27792001918019127,2.6595310151974942,splice_site,T>D,Master,0
0.054693396167927594,0.01647807566641467,0.8016206599484053,4.713183909486778,missense,E>H,Master,1
0.011693636251595913,0.04487146504370656,0.8849521986994124,4.116529368808469,splice_site,E>Y,Master,1
0.062310991150753045,0.020594649167390226,0.8829273686566468,4.338661767500017,splice_site,T>G,Master,1
0.0024235807450832475,0.01952912100570205,0.8572725319329823,3.7590772494593523,frameshift,F>P,Master,1
0.09055630860619335,0.014508305607055745,0.8360580015886302,4.321791732988628,nonsense,L>P,Master,1
0.43393552560331433,0.2425000579633629,0.1319130474660586,1.5573050214209356,nonsense,K>G,Master,0
0.10848420381459085,0.020916614352419184,0.806244697666313,5.024971799762507,missense,V>A,Master,1
0.0074062235628070145,0.0019450689616342643,0.7115619784637796,4.794614142443319,splice_site,S>I,Master,1
0.06405947183172485,0.01061337794044799,0.8402718189269822,5.312988980003199,nonsense,I>K,Master,1
0.37741744188634024,0.43866596470752156,0.2948461288245486,1.319909951451907,nonsense,K>D,Master,0
0.09196513116966494,0.007777485855713494,0.7967814049055718,4.97632467184622,frameshift,G>Y,Master,1
0.04356639986594425,0.018938595971284965,0.8238558070639548,5.422900660185966,nonsense,I>K,Master,1
0.05108207386393012,0.0002364068283260855,0.7926526945435782,4.090960506347011,frameshift,R>N,Master,1
0.015344667957676014,0.013251956688108982,0.7683316512036591,4.756299755636399,missense,A>P,Master,1
0.037411625228111596,0.011328604468987398,0.8984296445197046,4.314786142765165,missense,R>C,Master,1
0.0707972305933465,0.0072726464882672615,0.9634605511761202,4.824400908075788,splice_site,H>C,Master,1
0.04039358682020802,0.017483628462048473,0.7199608895703311,4.626621211182071,nonsense,P>F,Master,1
0.013463731971550989,0.04084083106808415,0.9486151325143345,4.1036885848144085,frameshift,D>L,Master,1
0.3090266340641716,0.40949952698254977,0.2424585888901047,1.4465833458314035,missense,D>N,Master,0
0.042358208222464284,0.010539109431433215,0.9168768917011121,3.7455756581852517,splice_site,G>W,Master,1
0.006227521465967077,0.023316205326581754,0.7867318220280105,4.0811291628255715,nonsense,N>W,Master,1
0.04738824099277308,0.031581640071499106,0.6536898748750302,5.436788196948568,splice_site,N>M,Master,1
0.007641449456843711,0.03561166513832281,0.9721964288132177,4.070229589328943,frameshift,K>R,Master,1
0.2705844326882214,0.3078664808493635,0.5668964701487007,1.6504796529221986,nonsense,R>Q,Master,0
0.15531708816118409,0.16503174043510682,0.23628666638783347,1.4423486315995888,splice_site,H>Y,Master,0
0.09408905916443869,0.026784835267510056,0.7747119934221627,4.128627214451461,frameshift,R>L,Master,1
0.10352293011814309,0.4932679853867963,0.4950214286577618,0.8724464650070027,frameshift,S>E,Master,0
0.014509566705236865,0.014697948389507462,0.7864955398137227,4.697261802580938,missense,D>Y,Master,1
0.055182061600120826,0.3636564015517911,0.0,1.479670904542724,nonsense,W>Q,Master,0
0.11253636953376851,0.0024189327701817625,0.8756087880695006,4.307684933964383,nonsense,S>F,Master,1
0.21247422389251056,0.14285405597487538,0.1258202359064131,1.05678757340264,nonsense,K>G,Master,0
0.25962714473229037,0.18516490897959087,0.4326766097694771,1.6244600902068456,frameshift,D>G,Master,0
0.03260151543621877,0.007954854224336946,0.7034128365744904,5.50397804793116,nonsense,T>V,Master,1
0.09150568613029035,0.03451427209961604,0.8010693311796481,4.711617401259064,splice_site,A>Y,Master,1
0.03432751491953221,0.04926924590822935,0.940220958950327,3.918450407474473,missense,L>N,Master,1
0.007107381022677797,0.01369270966757643,0.6957416846466175,4.315711546629932,nonsense,Y>C,Master,1
0.01828450435634224,0.004456856196334247,0.8881013347165203,4.6350248067225985,missense,C>V,Master,1
0.0005178255761507409,0.01754219399187402,0.7995747903280058,3.8458904010518147,frameshift,L>A,Master,1
0.006651437454886905,0.0426044171750471,0.7787765698384453,4.2192439892777545,nonsense,W>K,Master,1
0.06231327857495218,0.4774654439505767,0.2771659464479038,0.6485020716526403,nonsense,E>W,Master,0
0.00950185943888219,0.001072279255897219,0.7329909426181966,4.420884931744557,nonsense,I>D,Master,1
0.11353933107728792,0.30610715721702286,0.46465899887106615,2.237353038514216,frameshift,T>R,Master,0
0.056568671813632156,0.08611544727006096,0.778452328383566,4.2329391791935524,frameshift,A>C,Master,1
0.016877926062275058,0.019542106368171153,0.7671433483747042,4.380225271557581,missense,R>A,Master,1
0.13241070853576078,0.03957494737369811,0.8477814152920655,3.7510706626102666,missense,G>W,Master,1
0.003983297786114381,0.03264751573318352,0.9416661308297957,4.209682360123647,frameshift,R>N,Master,1
0.015500669284382712,0.04209554433003341,0.9597674996704983,4.572574348085178,frameshift,I>D,Master,1
0.06097115446567917,0.02601219290238618,0.7391562958608858,4.084260663549255,splice_site,I>P,Master,1
0.05642697187124045,0.004698085380237401,0.7798225623700842,3.3553863679079674,nonsense,H>F,Master,1
0.03192151991580595,0.013605170843608549,0.7052577104981541,4.694084016716971,nonsense,M>D,Master,1
0.019097241871714753,0.033567841835717,0.8709029775318304,5.038332325751136,frameshift,A>V,Master,1
0.0028421081965278525,0.5463366300647442,0.5254562246864138,0.21285876044351681,frameshift,A>Y,Master,0
0.36431085658018275,0.4258036322996074,0.5350908024678269,1.5308585935810028,nonsense,V>I,Master,0
0.01099110527016391,0.07489075268441793,0.7807895319370324,4.415727042048221,missense,K>G,Master,1
0.03111921090170503,0.01232468130863919,0.8131615373272743,3.634346595163623,splice_site,W>C,Master,1
0.05673684284706675,0.005111060600603739,0.840404916653297,4.538051208234294,nonsense,M>D,Master,1
0.1243351753990931,0.31956280628936573,0.5645485663759573,1.1626305185251977,frameshift,P>F,Master,0
0.003801498248063315,0.033017530724865546,0.9096724207629285,4.398545510708369,splice_site,Y>C,Master,1
0.04111649165077646,0.006488753522247741,0.6819501513002362,4.669070162678966,nonsense,Y>W,Master,1
0.003666367285218068,0.012228920415444893,0.8536824683955676,4.452399442229469,frameshift,P>V,Master,1
0.02823507593751063,0.19238987161936222,0.22945984099927857,2.522095210585378,splice_site,Q>D,Master,0
0.21669326782966425,0.19259416863350123,0.2931486361791984,1.7856035402396495,frameshift,G>R,Master,0
0.16930848825507208,0.13822910780237047,0.4196184545554909,2.5604180554832476,missense,N>D,Master,0
0.04252939503967302,0.003212654021685429,0.973011676920884,4.066982777388304,nonsense,E>Q,Master,1
0.03433302490347327,0.01167875894357867,0.7381603147039348,3.8678313491188216,splice_site,R>F,Master,1
0.2525044492942623,0.5564893772863277,0.6368340812681266,2.292847539378051,nonsense,V>G,Master,0
0.014051980449180806,0.021044760024314005,0.7841358973956899,3.771531227239635,nonsense,C>P,Master,1
0.03558946394874035,0.018151163310057408,0.655688471082219,4.496381343275232,nonsense,S>Q,Master,1
0.09609640893761458,0.014038490352826276,0.8139825271326053,4.0568807833182685,splice_site,T>E,Master,1
0.1597855564584383,0.0072493093543655705,0.6960031848382949,4.132997502855424,missense,Y>C,Master,1
0.03821555876786537,0.0004995395123149034,0.8294934735110137,4.484302031466988,missense,K>T,Master,1
0.0783307866936745,0.006495328256009562,0.8928767535075776,4.071432644782729,splice_site,C>I,Master,1
0.016386800779663868,0.04801367234574806,0.8277479241337466,4.856714513008571,splice_site,I>C,Master,1
0.11257214929704083,0.2870735436345423,0.14036282122060678,1.066307370653694,frameshift,D>M,Master,0
0.008503808337690117,0.018727057705445367,0.8707106160106564,5.1920500154450515,splice_site,C>M,Master,1
0.1341876282901674,0.08787643980382163,0.21166197911430384,1.564303520167336,frameshift,P>M,Master,0
0.053354200537206325,0.022355077429545615,0.6349645495845471,4.655814411862365,missense,K>N,Master,1
0.12098011680991658,0.14892679253242092,0.5030685572541993,0.8882338163296299,missense,F>R,Master,0
0.17342906027572086,0.2671192246547806,0.30088770452196284,0.9196226325135182,missense,R>W,Master,0
0.03548346696627116,0.010988670783983924,0.879393512091051,4.568366327935755,frameshift,V>Y,Master,1
0.006722194790347996,0.009596873060771427,0.9268358611496068,4.940909140100333,frameshift,T>D,Master,1
0.0346385949345048,0.005917140838158841,0.7998428192626806,5.485339195733245,splice_site,T>E,Master,1
0.030192961006216483,0.05638692981820971,0.7709617008349203,4.883068792263339,nonsense,I>M,Master,1
0.05682192639137735,0.021391268387540897,0.884880545773145,4.515116901358668,splice_site,F>N,Master,1
0.06789274006713099,0.026169337791887737,0.2931373338500382,0.710469898397347,frameshift,Y>W,Master,0
0.008348552788790767,0.01505438024840783,0.8491878150578889,4.498164455759742,splice_site,S>A,Master,1
0.0009391807688899919,0.011745143524556547,0.908591841150672,5.199312305279707,nonsense,T>I,Master,1
0.020558749149021744,0.007933540365884194,0.8783823405746659,3.6899528304024716,splice_site,P>D,Master,1
0.052779066078596386,0.09331417043396142,0.9856672337917715,4.940235552714197,frameshift,D>T,Master,1
0.0057574638281480146,0.027304228144449313,0.6430223315281124,5.402059545982202,splice_site,T>N,Master,1
0.05458230548614024,0.011432522627523931,0.5468569954221996,3.9430778112994913,missense,Q>W,Master,1
0.03210990294134737,0.006895015229618355,0.7678412315574293,4.921994626059599,splice_site,H>L,Master,1
0.2917210982432508,0.3268003644931724,0.0,2.3489301858990803,nonsense,W>T,Master,0
0.08489159905163049,0.04742880183734824,0.9105593145289484,4.920283848895836,splice_site,N>W,Master,1
0.14729823192325764,0.02002670036454455,0.970970590060733,4.819258289624182,splice_site,N>L,Master,1
0.023726021125374364,0.03352902734662135,0.6753670522251576,4.290433103205547,missense,L>D,Master,1
0.08888399955989161,0.008609859452461642,0.8984950103005851,4.115964822267816,frameshift,M>T,Master,1
0.02264108447828432,0.005670396276465327,0.9353891859323427,4.587706820913206,splice_site,N>W,Master,1
0.021880396248608883,0.008441065892171477,0.5795517949119676,4.550777992805123,nonsense,E>N,Master,1
0.004496011814870012,0.034720134839188274,0.8510732066135894,5.194044118320151,missense,F>L,Master,1
0.026920054845871087,0.013850957101793487,0.8030268671108619,4.484298491537748,missense,E>G,Master,1
0.12426202969512477,0.08505966372728542,0.6660936949997549,0.4622307686669813,frameshift,H>F,Master,0
0.24786092847636323,0.2510046664166704,0.1000105946413235,1.4631929370299104,splice_site,P>K,Master,0
0.16494051348347868,0.28049342301991426,0.10905803326141544,1.8922059555428155,frameshift,Y>E,Master,0
0.24167687051539224,0.01488679017828284,0.2861561184116964,2.5061415822825635,missense,W>S,Master,0
0.1257671508549015,0.0039921279327553745,0.8048848393209486,4.420028925850583,frameshift,S>I,Master,1
0.0037393440337059516,0.006463770425406332,0.8199379920654009,3.0619838589767916,frameshift,R>H,Master,1
0.012938697922444668,0.04880921948254765,0.7452781559734027,5.108564960578056,frameshift,T>F,Master,1
0.09022608082315076,0.0019155155170917542,0.8595157323884729,4.440345344098487,frameshift,E>D,Master,1
0.11385614749765997,0.10483513092782487,0.15923334838610737,2.204210564480573,frameshift,N>G,Master,0
0.017615214462614402,0.0305521825206248,0.676466602069652,3.9307096331328086,missense,M>L,Master,1
0.018117237041747124,0.011879614390370049,0.8566270708058689,5.204724741551084,missense,D>F,Master,1
0.07944532055856947,0.004751806052021003,0.9261498990802384,4.285923873456043,missense,W>I,Master,1
0.03113137043098864,0.05842223339014747,0.8279811854302356,4.708198129371948,splice_site,P>M,Master,1
0.006682873055615764,0.022476353090575767,0.699079684756261,4.119633076611494,missense,L>Q,Master,1
0.028377970426895757,0.01601462000092933,0.8545140879510541,4.576773988211958,splice_site,I>K,Master,1
0.09803520782814182,0.0006614481372523492,0.6456369478126316,4.949520766418562,missense,Q>V,Master,1
0.053040848342551156,0.18190917630537412,0.7302328082851539,2.2466738433658024,nonsense,V>K,Master,0
0.027138524480051232,0.050206968346760514,0.8986514003804201,4.862001127500008,missense,I>M,Master,1
0.01614439415025281,0.3349725870183915,0.40415528894680136,0.5088272441561302,splice_site,K>V,Master,0
0.0007774989472108675,0.018795242669397638,0.9027004411787657,5.677355698872046,splice_site,R>A,Master,1
0.04498145729369001,0.004104102848783237,0.9164475847050007,5.21508637180939,frameshift,F>E,Master,1
0.16831423647346652,0.0583711707439229,0.8143213083206131,4.516012671684108,frameshift,D>V,Master,1
0.00019805192149323426,0.02111728268586434,0.640799154288135,5.003120373655818,frameshift,I>M,Master,1
0.2225849606154888,0.4706015920875558,0.22735016354943388,1.1473666431904688,nonsense,Q>T,Master,0
0.37844770552713064,0.5796182897964359,0.3880496060420796,2.726026472487421,nonsense,N>T,Master,0
0.014079097871527968,0.008510929539178392,0.7838572101967184,4.856402402477431,nonsense,C>Q,Master,1
0.10367765142456872,0.12087927754925451,0.11850072385280158,1.3148735986773943,frameshift,M>F,Master,0
0.12822483282238153,0.4326867678562424,0.19233010849780463,1.9723618406277796,nonsense,M>V,Master,0
0.03886927668456245,0.03936608199566277,0.8315372896127391,4.741660339312944,nonsense,M>R,Master,1
0.14042437731827762,0.0018060558583428182,0.8887622963380397,4.795660080286922,splice_site,E>S,Master,1
0.010386132485145385,0.036192244094971016,0.7583308013204265,4.714029373825583,splice_site,K>V,Master,1
0.06302736574071197,0.01725475686764153,0.8063183668807756,4.391235308083226,splice_site,I>K,Master,1
0.21369025421568594,0.10256218162831446,0.455153077056545,1.547338772448397,missense,T>Y,Master,0
0.10657895426997552,0.3287359724768777,0.07998060748443875,2.243449269766084,splice_site,E>S,Master,0
0.008408206260386051,0.002290083060972051,0.7300430721421578,4.159639195441148,frameshift,F>M,Master,1
0.04726430312244279,0.5415671516955938,0.2170967565064699,1.8474331690525847,missense,M>Q,Master,0
0.04340256312542459,0.013031408472503248,0.7117610696921379,4.232571047246902,splice_site,C>D,Master,1
0.07946817101203732,0.04933160192059741,0.18934646826264784,2.4588589366930016,frameshift,E>G,Master,0
0.16981608768400996,0.15086770962091034,0.6521256069248985,1.0965503731965465,missense,W>G,Master,0
0.17334610086695448,0.11884627688443102,0.4742090586290435,3.3689168796796993,splice_site,E>R,Master,0
0.01442177408429416,0.027342661013030026,0.7768624042509962,4.147852715257898,splice_site,Y>G,Master,1
0.0491318033203239,0.006934069572791367,0.8962613574711633,4.67308291052739,nonsense,M>T,Master,1
0.40048824622771434,0.1493444574870301,0.5198146125107932,1.6656970216566989,splice_site,A>M,Master,0
0.008614794865615092,0.02434619801803487,0.7755904437841459,4.700749075273104,nonsense,S>D,Master,1
0.0269355894279417,0.008267957985771984,0.8801128583911955,4.498846327300763,missense,A>T,Master,1
0.005942651413832723,0.45849358454208977,0.407473084986965,1.3975590570162577,splice_site,D>L,Master,0
0.0283335974228966,0.008459943010789284,0.6767545609169774,4.80512212889476,frameshift,D>I,Master,1
0.043296948829028584,0.008825381526805858,0.7513178127481703,5.238376864924464,splice_site,A>L,Master,1
0.03936674315703604,0.009623769305803555,0.8493086402047938,4.184572480643791,splice_site,Q>C,Master,1
0.025645852568424474,0.0229929176584621,0.8063821225033639,4.3238475633254145,nonsense,H>S,Master,1
0.010950087254260383,0.02059312532968239,0.8084888241526668,4.585368555310349,nonsense,C>W,Master,1
0.029647874441120076,0.05310468468895895,0.8720610548678933,4.635636515054647,splice_site,I>L,Master,1
0.04365420910768116,0.002217885142589899,0.9215873562198982,4.696273907618703,frameshift,T>E,Master,1
0.03873363354342902,0.0016877711416692289,0.8177297213147309,4.2231767577246035,missense,Y>F,Master,1
0.04738815196309113,0.2400541774534097,0.22244781543675518,2.7993530621776515,missense,N>H,Master,0
0.20549941876572522,0.28350554756886887,0.6510622141266609,1.7700849779783776,missense,H>P,Master,0
0.004204320379624894,0.005118037038497745,0.9318607828178045,5.092954127714931,splice_site,W>V,Master,1
0.019716308661650767,0.3090476003389045,0.17940843822371635,2.313937335847121,frameshift,Y>I,Master,0
0.02509069187681079,0.0047606001460826965,0.7674903528529075,4.3879168352545355,splice_site,W>A,Master,1
0.46368054918365426,0.36765472355085105,0.465748090737115,1.6698609125343191,frameshift,D>C,Master,0
0.019955644917436295,0.004367487270319308,0.7786703424367922,4.388246469851745,nonsense,Q>C,Master,1
0.014470325653743675,0.004756729223713117,0.6478567019085693,4.946533913493386,frameshift,A>D,Master,1
0.020024112977362046,0.013880113656977774,0.7783284988613574,4.115334422824798,frameshift,W>F,Master,1
0.14431530387962002,0.007009806736233188,0.8392907359014392,4.823435232448389,splice_site,H>M,Master,1
0.1315262940896644,0.06674789202429497,0.6380310134483373,4.338696113599177,missense,P>K,Master,1
0.03960157506706716,0.011366079041936115,0.7994669426673876,4.227486213538784,missense,N>C,Master,1
0.2537234499591754,0.4262947045624305,0.2924516407582799,1.2964506178514692,missense,E>R,Master,0
0.010000781333090484,0.0009987049627194248,0.6219118359919699,4.799631412700399,nonsense,W>A,Master,1
0.014851361175666758,0.0008692337263436486,0.8377618406420093,4.633695650398703,missense,G>H,Master,1
0.006991414100658039,0.010683561212566061,0.911854140933595,4.588106352819311,missense,A>T,Master,1
0.10263450402692241,0.003389031042872106,0.9544333486971235,4.961576675252522,missense,M>I,Master,1
0.0061389672661518995,0.0054404757540978165,0.8486894811161965,4.044101059169662,nonsense,I>M,Master,1
0.21824978176077714,0.05219813200926598,0.6757379855055086,4.109869637260601,nonsense,Q>L,Master,1
0.04529413439154986,0.0316480581274366,0.9016643207315883,4.357117641981822,nonsense,H>S,Master,1
4.961211699264688e-05,0.017862514715404714,0.6489075438183006,4.999574797308593,missense,I>T,Master,1
0.029395945998335518,0.009569023551989858,0.7521303618992055,5.133401804221667,splice_site,P>T,Master,1
0.012140787150954438,0.022341956571030844,0.7209326360077406,5.3704290385072175,nonsense,E>K,Master,1
0.06635298499629734,0.04064867608364431,0.7943914273721326,4.899219362991277,missense,M>R,Master,1
0.03526831954432113,0.010848315861621053,0.9219431082954773,5.655804687650317,nonsense,K>V,Master,1
0.10945790003885426,0.0009725284605506375,0.9275771820758323,4.7463596732835125,nonsense,W>M,Master,1
0.12821957902042308,0.20097546752582926,0.6491807264371239,-0.35133118613797487,splice_site,Q>P,Master,0
0.025621582900884895,0.5833857679328899,0.24743018676792544,1.250004097486991,splice_site,S>A,Master,0
0.05419003043616929,0.07467311879594596,0.8652167885115687,4.52675713715678,nonsense,Q>M,Master,1
0.0807139590755149,0.005934065013785391,0.8148463681546889,5.250638441755864,splice_site,W>V,Master,1
0.001870550948138579,0.007258703392548648,0.961007612318965,4.010409781861201,missense,Q>W,Master,1
0.11963161930357244,0.4976071242830672,0.3296405937255796,1.916822951465123,frameshift,P>I,Master,0
0.17554212359516036,0.34009646558090906,0.6435160410088636,2.6533169466737605,frameshift,W>R,Master,0
0.022806531958640495,0.008830367344040328,0.739687991177388,5.370961265946969,frameshift,Y>P,Master,1
0.013636494529100868,0.034596593046366184,0.8797252298540034,5.17293552918782,missense,G>W,Master,1
0.08142844966109906,0.025855609141602783,0.8107186464782417,4.674815270834814,splice_site,P>Y,Master,1
0.06134033467569208,0.2975478614690922,0.39269207113324345,2.053009992807044,missense,Y>P,Master,0
0.07838010810893989,0.019567802012169375,0.7978637627558524,4.61509040311461,nonsense,S>A,Master,1
0.023672201412935922,0.029855751504463523,0.5919717382757549,4.5445938486192725,frameshift,A>T,Master,1
0.0757622067900142,0.08906862002640151,0.4976191967153375,1.5878744745070486,frameshift,V>Q,Master,0
0.008052561098427091,0.007428271495986446,0.8971088338382203,4.399406914924541,missense,C>G,Master,1
0.028800178950519305,0.04518998252375316,0.7229880892768247,5.07260834328583,splice_site,N>H,Master,1
0.010111244688354361,0.008972047482742362,0.8056183918392321,4.966187620823593,missense,V>H,Master,1
0.09827663840202554,0.038920370462312455,0.40085144889683033,1.0767098661803953,splice_site,T>F,Master,0
0.0639557709231442,0.0018560974629463335,0.8204000381077692,3.8303648422573495,frameshift,W>G,Master,1
0.0035475394456014908,0.025615312577690195,0.8519829002671027,4.485022676936735,missense,F>Y,Master,1
0.0750514720062439,0.003974664822998944,0.791184513112961,4.526186419862498,nonsense,W>A,Master,1
0.2675582135810588,0.432546506771568,0.35742012748025187,1.9316380266888145,missense,H>S,Master,0
0.01166646037708402,0.014469111855517356,0.8391284957120875,4.379039436433855,missense,Y>S,Master,1
0.09261209786943331,0.44610616582455215,0.39569994635917793,-0.6522205050828283,nonsense,E>V,Master,0
0.1071134701441399,0.05934926549396941,0.8451662473284194,3.6757162001935617,missense,D>N,Master,1
0.001077745575291371,0.011006907498444574,0.6551875224723132,4.93708493594825,frameshift,I>M,Master,1
0.02909098600790198,0.015866586342390087,0.6821653875193154,4.059429345561119,missense,R>K,Master,1
0.01304754797590706,0.08285363901023346,0.8234194151498205,4.694932579032859,splice_site,Y>T,Master,1
0.0598470798545925,0.00010088791180842775,0.788114751797923,3.607487080465149,missense,N>S,Master,1
0.030109384647820966,0.003970645210121842,0.8241914984321499,3.998263955678469,splice_site,V>G,Master,1
0.10604713624885975,0.36624689284620665,0.22160127504245697,1.6975095212258133,nonsense,T>S,Master,0
0.01289129237345351,0.019717304826082298,0.6081410576440698,3.9395753660941892,splice_site,R>P,Master,1
0.012048331813025424,0.01575446813136195,0.8956549461787269,3.8111871719682195,splice_site,E>I,Master,1
0.14816166191838406,0.3626294967974677,0.018864638459199612,1.6879384403977684,frameshift,W>F,Master,0
0.074850342650721,0.019163846244654663,0.8817484980770319,4.611021774073036,nonsense,M>G,Master,1
0.13101037581882027,0.48719279061250587,0.18179085585463164,2.269471065941918,nonsense,Q>F,Master,0
0.040601638787652584,0.13155534259693205,0.7901127374340517,3.8129132738142286,splice_site,Y>H,Master,1
0.08094970206795117,0.013435362590129693,0.7971833091550448,4.963260092173222,splice_site,K>F,Master,1
0.10854692556148916,0.044146954401718515,0.6791807541641961,4.797747650360987,frameshift,T>N,Master,1
0.019879048180582594,0.03044640635896994,0.7985252281983158,5.351073661751088,frameshift,N>S,Master,1
0.04794960279458819,0.004398136358979695,0.9317351304652012,4.81533993104894,nonsense,P>T,Master,1
0.03702530710583222,0.010945554722104593,0.8393378344469713,3.5800038752931838,nonsense,G>R,Master,1
0.13705233524093163,0.38776098230827444,0.2838024181195665,1.7607708842623946,missense,P>I,Master,0
0.09420504182081386,0.02649905091168237,0.9032561720360552,5.6224492070743635,frameshift,G>I,Master,1
0.11878232802229044,0.002183410456746696,0.7054531660005342,3.60096082002856,splice_site,R>V,Master,1
0.1022227033744769,0.008930847814468321,0.851413269999312,4.504673588182865,splice_site,N>G,Master,1
0.14834637805888717,0.024778217683077197,0.7820267485989879,3.8856366197772103,missense,T>L,Master,1
0.10087780877393358,0.0018257043729330922,0.8653007938309905,3.97682498215629,nonsense,V>P,Master,1
0.0015417247716970337,0.009734892294908756,0.8224816736691475,4.608178267295644,missense,D>N,Master,1
0.004503137087284588,0.041098143312631494,0.7594949047054448,5.639258657977999,nonsense,N>Q,Master,1
0.011141563328241545,0.02078784987872906,0.723854444323615,4.918916838762222,frameshift,I>R,Master,1
0.009144487887158544,0.015116862420906346,0.7383851871107373,5.132599443976474,missense,N>F,Master,1
0.009435720232550552,0.0076931599920524755,0.8781428919465528,4.329802421642068,splice_site,M>D,Master,1
0.002966948479448287,0.10540412348881889,0.8079788431432324,5.486866721367926,frameshift,G>M,Master,1
0.022056416599804896,0.004681848194680358,0.8261577484065408,4.530885435688273,frameshift,E>Q,Master,1
0.0005194006383210935,0.006874827342194068,0.8493254176193032,4.56062186591019,splice_site,D>R,Master,1
0.23584648024680974,0.21063297329406763,0.20586537100356395,1.173330655483453,missense,T>F,Master,0
0.03597993142167255,0.018107602596778398,0.852654777915368,4.5727612461051805,frameshift,H>V,Master,1
0.043151760077399355,0.005066282454209683,0.8747995398627201,4.828433031654751,nonsense,F>R,Master,1
0.38146322126646254,0.3878332572193164,0.3109312241825397,1.1434586080788725,frameshift,Q>E,Master,0
0.03834478106055385,0.0025339734099953646,0.8696631501217748,5.097592701201549,splice_site,V>W,Master,1
0.015983914214009184,0.009224365167583248,0.7302670341502542,4.748183121817483,splice_site,H>S,Master,1
0.04946786465243184,0.0039311153739458975,0.7654346343394332,4.142693593937851,splice_site,T>Y,Master,1
0.11953076249442265,0.0028091539206575034,0.6952815644751772,3.916301509966194,missense,A>P,Master,1
0.02628921455774461,0.0022205840946138474,0.8845280304606848,4.622120526430286,frameshift,Q>K,Master,1
0.0343075325101815,0.01309380197689374,0.8360860609565681,3.9625052164347974,splice_site,S>W,Master,1
0.08126773161406316,0.006249653759179027,0.9230484356358353,4.467344644163803,splice_site,F>I,Master,1
0.003556873233975901,0.019342162904360652,0.7530929382056182,5.162654498633869,missense,W>I,Master,1
0.02582357751668527,0.022643002678996722,0.8695269227088748,4.6482337830246125,nonsense,S>Y,Master,1
0.10749754486552288,0.28525837651233243,0.3269814232676256,0.6617069552088226,splice_site,S>Q,Master,0
0.029639540050639675,0.01004580604501465,0.7851379616568546,4.695943314471056,nonsense,Q>V,Master,1
0.016958305550753297,0.051441410517181436,0.941209637467759,4.777647095006808,nonsense,T>N,Master,1
0.0018758001804677893,0.1138674938849482,0.8426790193258645,4.944419409769996,missense,F>H,Master,1
0.010640562064347063,0.03857205143455484,0.8149872197935275,4.341646033837042,nonsense,W>F,Master,1
0.008655575692888343,0.062106006216567956,0.26749440706474864,2.047267183020893,splice_site,V>M,Master,0
0.016189445171652075,0.025699468296455953,0.989072984859403,4.701082278286398,nonsense,Y>D,Master,1
0.017744122564569368,0.019721026446777687,0.8319778041126821,4.523757317380644,nonsense,L>F,Master,1
0.11615823781051883,0.2564989908772718,0.5625448138545323,2.355111420435359,missense,N>V,Master,0
0.004144894214671898,0.022693610046436,0.8501162070068453,4.385891232782734,nonsense,C>N,Master,1
0.024420092930923527,0.3997747972020967,0.4770941165880191,1.43634636081109,frameshift,W>E,Master,0
0.006025544088108987,0.021780068928471633,0.7244024708684988,4.137780119948362,nonsense,G>P,Master,1
0.010360362580347587,0.00012848104215778663,0.875127770514261,4.835083631065231,splice_site,K>I,Master,1
0.16125812691695748,0.4837220084837533,0.7223226436835946,0.6370713831755581,frameshift,P>L,Master,0
0.3726101221975579,0.2766326808107765,0.04140679751929438,1.6361622596908312,missense,R>S,Master,0
0.04129305980470585,0.01557141855062447,0.8142404866628132,4.227223109794236,missense,L>C,Master,1
0.09038726425612517,0.006470549310489427,0.972262766070455,4.480077288609607,missense,V>T,Master,1
0.16713627480033583,0.008709022237252444,0.9823358962036467,4.671491483683159,missense,F>D,Master,1
0.06504012779221166,0.003913446593795839,0.6872495752913504,5.410483612633115,frameshift,W>N,Master,1
0.005788074350683986,0.00985340949029162,0.8169540410218287,5.238456148155135,missense,W>M,Master,1
0.1265511530766626,0.4344766394558312,0.46443128653143256,1.852530045449638,splice_site,T>D,Master,0
0.07692440007650775,0.38369475755613464,0.24668554301420292,1.4934141083443915,splice_site,M>N,Master,0
0.018274670006823063,0.004758279060149188,0.7668835734144179,5.268327914369989,splice_site,D>E,Master,1
0.0021333098142760584,0.017523181498404802,0.7277699812046408,4.575716880080359,frameshift,Y>L,Master,1
0.04869208702431746,0.12792443747720347,0.2221577709606472,0.6321929587916401,nonsense,N>C,Master,0
0.0657267095676969,0.34365305079917424,0.4633249486524458,1.9461910631458967,missense,P>R,Master,0
0.047098571636693315,0.01737274050171546,0.963610511059632,3.500456093551096,splice_site,Q>N,Master,1
0.09222012615179537,0.03634673611086943,0.8908414239086162,4.741019898609824,missense,S>F,Master,1
0.038925298652374034,0.03343465854548492,0.793748623182279,4.724049106675512,missense,T>E,Master,1
0.03866448880100134,0.0021859409282605456,0.8251592807261738,4.166841391727687,splice_site,Y>P,Master,1
0.19586628495200173,0.2826157120814737,0.37410040216561835,1.7403328796410151,nonsense,C>Q,Master,0
0.0925952555150678,0.4770753353887301,0.07958160888148819,1.3303645501064072,missense,R>Q,Master,0
0.013201889959953963,0.0017633254031062281,0.6382848285559957,4.577486009278236,nonsense,S>F,Master,1
0.011567095112455723,0.01128401005858496,0.799664237996002,5.669411470764122,splice_site,C>E,Master,1
0.0627460817586179,0.006072254522384683,0.8310153826101507,5.21326807720332,missense,H>I,Master,1
0.15810041778705586,0.3769032701323728,0.4196349205981134,0.4422616346879933,frameshift,L>M,Master,0
0.11283856643971413,0.5405222604526375,0.025441750050718193,0.6117166712466581,nonsense,N>R,Master,0
0.09993350438074715,0.2731353312850216,0.17303946330652273,1.4136132266037837,splice_site,H>V,Master,0
0.1919831502675686,0.3327764574766153,0.5214998480236313,1.010615970865164,missense,C>T,Master,0
0.044013636127405505,0.006210845077346652,0.866025870670655,4.937986918956289,missense,D>N,Master,1
0.0009227402016514337,0.014646437308094826,0.8155675387688387,4.543812577584982,splice_site,S>Y,Master,1
0.021751828831354285,0.031290043038853604,0.8636180488684037,3.7630795515951423,splice_site,C>V,Master,1
0.0856395375701374,0.05214279716476738,0.48825127933378376,2.3273813392038103,nonsense,P>Y,Master,0
0.06615227090325941,0.040477572454521354,0.754806386199401,5.152470102004017,missense,N>Y,Master,1
0.12101836052987695,0.2324194681518848,0.4887033636305417,0.676696257537356,frameshift,V>C,Master,0
0.36790510084508277,0.1858972452457485,0.3067875770269926,2.983219040350882,missense,A>S,Master,0
0.033007869881150655,0.004799626562071922,0.786048597166693,4.3192038499653265,missense,I>L,Master,1
0.02207122222181813,0.20010681604189232,0.1966539124956292,1.0537797099849897,missense,D>I,Master,0
0.00033077593188598234,0.026595120162537813,0.9151515145933001,4.952374901629412,frameshift,Q>T,Master,1
0.0067398788386952325,0.009268037324944665,0.6587308847507369,4.765225926544575,splice_site,L>S,Master,1
0.0484809101413487,0.011609731736743376,0.6935954072754428,5.276240186892537,frameshift,Y>W,Master,1
0.02603685547109908,0.025783666593205166,0.8193921476883934,3.8123396589704894,missense,Q>Y,Master,1
0.07780556251327748,0.00963972878956842,0.7982482637104252,5.38278058881363,nonsense,W>Y,Master,1
0.1164979319127622,0.006874483245190303,0.7977799776564676,4.681092161052347,missense,A>V,Master,1
0.0640011549073312,0.04255867486527251,0.8032426604187004,4.2836527696958635,splice_site,H>Q,Master,1
0.0020281456892463495,0.006892576173977285,0.742081385885307,5.056799875593255,frameshift,M>P,Master,1
0.3049667191082356,0.1823673777249954,0.0,1.8827277466750214,frameshift,G>S,Master,0
0.004848534887204206,0.03536288812411967,0.7345554266448693,4.3526179628872335,splice_site,L>A,Master,1
0.175002842466908,0.18361089758753843,0.0,0.0833804619271552,missense,W>K,Master,0
0.0613602446169231,0.03999265875009898,0.7569056199514773,4.0153600101306015,nonsense,C>M,Master,1
0.09351226089618313,0.012891887698068313,0.7610864904023437,4.190511215796453,nonsense,D>S,Master,1
0.012391925244714405,0.000764989684781436,0.6773439420098035,4.131901457808663,frameshift,W>A,Master,1
0.026441523967562067,0.0009608864637150262,0.6539714093941188,4.570888280399744,nonsense,D>A,Master,1
0.07862926179156911,0.19525330525419116,0.24589265256774664,0.9897567460179718,splice_site,K>W,Master,0
0.14980508404880158,0.0026063181409921904,0.7467206786919554,4.265761174634044,splice_site,G>R,Master,1
0.013681501265653083,0.005275980449928605,0.845170020097594,3.8407952747209757,nonsense,Q>M,Master,1
0.005973055542024882,0.0016348933947605104,0.8629476497114478,4.006375383983893,nonsense,A>V,Master,1
0.0032637606612170283,0.043882962459370504,0.8501249086807203,5.095860151200848,nonsense,Y>D,Master,1
0.08985751857554922,0.025050613438544575,0.6554389799223438,4.4192764334150665,nonsense,S>G,Master,1
0.12033531629788659,0.3535879445183601,0.26680631844101504,1.5235461603359943,splice_site,Q>S,Master,0
0.007589608925597192,0.0007161532783681114,0.8871844569874091,4.037847915759332,frameshift,W>C,Master,1
0.23684969033486866,0.30649181985940976,0.532942157047982,1.1457672496577218,missense,W>T,Master,0
0.06494889039076397,0.003544434467864655,0.855598743369014,4.337762421251788,nonsense,Y>R,Master,1
0.1730852635710062,0.06675468964681841,0.8144627633789544,4.927133780789181,splice_site,L>A,Master,1
0.008577077389685965,0.04784542636562369,0.7095408786286926,5.207955320246338,splice_site,H>A,Master,1
0.22463029287962802,0.436373254830683,0.2727807082636701,2.7655008747991903,frameshift,H>M,Master,0
0.1330906787850037,0.17990192674186023,0.20633026228811008,1.6991476894888933,splice_site,W>C,Master,0
0.07031548063857698,0.0037240552767927116,0.6532966048561282,4.231085815067488,missense,C>A,Master,1
0.37314378690905003,0.4774375078148343,0.38790200376382367,0.2805127438422581,frameshift,Y>L,Master,0
0.032178176346850065,0.04061230620702419,0.7110037443442859,4.534465526154237,splice_site,K>P,Master,1
0.20727867038364148,0.1733648984118475,0.3522809005094421,1.4065723793788816,nonsense,I>T,Master,0
0.015693381125278398,0.06411594248274784,0.7758945785406036,4.574471398120644,missense,G>W,Master,1
0.010332508657919723,0.0058857430797392,0.8576192750328422,5.180811729154409,nonsense,W>H,Master,1
0.04455645514890231,0.026099742021271233,0.8853060456051611,4.462825242596039,splice_site,P>D,Master,1
0.039808260694855845,0.04581658303163092,0.6732663034033429,5.29288728402317,nonsense,R>C,Master,1
0.3159183313079221,0.23847552794783922,0.3538470265772516,0.1488786651490166,frameshift,T>M,Master,0
0.07074121089836038,0.006129841033801547,0.8995783510157491,4.339415300478159,missense,I>V,Master,1
0.016257333532885807,0.021872328421903765,0.8583433569155966,3.827829763927554,frameshift,F>T,Master,1
0.016655153261658603,0.02619268086625725,0.7616056377936542,3.8620733976593358,frameshift,V>A,Master,1
0.12838717174981665,0.015975779148651035,0.786143237660259,4.091696906430208,nonsense,V>N,Master,1
0.1131489702846307,0.01956978494900548,0.8188440080420757,4.355439786416587,missense,P>D,Master,1
0.020997766324661417,0.05143737053844183,0.789068374276396,4.13377306201434,nonsense,W>S,Master,1
0.03390299698910236,0.010286356022534417,0.7925218703348692,4.585960424453723,nonsense,K>D,Master,1
0.012260098504973919,0.057744166655508744,0.8098080450279794,4.137056208084003,frameshift,P>C,Master,1
0.050210299469418365,0.0029832725511506047,0.8117041035581264,4.290343484507762,splice_site,S>W,Master,1
0.02901433327849964,0.03882864235194743,0.8032115455432322,4.013798130194689,missense,L>R,Master,1
0.06742117062359958,0.06461982886137953,0.8017414248998231,5.514544929974533,missense,A>R,Master,1
0.2904989990655374,0.670423315541997,0.39268898762321247,2.2451756156431912,splice_site,L>F,Master,0
0.12485608802790574,0.001791509630952038,0.7154371512010596,4.135735561889258,nonsense,A>Q,Master,1
0.07471186557512496,0.005333376194018558,0.6511741787176968,5.342223169705418,nonsense,D>T,Master,1
0.018820784127755445,0.01875608359856328,0.828981119556662,5.463974590121041,splice_site,E>P,Master,1
0.05732307714466782,0.09790815824019775,0.27833303052614117,0.3077201540313619,missense,Y>N,Master,0
0.07778630120304728,0.49781699347269226,0.280650118933929,2.8227520870606746,nonsense,I>S,Master,0
0.005996072829984846,0.004728062605193303,0.6411010397522225,5.102684777892246,nonsense,E>P,Master,1
0.22375707798548664,0.3439142782045905,0.4411097129591973,2.54468886894945,missense,T>Y,Master,0
0.1679948314398984,0.3194701734822187,0.5191746909953652,1.90272976975993,missense,A>R,Master,0
0.07151722336465315,0.010803961466560303,0.859310539935774,4.541519099906652,missense,W>V,Master,1
0.004558932903124591,0.011808824873443032,0.9165157123894523,4.175027852346155,frameshift,H>S,Master,1
0.044944234851027796,0.006005212716284678,0.7301133819558007,5.112490704027942,missense,M>V,Master,1
0.11762439990102705,0.011752249726588926,0.8044502082319237,4.216995135739988,nonsense,F>T,Master,1
0.0040250289819198206,0.012081637874679214,0.8932828704092198,5.0005324212853814,frameshift,L>R,Master,1
0.13684862053292152,0.2476511086904834,0.1191209754090759,1.0588537500828783,nonsense,A>F,Master,0
0.32152784156866343,0.34783036956862906,0.3418708660375229,2.5621582903453337,missense,Q>M,Master,0
0.029276117825212264,0.004917807669530786,0.9421893088704343,3.9515241014226845,frameshift,I>H,Master,1
0.06051169724691192,0.00033103132158342853,0.8668562616337128,4.1667218843834775,frameshift,I>P,Master,1
0.16255254743665407,0.2339253738889198,0.6975068322046736,2.1286771305249204,splice_site,H>S,Master,0
0.11057404702897426,0.7478584402446893,0.0845666347682944,2.5552808219567904,missense,W>F,Master,0
0.006175041245576704,0.03098786318154533,0.8561711027918444,3.8839007668434475,splice_site,A>T,Master,1
0.025831556305210973,0.011340002994214421,0.7185928777507817,4.770187065465519,frameshift,I>W,Master,1
0.021420251206449015,0.0338702716649546,0.6542726341800548,4.6144246040479535,splice_site,D>N,Master,1
0.027210707565648064,0.00445414587753587,0.6244232142241947,4.286444725633684,frameshift,M>T,Master,1
0.049180780199299695,0.0022407472380668873,0.8014416562635549,4.228099202269317,missense,C>K,Master,1
0.0010928816196610891,0.017777093158074665,0.9853834157502221,4.61244789744316,frameshift,Q>E,Master,1
0.06097700739859097,0.004227869131930224,0.832183519002277,3.8714734626782787,nonsense,L>G,Master,1
0.02369336897871665,0.012339420085256682,0.8610133545087935,3.7761466159608226,splice_site,L>D,Master,1
0.29192335299667843,0.4371323340471214,0.3791395013216009,1.8709711034203576,splice_site,A>S,Master,0
0.0028051392440747456,0.026295287031642293,0.8637333041272193,3.903551903181608,frameshift,A>I,Master,1
0.021950454713489838,0.023737024229423136,0.8428727993294068,3.3309956416042246,frameshift,E>L,Master,1
0.19615423265328957,0.011564769346688646,0.6134160244796565,4.922730266487184,nonsense,I>K,Master,1
0.11595392938231991,0.004128178389825794,0.7324960988580532,4.725205979964733,nonsense,P>D,Master,1
0.014914734937887763,0.015638213719008698,0.8132508096842181,4.447257316421112,missense,S>E,Master,1
0.0004931407572451637,0.0006013467405377428,0.7755682961360352,4.1559955925775816,splice_site,G>E,Master,1
0.009578117483312889,0.03185653484021902,0.8083294637546808,5.088318774308372,missense,F>Q,Master,1
0.05006176042526395,0.0013846150501113322,0.9996152319754926,4.272549665947433,missense,E>S,Master,1
0.0013858282728926752,0.004906954357336469,0.929240893046873,5.176387087877124,splice_site,R>D,Master,1
0.10450101873734718,0.01341334927401997,0.8128098884358987,4.521124802213418,nonsense,F>V,Master,1
0.009856553760650064,0.004286034640013987,0.6536496896695594,4.20391683500831,frameshift,C>P,Master,1
0.18235660567514722,0.21945035117983766,0.6254236104319515,2.2128629419179178,splice_site,I>W,Master,0
0.22077978939526804,0.12752981830012947,0.0,2.2258189478333668,splice_site,M>Q,Master,0
0.012584638842496618,0.010339551030168198,0.7646182473787819,4.4626973054406225,nonsense,P>I,Master,1
0.008255872318753812,0.018187261906386927,0.7803188876902374,5.101979482505117,splice_site,I>C,Master,1
0.03882854148853415,0.0052279094980045345,0.7743266196519947,4.1667600365182595,frameshift,Y>D,Master,1
0.009746411974683124,0.028653896933066497,0.661562185578631,5.185013188188114,frameshift,W>D,Master,1
0.01920388784885942,0.01927097638480817,0.831083839753879,4.660467877160434,frameshift,P>R,Master,1
0.0558954879399094,0.05554700022115928,0.8931011854869105,4.4023527101019,frameshift,S>D,Master,1
0.0447020344253528,0.003270070404872144,0.943003038892137,3.7472143294901583,splice_site,K>W,Master,1
0.04213540644179305,0.0030852960032256,0.8489239775412357,4.00542895995969,missense,E>I,Master,1
0.22900455242187856,0.40210384820038025,0.0,2.4890545437651244,frameshift,L>N,Master,0
0.005818039231566456,0.05229422851236578,0.8908889036369287,5.5105967997903775,splice_site,G>D,Master,1
0.4051464542579459,0.34076407098150907,0.32622243923568683,0.26172763097707064,missense,Q>H,Master,0
0.021161141700523092,0.0029882600696421948,0.9197494516564364,4.235195900215221,nonsense,C>N,Master,1
0.07911100500993294,0.016695821562690016,0.8460788848261401,5.45400542548956,nonsense,A>T,Master,1
0.03410024084671107,0.009357151449210411,0.7304354549879805,4.64841355427294,frameshift,E>V,Master,1
0.0889567516547964,0.04435406305093794,1.0,4.356646839098174,frameshift,G>W,Master,1
0.3713006471682852,0.36756550021212586,0.7634707531229723,1.6819370143501724,frameshift,G>H,Master,0
0.10329382426409624,0.3663024948594578,0.12070611244995991,1.0446641778553687,frameshift,K>L,Master,0
0.030616603351252672,0.018601588150765753,0.7607325346473917,3.8722659951537914,nonsense,R>H,Master,1
0.07081567221394845,0.026894048711355888,0.6841998193477768,4.508220464309691,splice_site,C>I,Master,1
0.033494626106646275,0.39610381201979444,0.2926117627065003,-1.0703628884120184,nonsense,V>C,Master,0
0.0777080717366519,0.09470063905405933,0.7961830413033573,4.497294332673646,missense,R>Q,Master,1
0.15610029637491435,0.3000698129426928,0.49279025021094236,0.2600006572031939,missense,Q>G,Master,0
0.15505420453673405,0.5823590309336558,0.0,2.8564900266224695,splice_site,D>L,Master,0
0.020317468900564965,0.02027582955324011,0.8410460221902079,4.481719528685415,frameshift,N>Y,Master,1
0.04161486948364237,0.08419225603522215,0.6971961340907137,4.069675434042635,nonsense,S>T,Master,1
0.03239249438251383,0.003081669458090753,0.8062150906085728,3.7057484317959135,splice_site,V>S,Master,1
0.2886117304542608,0.49819215747386936,0.21770869804670362,1.6038782643734886,missense,E>V,Master,0
0.001321215388393998,0.0322882306816953,0.5432414882066242,4.535615698729507,splice_site,W>S,Master,1
0.0324875529112902,0.017404176536838418,0.8832665757880361,3.8020548827681906,missense,A>L,Master,1
0.02634317884521843,0.027490704974596082,0.6370790960919946,4.835436097250966,missense,F>L,Master,1
0.05914951656002929,0.03186934687292693,0.5432564090261001,4.447203520355661,frameshift,I>Y,Master,1
0.09081564262626608,0.011368339615999697,0.7094663832485149,4.051205497621569,nonsense,R>Y,Master,1
0.0006733591786429846,0.008355737446073867,0.8942230017567836,4.352036229895618,nonsense,L>H,Master,1
0.2706994232629422,0.16232155037319132,0.20796259022042418,1.7456220143434902,splice_site,K>P,Master,0
0.07924312187103041,0.00690367630603298,0.8136426918067281,3.8737944077572277,missense,K>V,Master,1
0.06718140637306895,0.01045568787982634,0.6801638453000903,3.7012728908354386,splice_site,H>F,Master,1
0.10400690090231546,0.008680289167239416,0.7500991735570212,4.212967643215981,splice_site,H>N,Master,1
0.018833027963874108,0.04345759419497729,0.7317459953846455,4.570212933722417,nonsense,V>K,Master,1
0.01720164856243784,0.012945732093238148,0.8536290062565469,4.787346496853799,missense,V>K,Master,1
0.03846048381119594,0.004082473032007354,0.5216283776201902,4.88325188350279,missense,E>S,Master,1
0.06740344614735891,0.05666335845861097,0.7951504138451174,4.777865659551501,nonsense,F>T,Master,1
0.003979629933786962,0.01625954781616601,0.7196061623272837,4.371555008037555,missense,V>R,Master,1
0.007485276892017515,0.04973235594532775,0.8219870142373946,3.862574214493849,frameshift,E>M,Master,1
0.0022592855018253406,0.014019627814461134,0.719459832993442,5.092347898940502,missense,P>A,Master,1
0.009903877752022852,0.03483044927279913,0.70343503603927,3.9129478098119144,frameshift,K>H,Master,1
0.017858850672009926,0.005864655693768419,0.8027010554301907,4.003087355571364,missense,I>G,Master,1
0.004224195014912476,0.0011060634692946528,0.9551377721009494,3.843695866423655,splice_site,F>C,Master,1
0.03669047927022109,0.003439014597918007,0.8368915128829195,4.8475822915755336,frameshift,P>Q,Master,1
0.2992009959508381,0.16663293863730785,0.18005563081372378,-0.1364983127564825,missense,S>F,Master,0
0.08498264027974003,0.12667936338931587,0.439686556412595,1.197916037553649,frameshift,W>C,Master,0
0.09798305128003722,0.006981712024531217,0.9028877441678944,3.6910446771049727,missense,K>P,Master,1
0.09391729283331349,0.036320225486922986,0.5245478371601627,3.600080232305781,frameshift,V>P,Master,1
0.0511504206979565,0.06300778043224453,0.6784456787948944,4.999431080164107,nonsense,M>P,Master,1
0.01174867873267257,0.0011793774638972714,0.8193050802958115,4.818965980027644,missense,M>W,Master,1
0.07499946735292083,0.02299617624677478,0.9391991576181332,4.034421074921699,missense,E>R,Master,1
0.003554700213650947,0.0368037281826099,0.920697032463225,4.413360675853286,nonsense,Q>R,Master,1
0.10951654000208755,0.4993906119758734,0.18524888991912475,1.2362054729041057,missense,T>E,Master,0
0.0026533743300022833,0.048518057334349315,0.7553601501184485,3.901472497586795,splice_site,F>G,Master,1
0.2289291960349747,0.10852878923336093,0.48709887917568906,0.6590946113790657,nonsense,W>Y,Master,0
0.13380241566837658,0.0007232988899780694,0.846254792279775,4.873197436761101,splice_site,Q>F,Master,1
0.3048322103303711,0.2699572226144365,0.2639794797297284,1.1602044881031937,frameshift,L>Q,Master,0
0.29866354205630485,0.2524301930067004,0.5240113275799566,1.3619805013386028,frameshift,F>M,Master,0
0.08772425049180535,0.030787729371597433,0.7286047087840447,4.979353922480914,splice_site,S>H,Master,1
0.01764476091497561,0.01190122209215258,0.615843438351544,3.909234623334922,nonsense,L>T,Master,1
0.08687262723956096,0.0010871650850691368,0.9508336098057729,4.346950303334458,nonsense,D>F,Master,1
0.06237126059111332,0.04258393693636442,0.9529101006673248,3.6348522600521243,missense,I>A,Master,1
0.3388758623772968,0.3356170463913619,0.07402238241944975,1.9941515106106724,frameshift,G>T,Master,0
0.13224589385927857,0.3304205956732435,0.4136704297085286,1.6592168902101856,nonsense,M>T,Master,0
0.07281552014710047,0.0007156486107725876,0.7471669110889576,4.004786818980292,nonsense,I>W,Master,1
0.000503008641689242,0.024333025581441126,1.0,3.8453030272833613,missense,V>I,Master,1
0.03955943064206607,0.00929655828150491,0.9422595197789977,4.4307910738300125,frameshift,R>N,Master,1
0.10025171989229341,0.0012112589242655222,0.8470967069785162,4.892263630237819,nonsense,I>R,Master,1
0.08286369646453756,0.04691602532376349,0.22511991040021861,0.8136841941256208,frameshift,L>Y,Master,0
0.08382896422238185,0.04953161299318834,0.7492971737208977,3.192265519998075,splice_site,N>F,Master,1
0.08255360331921151,0.0037224412285738477,0.7626279129509567,4.872157321181344,splice_site,G>Q,Master,1
0.030707389723767065,0.03568564650571388,0.8245518443327361,4.930092060109038,missense,Y>C,Master,1
0.07301204412586347,0.3932644148434431,0.19846160432332263,1.789001826690829,nonsense,T>K,Master,0
0.02741716067900996,0.007511704115439448,0.6714434406288889,5.080105384053548,frameshift,V>G,Master,1
0.08912530154375051,0.3385687231982269,0.4916665429370282,1.9710311017785225,nonsense,K>H,Master,0
0.06662016459444829,0.01758988290688811,0.7834159094337998,5.114057646890465,nonsense,G>Q,Master,1
0.23990241430015405,0.5733950068204269,0.16900310227825618,1.666765773641893,nonsense,P>N,Master,0
0.04501768309689989,0.0188563297437336,0.8130151061985585,3.9046452840274197,splice_site,Y>N,Master,1
0.08359137298146696,0.019449809316861497,0.8715917140485565,4.67801623356357,frameshift,N>K,Master,1
0.13489879897141388,0.4410908454889919,0.36194590061740173,1.9874280931326878,nonsense,A>L,Master,0
0.021327673398459316,0.013948327142830097,0.7864204359742986,5.373618664254946,missense,V>E,Master,1
0.3954445996951853,0.3382890881139547,0.20162410903710654,1.545643069460291,splice_site,W>P,Master,0
0.20378904036634327,0.0873031640597769,0.1840289637073343,1.7061837929688422,frameshift,G>M,Master,0
0.08436711355734544,0.018105300520158487,0.9487688446403514,4.938954898876501,frameshift,I>D,Master,1
0.007055195123658924,0.0008815253774060542,0.8624606644894278,3.3236067650573204,frameshift,R>F,Master,1
0.2090381522777699,0.2671303785401085,0.16689322659826414,2.647000027371389,frameshift,M>S,Master,0
0.17321462782614983,0.7639676025083219,0.3027671446444789,2.872860757118814,missense,N>L,Master,0
0.10131534759245636,0.022948170979666813,1.0,4.561046048225542,missense,L>N,Master,1
0.262871580169119,0.07550201569666726,0.32103199637024243,1.033205125224189,nonsense,D>T,Master,0
0.010150219797507718,0.013404639787136132,0.6821872104649946,3.6579531353262973,missense,F>L,Master,1
0.12162424159094748,0.0015587613498889204,0.7100552023740326,5.49897410225645,splice_site,R>C,Master,1
0.11872993876895258,0.14855626477620015,0.2675502920083009,0.16034429946087414,missense,F>Q,Master,0
0.19254353376215638,0.5241097542403395,0.04482580001961517,0.5333184404035207,nonsense,S>E,Master,0
0.01626368882882311,0.003997717687708144,0.7203868494457045,3.693434990542656,splice_site,C>H,Master,1
0.3333630169416983,0.3444907763795205,0.5947475156152338,3.124436578579362,missense,G>Q,Master,0
0.3242396288022934,0.2381966851116,0.1699052001081566,3.5109147745671225,frameshift,L>R,Master,0
0.07071702403332533,0.03378271258486198,0.8493117527216005,4.350303078333878,nonsense,F>R,Master,1
0.013456316307365823,0.021608358708291704,0.852486499172513,5.27557354069901,splice_site,R>K,Master,1
0.028617582948798972,0.012316657593371073,0.742494180381263,4.657654813385296,nonsense,E>K,Master,1
0.0761951926659995,0.01638112048479481,0.7696913922887987,4.215051040293947,splice_site,N>L,Master,1
0.04575736630985971,0.02806104202061937,0.6015871933242392,4.863745102078383,nonsense,L>A,Master,1
0.020260572772915673,0.09019550052650785,0.14636115299890354,1.2532972246130825,nonsense,Q>N,Master,0
0.03879264053282081,0.02189756480864543,0.9520600901763212,4.285785782622211,nonsense,V>D,Master,1
0.10679839351850721,0.026136875077169375,0.9335453061701743,4.8467588321127035,frameshift,R>E,Master,1
0.03243358274627126,0.0015701432579267203,0.6655113219218801,4.529219347441794,frameshift,A>N,Master,1
0.006946223951695342,0.022635405405652807,0.7161551749102426,4.353153737147186,splice_site,P>W,Master,1
0.029337495270713932,0.006965399592029242,0.729401483450109,4.554668451798673,frameshift,L>H,Master,1
0.04244849307305367,0.012675965960800051,0.9210323849941554,4.094497380268056,missense,F>I,Master,1
0.129048028370904,0.016009163052915706,0.9047701568877611,4.625130868822737,frameshift,L>G,Master,1
0.08627241282337655,0.20750641932313021,0.670932426771917,1.0643775064522434,frameshift,S>K,Master,0
0.04271179273991579,0.0645298743402778,0.8629135298257784,5.014239504595055,missense,F>L,Master,1
0.008114550851332277,0.0201668143319483,0.9484520765848701,4.917417868792331,frameshift,H>F,Master,1
0.10453212679298428,0.011245998747725321,0.8419341872461625,4.765211731987619,splice_site,M>K,Master,1
0.13064344406553088,0.027040186230475993,0.7855413232673553,4.570278201603375,splice_site,W>S,Master,1
0.009975249692181882,0.001870298843271476,0.6974056660300572,4.031740077097254,missense,A>I,Master,1
0.052471105967271274,0.019599234916628013,0.8426539290026543,5.29609895701909,splice_site,E>T,Master,1
0.17927904073539394,0.38414151499547083,0.36790598965273197,2.7050367319097246,splice_site,I>Y,Master,0
0.014055417255922558,0.03621061462212189,0.7753262719446525,3.5717842250318985,nonsense,M>L,Master,1
0.03509008043725931,0.004965901197198098,0.74260653669258,5.000401521691276,frameshift,L>S,Master,1
0.1176133008889068,0.21999506892068943,0.08935872079146742,0.8118729765908784,frameshift,M>L,Master,0
0.04458341231732407,0.010549926893784894,0.9217548021950717,4.116363713820009,frameshift,S>F,Master,1
0.06382770989293785,0.012353111173480431,0.8118594423056874,4.4695658112898995,frameshift,K>H,Master,1
0.14007895107913806,0.3394228131277904,0.5083825208354956,0.5420818509597598,frameshift,P>L,Master,0
0.06945091633190825,0.28334732806336793,0.2555211697840688,2.429526895702436,splice_site,W>K,Master,0
0.04297889303374425,0.000574037510106423,0.7587280720805236,4.653228160324784,missense,Y>D,Master,1
0.20348598607431098,0.013684430375778349,0.825786161729496,4.429431589241817,frameshift,Y>A,Master,1
0.0700053308004428,0.14995457324866843,0.19776044028772305,2.5500074751635484,nonsense,G>D,Master,0
0.03541052196012673,0.0024883039671049494,0.800853761517917,4.749629242790832,missense,R>K,Master,1
0.20601057539184106,0.4305593844079632,0.0,0.9540249847863114,splice_site,Y>R,Master,0
0.09831828372020676,0.05006201656000291,0.7917554040850847,3.982597418277311,missense,R>G,Master,1
0.01927891089585948,0.014476334654612412,0.9867231287180809,5.326417093169514,nonsense,Q>L,Master,1
0.010441763858859554,0.02974434492444604,0.8550573593701598,4.5248306778541085,missense,D>M,Master,1
0.13884769738644734,0.18954997108985655,0.7636204520927603,3.4603645873052007,nonsense,K>F,Master,0
0.029702751612010723,0.0007245570820371321,0.6962558303591675,4.633223037809321,missense,D>A,Master,1
0.05464835829244789,0.36233835960721356,0.4016534642926698,1.7862040667415013,splice_site,H>K,Master,0
0.005772509660723877,0.007702643496751821,0.8928851246050225,5.284266969354663,frameshift,I>T,Master,1
0.06507571138269565,0.004660498333702015,0.8591289589293474,4.753181735531031,frameshift,C>E,Master,1
0.02617327304996589,0.11440203671931025,0.4820984263887392,0.7967864910682,frameshift,E>Y,Master,0
0.040672198777523545,0.012141620749329403,0.8235865065749571,4.026967743937216,nonsense,A>H,Master,1
0.016297262339318566,0.00309753617591621,0.8163951480894811,4.494116081088183,splice_site,K>S,Master,1
0.11077377642936688,0.0015158027822227793,0.763759756631192,4.334915968746585,splice_site,L>T,Master,1
0.06608238304181949,0.016957430855075572,0.709679639110455,4.383522493275733,nonsense,Y>E,Master,1
0.02850291683123094,0.01779605815413158,0.8377639571786641,4.517612653173906,nonsense,N>Q,Master,1
0.1296099405192074,0.3441643011493747,0.4743410262122754,1.0418430791533497,splice_site,E>M,Master,0
0.0441577614598838,0.2653697818182998,0.250689278484802,1.7597946562808762,nonsense,M>S,Master,0
0.1941626191253708,0.2651387721199607,0.4631707020157032,1.737418005667388,frameshift,P>S,Master,0
0.07786811789534344,0.01183333030048959,0.8517757815708841,4.242567668798109,nonsense,N>P,Master,1
0.008082721738931107,0.0038083564826538645,0.7466454662615947,4.811332107959079,nonsense,E>L,Master,1
0.35711662315557774,0.18586875242054343,0.2725417864179267,0.5577309159389571,splice_site,T>P,Master,0
0.17259603077771518,0.10876812648557292,0.24475792375993483,1.5898656547097638,splice_site,K>Q,Master,0
0.34292493135705404,0.6674308920608222,0.539252197661375,1.1413701886037422,nonsense,T>M,Master,0
0.23672141129969482,0.35241380518170606,0.4513188237012864,2.943283731669041,frameshift,E>S,Master,0
0.13854425624313038,0.40210256630249896,0.372716854769238,2.5031454377403843,nonsense,S>A,Master,0
0.1593442877314395,0.04178098226175981,0.0,1.3947247342693394,frameshift,I>R,Master,0
0.12361506728022226,0.01975321293072555,0.6968173449271565,3.6321845620724904,nonsense,N>K,Master,1
0.028168685259259814,0.0068695129602848026,0.6510390387648998,4.469402129446048,frameshift,G>A,Master,1
0.10339132451428369,0.045844324022429266,0.7404575614756985,4.418469360136513,missense,W>E,Master,1
0.09351871990114013,0.2756367087504493,0.5781451858282862,1.074525101751018,missense,T>L,Master,0
0.023366650594908223,0.015005160280957894,0.7912191648365147,4.9686125868333075,missense,N>S,Master,1
0.0895770946159975,0.015765925741185613,0.8742995410939152,4.780207316104352,nonsense,Q>E,Master,1
0.253500393320949,0.1799911722762974,0.2264528833448067,2.605934904005723,missense,L>Y,Master,0
0.020758257886600295,0.008788205894579484,0.7120863906892315,4.9099995679586295,splice_site,C>H,Master,1
0.05158014242601727,0.009115992712791964,0.7877344899692381,5.539078308555014,frameshift,K>Y,Master,1
0.003987259928309568,0.0016942129879785645,0.8415663372538607,4.057705526595252,splice_site,S>M,Master,1
0.038907670386367624,0.0111248518970519,0.9087726751338854,3.7314660064655683,splice_site,M>P,Master,1
0.011651113887896317,0.00830309997299241,0.7017583759519064,3.4403493161558965,missense,V>L,Master,1
0.014757074584467242,0.008998225246319018,1.0,4.613291964513654,frameshift,F>T,Master,1
0.014931693990562423,0.008723479292338927,0.5429852451419648,4.692375266883402,splice_site,D>N,Master,1
0.12357558389356067,0.49066652907194974,0.1695203079075044,1.5197007908454376,frameshift,A>L,Master,0
0.03290757783512535,0.0016392100790259309,0.9333439166032965,4.428265134847801,splice_site,N>I,Master,1
0.03272388134714121,0.016806948409775885,0.7495634799619394,4.052155744152114,nonsense,S>E,Master,1
0.013541868250499389,0.024759267538811684,0.9211265496493013,4.170286556391843,splice_site,Q>W,Master,1
0.01963169199453163,0.11710245791123473,0.8676888204480716,4.583429694946338,nonsense,Y>N,Master,1
0.001974993477477837,0.007106099178403873,0.9024351789859966,3.869677942005672,missense,D>A,Master,1
0.03279104925482942,0.007506055612514781,0.6874129172854876,4.113917656567674,splice_site,N>C,Master,1
0.07622327097939392,0.053826676245059664,0.8517000302513935,4.5203991091119065,nonsense,Y>T,Master,1
0.07894230281245987,0.025744719751761125,0.868714030600298,3.7056779157016715,frameshift,H>Y,Master,1
0.1406500120721844,0.059209506900392866,1.0,4.367759825615689,missense,S>N,Master,1
0.13210703077616567,0.14987297858101592,0.5708421850490166,2.0354020513009297,frameshift,V>C,Master,0
0.06260810780557949,0.006565900947332628,0.891307080592886,4.112699326057344,frameshift,T>A,Master,1
0.03849764686149493,0.3731490050332062,0.2603087120911928,1.4678045802462516,frameshift,H>P,Master,0
0.011827784705823111,0.01238668023871217,0.8965573558793184,5.85334397048775,frameshift,W>Y,Master,1
0.0021984221897478847,0.03557239772426826,0.8822842073216358,5.535627727077431,splice_site,V>H,Master,1
0.028775636615554157,0.019898298515161932,0.7151933073114582,3.5551511067010497,frameshift,H>N,Master,1
0.05300560659148866,3.148302746388469e-05,0.5242146370452632,4.329167358190121,frameshift,S>T,Master,1
0.011213596729734952,0.020329797987933985,0.5373315244001389,3.980336350560963,frameshift,R>P,Master,1
0.267789462230195,0.37926926236189284,0.0,1.7838721244562379,missense,C>W,Master,0
0.06625183060134812,0.01602562473519856,0.7345396979071013,3.5616548343310623,splice_site,M>S,Master,1
0.07649145959557213,0.43113928553151376,0.1308132719794063,0.9981940297107443,missense,I>M,Master,0
0.10781647019217469,0.015970381668230282,0.8193022132717943,5.066202770354635,splice_site,N>M,Master,1
0.04367736928513315,0.011217142365998951,0.8698575480862021,3.9203588003845784,splice_site,K>I,Master,1
0.09097414536467749,0.018063502296911265,0.6636595752662486,3.8777819761256525,missense,R>K,Master,1
0.02165341943228114,0.016087550867476635,0.8010067008522581,5.276875942864818,missense,S>L,Master,1
0.0161695354541862,0.005111180825611766,0.7840641425243536,4.836363488878344,missense,R>D,Master,1
0.06351480994116807,0.0052730644835877125,0.8946548527716782,4.5947799302543375,frameshift,W>K,Master,1
0.009142500250703126,0.0022354134299599486,0.8441082661860404,4.20993617865053,splice_site,I>V,Master,1
0.20555476228265585,0.4227091047519126,0.24334140811645757,1.823798004252403,frameshift,F>M,Master,0
0.230103789662621,0.22910989207357116,0.0830487131682372,2.309796726122324,splice_site,G>F,Master,0
0.01470545031884437,0.009072709455037844,0.8505864358116156,4.480241728884219,frameshift,S>A,Master,1
0.0046811054993513915,0.04768151068388602,0.9486159237018532,3.9139134764867807,nonsense,Y>P,Master,1
0.173196317696626,0.008502100208866353,0.8399546841015706,4.4566529232073115,missense,V>C,Master,1
0.03926089562250842,0.01027936589329729,0.8153763829544707,4.0877883556683265,missense,K>W,Master,1
0.01809155094435179,0.004022044459515053,0.8881696426957743,5.057565125916407,frameshift,P>V,Master,1
0.004860454269682231,0.03748320633233883,0.7939114023093298,4.899601359621071,nonsense,G>S,Master,1
0.5545767781144593,0.4522257014725657,0.29888257320636336,1.519822197197409,splice_site,I>Q,Master,0
0.058465284812729876,0.047978713485701,0.7464754296059606,4.106586184632481,splice_site,M>E,Master,1
0.2954397361797992,0.14012893866333193,0.41058863783962113,1.6647685729672672,splice_site,M>D,Master,0
0.032628298272215986,0.0009117654314038115,0.6747000242831607,4.459071126820168,frameshift,K>V,Master,1
0.008727249081059403,0.0644686056199914,0.7895227988318466,4.845852556803994,missense,R>L,Master,1
0.04432390993212316,0.5738321878925388,0.43711167264343675,2.0708529212632216,nonsense,M>F,Master,0
0.0484796639295802,0.002450395224073285,0.8252876657515668,4.527167829732696,frameshift,T>H,Master,1
0.028339140427796776,0.0059684554595430366,0.9051121747757999,4.979787946192568,missense,H>R,Master,1
0.05533979409235879,0.05274525508292196,0.6790034971332825,4.367385623887649,frameshift,V>I,Master,1
0.002849251626254768,0.0034835508107744864,0.6049904839981242,4.106959400595996,frameshift,Y>K,Master,1
0.039139449060647355,0.037296583904724276,0.7190239458400068,4.230594820551441,nonsense,Q>T,Master,1
0.1634596165903752,0.02908357241998784,0.6277277518434645,4.370126308300845,missense,S>H,Master,1
0.159845531312613,0.027185563377014443,0.8064048845017703,4.739150196127345,missense,K>G,Master,1
0.12535708912375337,0.0011239199773074196,0.8020271892122288,4.340129892866248,frameshift,C>W,Master,1
0.1080353835907003,0.283238564079052,0.3351084487670296,2.3883978232732614,splice_site,G>C,Master,0
0.03892769956469082,0.004223993932885999,0.8094738475832907,5.001360707588657,splice_site,G>Q,Master,1
0.00641746692976178,0.011142170872203436,0.7282717026984331,4.786716895843991,splice_site,W>H,Master,1
0.0860388904294391,0.023122941651509837,0.8120373128955561,4.44140548296773,splice_site,R>F,Master,1
0.09727466497597408,0.6918342429141433,0.33805658198448435,0.7465578141400355,frameshift,S>Q,Master,0
0.0846197646575657,0.03330090965321854,0.5582661458129919,0.8376857061073527,splice_site,W>Q,Master,0
0.2461986056763442,0.6513115984074744,0.45048724016349584,1.035296689458162,splice_site,C>K,Master,0
0.07305434284132686,0.4036391370717513,0.27449840421816935,1.2890357555387568,frameshift,Y>P,Master,0
0.09474161515833207,0.05444059884259502,0.7850686578128325,4.754747430827765,missense,G>I,Master,1
0.12068278151352746,0.0039805042589205865,0.8507932669962016,5.217838551899899,nonsense,D>Y,Master,1
0.00972217346526583,0.009366360432388915,0.8394544034316674,4.643189241500547,splice_site,N>H,Master,1
0.01637769351538619,0.011690832625519862,0.7651148002808801,4.8494518957508825,frameshift,W>K,Master,1
0.024981758582281043,0.04399310154306339,0.82447748411117,3.674473302469042,missense,Y>C,Master,1
0.2714407658506667,0.2814819004237564,0.5185050829356839,0.6430254215914326,splice_site,Q>G,Master,0
0.029821855687604558,0.045406181809410445,0.8786298230900279,4.603813699007954,missense,M>K,Master,1
0.02914947968092623,0.010060277048729922,0.7621015925941809,4.407557508450657,frameshift,E>H,Master,1
0.035931999528745984,0.29859499570701226,0.29885543181901586,1.5655243300832586,missense,M>G,Master,0
0.005204854445880768,0.007178650404587134,0.8080159760487554,4.05277789990641,missense,Y>F,Master,1
0.07791522924899136,0.0043182684141512325,0.8457671611193587,4.372892174855967,nonsense,V>D,Master,1
0.050498175271552294,0.004194986642339148,0.6779049429001129,4.515884856348817,missense,R>G,Master,1
0.03466844237234121,0.02542103689696796,0.7892653177549037,4.3388794230821395,nonsense,G>E,Master,1
0.0029119077587666784,0.06134821322324694,0.7915329102500336,4.612316157928038,missense,F>E,Master,1
0.1920478410984103,0.6852299190007336,0.5091605831399031,1.0821120593167082,frameshift,E>L,Master,0
0.005144309101810401,0.03631541509852476,0.871042453409145,4.403227125416206,splice_site,F>Y,Master,1
0.03684611393489565,0.008502060291368574,0.6928980437468513,4.150340563371664,missense,A>S,Master,1
0.025733955817448216,0.04483873216440614,0.7061820148778758,4.337963908099109,frameshift,K>P,Master,1
0.1414984503786106,0.30687823626572003,0.7255836149514514,1.8167184855546947,missense,L>H,Master,0
0.051795065363749004,0.012670300889173161,0.7976129031690548,4.892085086862238,splice_site,E>G,Master,1
0.1433051752792932,0.0035166650362394806,0.9312549194340227,4.645504813623721,nonsense,C>F,Master,1
0.001033342356096731,0.015408328171239917,0.7035342411104943,4.696064062743841,splice_site,P>V,Master,1
0.09855586863535025,0.030808587298348105,0.5456906810525222,3.0442250403396756,splice_site,C>K,Master,1
0.09202544889429282,0.03360960521144116,0.6455090630406884,4.472287969008789,frameshift,A>M,Master,1
0.03247644506241283,0.03553933861758802,0.7916819339895592,4.109891425931179,frameshift,C>Q,Master,1
0.03059044229879634,0.04355383057336117,0.7605841903473927,4.872817916401401,missense,P>T,Master,1
0.036534811751861185,0.01279834466797059,0.8846045008889408,4.827550135811266,splice_site,R>M,Master,1
0.019978246529365425,0.018495948016070324,0.9261761160395001,3.858457281811779,missense,M>T,Master,1
0.1252426408967907,0.7174534728998461,0.0,2.2132627653560935,splice_site,Y>H,Master,0
0.11425702907125561,0.5092223823359892,0.28353388999655893,0.4091713090175739,missense,V>S,Master,0
0.013602898163702701,0.0032634427751539806,0.7667802283858067,4.533334877706893,missense,C>G,Master,1
0.25830522630956454,0.3980406725925714,0.6782910230538441,1.9100665221508464,frameshift,S>F,Master,0
0.0550974897606461,0.03262190913206847,0.6663277915853378,4.288311254882132,missense,A>N,Master,1
0.004513456093790029,0.02261721383409319,0.8479119127782773,4.244153064044144,missense,Y>V,Master,1
0.011578243144045661,0.02086906939201327,0.6618450941120562,3.9927612544918487,splice_site,W>I,Master,1
0.021509610742407297,0.017223420460880105,0.7150204996977055,4.038625718217816,missense,E>G,Master,1
0.08749212615644746,0.44897963653579365,0.0843271672410269,2.1762168235566937,nonsense,F>H,Master,0
0.12245065702006676,0.3233794170176799,0.0,1.7862835208837242,frameshift,I>A,Master,0
0.08380169164768801,0.022111765182525774,0.760097206845008,4.168678303085986,splice_site,H>W,Master,1
0.022288117077159476,0.01467664566624492,0.7795692791399834,4.7405351847553865,splice_site,S>D,Master,1
0.071070691973173,0.001225710069257547,1.0,4.470195077305733,frameshift,M>E,Master,1
0.07918069894337221,0.02506840483530921,0.8190310125397057,4.681945681075027,missense,W>H,Master,1
0.08018756463361566,0.04746155423905079,0.6938527027076373,4.2159691928152,nonsense,N>P,Master,1
0.008181507347187714,0.002745488282677075,0.804168120721691,4.648125965944983,missense,G>Y,Master,1
0.0010367009785283926,0.0012269980063492902,0.727034211770588,5.12227449538153,missense,M>Q,Master,1
0.00983339577402109,0.0008339170557703937,0.8473731660768657,4.079439316219804,frameshift,L>K,Master,1
0.006867789264240516,0.07171529912048115,0.6911372279326375,4.738905923134692,nonsense,W>N,Master,1
0.07435529390995513,0.030749982221442144,0.5857280153601454,4.542719342609955,nonsense,Q>R,Master,1
0.07186223218763077,0.01172594099902035,0.7614599023503043,3.8466385153940212,frameshift,F>N,Master,1
0.07858878294272348,0.05138872236982844,0.8154850448310385,4.574265507820752,missense,D>M,Master,1
0.02548197672990607,0.025104827091472447,0.8084341032198211,4.777998525785722,frameshift,R>K,Master,1
0.13525935623242008,0.06430599489490037,0.3707963865342013,2.3187467644516078,splice_site,W>R,Master,0
0.023863597836460824,0.011909852959719696,0.6013472858022478,5.146146873442354,frameshift,T>W,Master,1
0.1483793994702107,0.09659407175268929,0.04569118557464652,1.931070962829677,nonsense,M>L,Master,0
0.07364986696000256,0.025189121648794204,0.9538847290469344,3.917726610944942,frameshift,V>M,Master,1
0.2794328193166851,0.22250075216038334,0.23677674387391784,1.2839560814845503,splice_site,Q>W,Master,0
0.09888218145094411,0.27014896323678717,0.45550995310482567,1.9967003327253978,splice_site,F>A,Master,0
0.16559765486587627,0.03036207409003536,0.1234805427712973,2.583430559667544,frameshift,E>N,Master,0
0.02442636279125158,0.019457648349950306,0.94769220222147,4.2304446696491755,nonsense,G>M,Master,1
0.016608822440152136,0.013756900273554269,0.8613536129185189,4.672304660297055,frameshift,F>N,Master,1
0.161242647149528,0.026658208225407654,0.9698458702375565,3.8314238945794044,nonsense,S>W,Master,1
0.0032538020867202227,0.03664348283184301,0.7591500481843794,4.974102997411675,splice_site,W>F,Master,1
0.10265194684908428,0.030052817610127645,0.647489435898564,3.899678133839452,splice_site,K>N,Master,1
0.036288246008177906,0.007877796603878117,0.7512130911926205,5.3296353321095955,nonsense,V>W,Master,1
0.008201573029150084,0.036491014788442785,0.8664763089724363,4.035608315008291,nonsense,W>M,Master,1
0.005255342707663747,0.007573671941637456,0.7971875676058165,3.8906444496153174,nonsense,S>Y,Master,1
0.16165341190099253,0.00040590549302066316,0.6488906451547477,5.093446538797949,missense,Y>H,Master,1
0.11414638263680961,0.04321133619412491,0.7814194389900222,4.995523523463726,frameshift,Q>C,Master,1
0.37092701334425104,0.34717905829407064,0.3479593667483977,2.4118852834893625,splice_site,Q>F,Master,0
0.2149356275107583,0.09207180799799926,0.46762937937943205,0.17037809759157185,splice_site,C>K,Master,0
0.0619889589897001,0.021686293923439993,0.1679337474399767,0.8859627990158775,missense,N>Y,Master,0
0.005773823633606895,0.019241047704492555,0.7854771354161081,4.425423005516378,missense,P>I,Master,1
0.018654433768533568,0.039129519213363606,0.7320580439057109,5.4506923327931585,frameshift,H>L,Master,1
0.058254779015769864,0.00895863845864439,0.5578620248122722,4.160354840186197,splice_site,R>M,Master,1
0.03622037233188581,0.028121410342928525,0.8590362208114946,4.569487826181642,splice_site,Q>Y,Master,1
0.028464094014700934,0.002683711249684351,1.0,4.927594526696414,nonsense,H>N,Master,1
0.11286023455420878,6.103694880679535e-05,0.8429350713661271,4.529122180329691,splice_site,Y>F,Master,1
0.09886339294433126,0.4570081833148999,0.6493979396350993,1.109038423814301,nonsense,H>V,Master,0
0.04569673971512685,0.003868163528594266,0.7849416451625073,4.002001446519305,splice_site,M>G,Master,1
0.07639690413380919,0.0018971332637423258,0.6806288145755723,5.132384763387483,splice_site,W>S,Master,1
0.3071370956557832,0.42187417120921517,0.15862931969713126,0.7256653439807597,nonsense,N>Q,Master,0
0.028284996926380018,4.981547655303197e-06,0.8255699538048143,4.304624115047691,missense,I>A,Master,1
0.18160008509230582,0.007169085005548715,0.680283340730977,5.001568501652783,frameshift,S>Y,Master,1
0.07759439878887889,0.06284351621131679,0.7171859862387103,3.6296602817563084,splice_site,C>T,Master,1
0.12307365742602398,0.039264505451295326,0.7076880815763471,4.384225253027353,splice_site,T>C,Master,1
0.03410992277191671,0.0014630366237870518,0.786998602674487,3.6676670074872435,nonsense,H>E,Master,1
0.06504515563604371,0.005007790318461184,0.7506900539023706,4.27150298072177,missense,T>I,Master,1
0.1696393129110001,0.3761575603916306,0.25904294847885284,1.2522545743706177,frameshift,G>H,Master,0
0.10668120325685372,0.006488530016048847,0.6544526524382684,4.513983271989313,nonsense,V>S,Master,1
0.07891824140166516,0.007457997944543808,0.8160259286641666,4.464093428574483,missense,H>N,Master,1
0.040010178783598346,0.03266716974982249,0.8934717745828493,5.238846436516076,splice_site,Y>D,Master,1
0.05422584650265347,0.0017490341350968471,0.8197368462234692,4.420905310088901,nonsense,T>L,Master,1
0.29460872423379153,0.12768519436038278,0.4388422085890451,2.8871065107028864,frameshift,K>R,Master,0
0.02450441413421661,0.023801077525700622,0.9330451671562318,4.898755153439062,nonsense,I>N,Master,1
0.051036492996938,0.03933262239456827,1.0,5.519320962524133,splice_site,Q>V,Master,1
0.11672655606488674,0.03902327519923201,0.5207253820889574,1.434718460522352,frameshift,K>E,Master,0
0.11632878035894209,0.008428777788203,0.7693003642837397,5.2187733754663235,frameshift,K>Q,Master,1
0.057894389171590836,0.007708940187047523,0.7895179634059538,3.806719970609501,nonsense,M>G,Master,1
0.2039725414166257,0.3034097554191275,0.3493104190994636,2.4625578865139013,splice_site,E>H,Master,0
0.14293340491114873,0.11407163361490734,0.6526808091837044,1.3734029020467073,nonsense,P>K,Master,0
0.06205289595591295,0.009197954459422083,0.8579498737600645,4.081830750167686,missense,R>C,Master,1
0.00668047768610204,0.0019788230321645785,0.7888481103494207,4.0203396173905155,frameshift,N>D,Master,1
0.02731948301518963,0.00042849808763463054,0.7671169173412761,4.05040195197599,frameshift,L>H,Master,1
0.03357270664108871,0.0013665390840817367,0.8858663439077575,4.125112062484095,frameshift,Q>I,Master,1
0.24552630079163287,0.30326156606219973,0.22996179392919966,1.3709843995216169,missense,A>W,Master,0
0.07854342044484149,0.23221857421264072,0.13914641571011652,1.2130350073870666,splice_site,P>Q,Master,0
0.005461414135904359,0.032821867900799946,0.9789438711077374,4.098343570796442,nonsense,I>Q,Master,1
0.2577775509299277,0.2521734757047963,0.20101762534003012,0.7716658606642209,missense,A>N,Master,0
0.010286896786716267,0.01885364862657775,0.8171244047684996,4.9563634065599045,splice_site,Q>Y,Master,1
0.021729005065982222,0.012606233941449827,0.7113960611614093,4.894432107926063,frameshift,S>G,Master,1
0.005576033593306132,0.004910580602168574,0.7409638308194669,4.247275239322243,splice_site,L>C,Master,1
0.1674120497955676,0.2885329397920674,0.17992866114728534,2.7197413942780537,nonsense,W>T,Master,0
0.022945902999281932,0.026259509242275488,0.7550714652064192,4.168505019364476,missense,M>I,Master,1
0.0104328858953849,0.019267518927437343,0.7380128929375448,4.423727526181441,missense,L>G,Master,1
0.19316415001497536,0.0942934736723874,0.13373571817487676,1.1635045260351826,frameshift,L>E,Master,0
0.002368357434424986,0.003462584169666806,0.7383899846760716,4.606545287434486,nonsense,Y>C,Master,1
0.027652497603294784,0.0838461445482121,0.40779261453114446,1.2822222625818434,frameshift,F>T,Master,0
0.06684462567021586,0.011288235710660599,0.602927871815443,5.446326854168557,frameshift,C>P,Master,1
0.38606072018137166,0.3711191472902074,0.320009725555549,0.8111815148093928,splice_site,A>K,Master,0
0.11112027013264016,0.028201368810346697,0.827598584942054,4.133945612655815,splice_site,T>P,Master,1
0.04711835524989039,0.04280963025563278,0.697193218753589,4.564501379006892,nonsense,E>I,Master,1
0.006063613747515954,0.013110146021498958,0.8048716679393808,5.03052092959179,splice_site,P>Y,Master,1
0.07264048138349952,0.22150768966764148,0.03889751248340567,-0.027838135727141555,frameshift,M>A,Master,0
0.026977143588768435,0.0026934788523369137,1.0,4.761485786948473,missense,H>I,Master,1
0.021542387326828567,0.0037502294066266745,0.6678766262336309,5.1297009014960615,missense,L>I,Master,1
0.004843534972703027,0.12297821597686924,0.4826561236080568,0.9530476119005985,frameshift,Q>G,Master,0
0.12960307727836032,0.43737778609497013,0.0,0.6973396340367746,missense,H>E,Master,0
0.28642243302385634,0.05039703425317877,0.09724125180605536,0.73558498526461,splice_site,Q>V,Master,0
0.02296275514717067,0.047570601180186,0.5760208369633879,4.204178179868239,frameshift,K>Q,Master,1
0.2757969911095101,0.34979843365924534,0.719849903851018,1.5501249159486374,frameshift,S>C,Master,0
0.10727830476723725,0.01785789961173421,0.8854317339173784,4.991219415364454,missense,D>F,Master,1
0.05250842262719822,0.03758406782614369,0.9353435062907751,4.143899487574687,splice_site,P>N,Master,1
0.04427068151026336,0.1260218027974379,0.14954223564770633,3.1247628938793195,frameshift,P>L,Master,0
0.06802668397606669,0.01024370758363718,0.833300212944904,5.284099845263743,splice_site,A>M,Master,1
0.10007426260122713,0.03902337474022872,0.44522550427007473,1.749116285929615,nonsense,A>I,Master,0
0.03013577167305759,0.02232484598942123,0.895586060652498,4.2038778111879935,splice_site,Q>P,Master,1
0.0429948316819739,0.001736786498140709,0.7129233623559261,3.94185491484943,splice_site,H>R,Master,1
0.124923705190749,0.10345526347801395,0.4785681108638593,-0.5368040516971759,splice_site,Q>E,Master,0
0.02252392076954453,0.20516193023328408,0.23842080699231058,0.18509268622403963,frameshift,P>F,Master,0
0.14208596112503288,0.4133622514714107,0.33353003107733115,0.6796241244813916,nonsense,Y>M,Master,0
0.024980704675294094,0.0007795078123951899,0.6973931917258842,4.797233240776614,splice_site,Q>C,Master,1
0.2586121003006346,0.011815283973777128,0.7993938174226406,3.544510810727371,nonsense,D>H,Master,1
0.028599485310837763,0.026267428581232072,0.5727858344429393,4.158989092567975,nonsense,D>T,Master,1
0.06582915529296265,0.018816831071088422,0.8569029537259759,4.947328725846003,missense,K>R,Master,1
0.013138298035915595,0.03974682148571475,0.7284662430905333,3.9869690845538037,splice_site,G>M,Master,1
0.06266914133032948,0.0018918945728037958,0.7182904541359768,4.673762747013355,frameshift,W>S,Master,1
0.028584976978294093,0.01944812848204859,0.8641625232441209,4.578519585098384,nonsense,P>T,Master,1
0.04737491059888242,0.01889448726540382,0.9583717545639541,4.398160682713822,missense,M>K,Master,1
0.11551529503021422,0.002611306936050157,0.8326852406260935,4.418360807385849,splice_site,K>F,Master,1
0.01212923761314194,0.06479341842247542,0.7614066873484436,4.4373165070012455,nonsense,R>F,Master,1
0.2643765584159526,0.23702138905286882,0.15102544294474518,2.6074494024246286,nonsense,S>N,Master,0
0.007681696069572321,0.009783308338222794,0.8180321249177299,5.19119137284497,nonsense,M>D,Master,1
0.030333408056365686,0.0228754449895539,0.87324765292381,4.368558763482312,splice_site,A>H,Master,1
0.14556357656295307,0.01019726085168718,0.6797308971105133,4.317678972941434,frameshift,E>G,Master,1
0.015149330822611128,0.045277022500109135,0.9008762507133136,4.547632032188358,frameshift,Y>K,Master,1
0.08179951928822136,0.02643124452107342,0.6931562514154171,4.796585495499015,missense,P>Q,Master,1
0.02960139039978189,0.013248788777647838,0.9669383459547648,4.656257583097781,frameshift,S>F,Master,1
0.004220095025738561,0.07002759555211306,0.8457609741940373,4.698135781793043,frameshift,H>P,Master,1
0.0719201416590643,0.05670685463522283,0.8379833455037086,4.008483506640123,nonsense,K>R,Master,1
0.0559833214808592,0.11445768394685336,0.15209788574118946,1.1857920623326448,nonsense,R>C,Master,0
0.14406024773178094,0.04352343838501344,0.8485593920044003,5.052434977349355,frameshift,H>F,Master,1
0.026115516390672378,0.005777646882647132,0.8682652507292589,4.95831384436142,missense,S>H,Master,1
0.23682331050694386,0.3169279253303411,0.7343986418988583,1.628107917586298,splice_site,E>H,Master,0
0.04449799689915361,0.002061377229380478,0.7649047257861913,4.534212655603952,splice_site,F>T,Master,1
0.02921059319168471,0.007020932867791027,0.7583100363880612,3.535258868686959,splice_site,R>S,Master,1
0.2081825802982189,0.33443567832181087,0.5757822486003366,2.3604000169045096,nonsense,I>M,Master,0
0.03627306640864556,0.025231860788248,0.8252231479919299,4.700732983792264,splice_site,P>D,Master,1
0.3629597935791573,0.11505791812825453,0.0,1.802607185854338,missense,S>V,Master,0
0.018614481159406077,0.29042449538934195,0.24171872773022135,0.29502810327479323,frameshift,V>L,Master,0
0.03645824329449008,0.015812920723190238,0.6525049320289662,3.43018621822322,nonsense,F>R,Master,1
0.2150078949669329,0.4461798640966707,0.16485769396826153,1.9253589871918886,frameshift,W>C,Master,0
0.013086572463405768,0.018027571279880014,0.8153854228873499,4.243001860835831,frameshift,W>R,Master,1
0.02935589036881951,0.014377579988043048,0.9190728648979846,5.143025051931713,frameshift,G>H,Master,1
0.2084473549546749,0.5361113017984716,0.12256748232742906,0.5226109042459924,missense,T>V,Master,0
0.14925551435487944,0.023566045015760383,0.6480131962624491,4.389435886042939,missense,G>E,Master,1
5.472758273749733e-05,0.013359834823239956,0.6098925571182015,4.469530244107002,splice_site,W>V,Master,1
0.10165449230476349,0.03279342891881389,0.7048057072758513,1.0815328026442725,missense,A>N,Master,0
0.06799983573779682,0.010017000716977404,0.8882924805586753,4.975528431240733,nonsense,H>S,Master,1
0.10329942433687818,0.04843234397463316,0.8061343664240864,4.52631106500863,missense,C>N,Master,1
0.023297828167927297,0.003709395163590224,0.9041107816524564,4.2068861528595,frameshift,E>K,Master,1
0.08728332243937767,0.08340996552147698,0.2812095268735431,0.6933711456285377,missense,L>N,Master,0
0.24047861816771368,0.2877407941270993,0.5301669299368725,3.4656035546004107,missense,L>F,Master,0
0.05020469325625347,0.027252256269185995,0.8222387814134697,4.5009564680104965,missense,E>H,Master,1
0.01823436554263433,0.025437817861652997,0.7313119765211873,3.781227109277796,missense,W>V,Master,1
0.06805706532558337,0.006877092755413823,0.8398232784692273,4.239655452240428,splice_site,G>S,Master,1
0.03187266511945547,0.02763359226583047,0.7944606474517665,4.590280469098735,missense,G>L,Master,1
0.196477691854645,0.23252040977000013,0.3714385757989878,0.7430771350962555,splice_site,W>E,Master,0
0.04470239177680059,0.13990548494656244,0.4704882529642685,1.3942705981157408,splice_site,Q>R,Master,0
0.08466659971848106,0.03277580512008621,0.7128489405666844,4.405559931643272,missense,N>L,Master,1
0.11959226388544104,0.08091027882447192,0.4466431675243187,2.6377134492384706,nonsense,V>L,Master,0
0.07234025693337527,0.03287170099898189,0.7120846800906454,4.841531290754133,splice_site,K>W,Master,1
0.041780366883234304,0.005298124925389915,0.9140962932365408,5.030202105539327,nonsense,W>H,Master,1
0.1426730331368815,0.4042513948233303,0.38047823380564105,0.7497706669270716,nonsense,T>V,Master,0
0.11683308708661894,0.23572240621361895,0.2369615880153111,1.3258295670260078,frameshift,P>S,Master,0
0.013949522521150145,0.037586496774463685,0.8108784905860796,3.962768616821999,nonsense,L>S,Master,1
0.012895133553845216,0.046803181849771384,0.6874049103864606,3.9748079463250967,frameshift,H>P,Master,1
0.04270741911551814,0.013127950921241903,0.9046879032323288,4.78945651188645,splice_site,C>H,Master,1
0.011088117526742512,0.008592445195261462,0.9426234258079765,3.1877944169780577,nonsense,M>S,Master,1
0.20472563410150638,0.11517740819635747,0.07342343732914533,1.3628336554873282,nonsense,E>S,Master,0
0.014115350219435528,0.03317809327625365,1.0,5.210200461564928,frameshift,A>M,Master,1
0.03653669188360554,0.028379833673695825,0.7611231249570418,4.660230810755791,splice_site,Q>S,Master,1
0.1876849402232255,0.1513574247331893,0.39835597792013816,0.9538943823903023,splice_site,F>T,Master,0
0.061771003697858984,0.058529997748360596,0.6460945078429532,4.544154506642179,nonsense,D>W,Master,1
0.012397872125577528,0.05647912853750666,0.8667383103140569,4.440272799371832,nonsense,D>K,Master,1
0.10479066865220385,0.3808834221904488,0.28912974511995954,1.3524364234763455,missense,N>V,Master,0
0.0492534791197163,0.02250062854962448,0.848801348637601,4.619292093965303,splice_site,L>E,Master,1
0.011856334151464967,0.01574279936154876,0.6915529376421217,4.7801809753333675,nonsense,G>E,Master,1
0.32047850565587316,0.12137249703259331,0.39520216001312514,0.7398090230838145,missense,V>Q,Master,0
0.20999668886582765,0.03508704217669695,0.9262277890671673,5.282007009105906,splice_site,H>M,Master,1
0.008991438696875242,0.028084540121204975,0.8758065706173969,5.03027993904591,frameshift,Q>N,Master,1
0.08588273296857538,0.39822847964425256,0.3035283617470039,0.5717012391456,nonsense,H>A,Master,0
0.06233565921044847,0.2939698109020261,0.23946779126489004,2.6444995175987156,nonsense,A>R,Master,0
0.17519361109815523,0.13689203478118914,0.3389257155834822,2.8564878881033917,nonsense,G>A,Master,0
0.12196937669786793,0.08901725871843912,0.22955653622050864,1.6245738556243527,frameshift,K>W,Master,0
0.15811374457867025,0.2898198737943556,0.47482281636357204,2.385848427151474,missense,F>I,Master,0
0.15890330612670633,0.0018962151524488634,0.7647521054413352,4.2954174653930295,frameshift,S>V,Master,1
0.009188455420050664,0.010536229135287215,0.8042039036997232,4.534196930318331,nonsense,R>W,Master,1
0.0009340049273242413,0.04705605348544017,0.7269165100302329,3.964020181576961,missense,F>I,Master,1
0.3389583957218576,0.01814177770979558,0.9917848001606666,4.138281388418456,splice_site,P>W,Master,1
0.06906820605439212,0.1553252701309937,0.4006657547691133,2.056769004242884,missense,A>K,Master,0
0.00037900598357857386,0.016644589045471933,0.7148408167498398,4.476201377440747,missense,V>A,Master,1
0.05412441941046124,0.06144564437073554,0.8012901295568307,4.237549018565501,splice_site,R>I,Master,1
0.2071659074998198,0.27884461432456475,0.43905350005044735,2.026952651124495,nonsense,D>H,Master,0
0.005124313750493057,0.005508868000404932,1.0,4.744981154726358,frameshift,S>L,Master,1
0.0663180699026092,0.028478219317932183,1.0,4.720440505697238,nonsense,I>Y,Master,1
0.1477275705622689,0.0010613144324059028,0.7017907593199785,4.847199671073619,splice_site,Y>R,Master,1
0.018951130925944817,0.03262128596693648,1.0,4.56719372093974,splice_site,D>I,Master,1
0.13457543197893596,0.0035696087077232382,0.7463653973043478,4.510990776321801,missense,S>W,Master,1
0.02839712930736205,0.001037598701426586,0.960740454982343,4.294931869114509,splice_site,K>E,Master,1
0.08048262079487721,0.034284656373433094,0.7809514302194894,4.144858981424461,splice_site,G>H,Master,1
0.0067619064691742635,0.025779106535609175,0.8798504904615669,4.502000630118298,frameshift,V>S,Master,1
0.17721387285512655,0.3619713828541355,0.46211899462971845,1.4403358159171886,missense,Y>K,Master,0
0.05293585053359712,0.3643940294210985,0.2322144737301714,2.6687227409156273,nonsense,T>N,Master,0
0.11386527718126697,0.28771104108409523,0.3496924842262583,0.16704860957871404,frameshift,D>C,Master,0
0.06432521809182272,0.05683529684327382,0.8294568512575164,5.282551702787122,missense,T>D,Master,1
0.14135352518758454,0.0149098100222901,0.7415500784378051,4.46434105474259,splice_site,K>F,Master,1
0.04387205519084345,0.005044009041944178,0.7836592769268689,4.428542654003409,splice_site,I>H,Master,1
0.00023614589254070223,0.06361507948792514,0.7088572562462037,4.153151016191666,splice_site,V>F,Master,1
0.29466410718834074,0.1225816607306237,0.31453789260708664,2.1597276502794025,splice_site,F>M,Master,0
0.02969401891998322,0.0021954355354680518,0.6743844725492614,5.506660473048721,nonsense,V>D,Master,1
0.05762570249684148,0.0010437081327431908,0.7413187284396918,4.77600415515789,splice_site,T>R,Master,1
0.03082156588860298,0.03943615167910091,0.7227764978658459,3.97778190159611,nonsense,S>F,Master,1
0.07732166204916374,0.03551121086705622,0.7612283133508433,3.6110122326488243,missense,R>P,Master,1
0.08245344863998358,0.008315426890269909,0.785018928125421,4.520835711069678,nonsense,P>V,Master,1
0.1914183434957691,0.2510002950916619,0.34235848403715685,1.637323015975117,splice_site,R>C,Master,0
0.023010718100383958,0.036786600208533624,0.7187530167707666,4.350667304710151,frameshift,Q>R,Master,1
0.20418262259098757,0.2758486574207733,0.27828316764392197,2.287741355859637,missense,D>R,Master,0
0.004500189189992006,0.020585953049587352,0.8503636636177861,5.080611136577081,nonsense,F>Y,Master,1
0.02641260622513233,0.003939101065610663,0.824728812562774,4.04185347649772,frameshift,W>F,Master,1
0.05906465116719345,0.03286064062549213,0.7386624371526813,3.8910983473387075,missense,H>G,Master,1
0.3639830476431411,0.451309077651029,0.01855778009916198,1.4871408910703403,nonsense,G>W,Master,0
0.021423186888352423,0.07955450791460224,0.8011593859325372,4.641661796267833,splice_site,Y>D,Master,1
0.07609370673747952,0.5218719013620511,0.0034173917644173546,0.6135868848153864,nonsense,K>G,Master,0
0.022256937224488186,0.0192819689206505,0.9797016516497955,3.6941507790314025,missense,F>I,Master,1
0.020991729829910342,0.003110410745048034,0.8214864709463865,4.8852402183437516,frameshift,W>F,Master,1
0.015840600633422797,0.021524253286098766,0.7832368474511636,4.4585808107877,splice_site,N>R,Master,1
0.14806237014147655,0.030102397270128936,0.8201047664281695,4.36891803993743,frameshift,C>K,Master,1
0.03576726603944591,0.002308369435071752,0.7266537908831037,4.611519012413238,splice_site,M>L,Master,1
0.08867176054995467,0.005324415725658123,0.9038839711982094,4.810628047101765,splice_site,E>Q,Master,1
0.10321260253404388,0.030180519818033238,0.6868275811400341,4.147335834528667,frameshift,Y>Q,Master,1
0.01802067862160211,0.006092335954592392,0.8672612891089843,4.604459636738877,frameshift,H>Q,Master,1
0.0009048576168619707,0.06293719549125623,0.7302968530635139,4.3831633541375385,missense,Q>K,Master,1
0.014124197710509136,0.012664937954871707,0.8704338601147596,4.096455970131209,splice_site,R>Q,Master,1
0.003248859537769638,0.010064101661552634,0.8215662787486064,4.567527852391845,splice_site,A>I,Master,1
0.13478384816600486,0.27859424330602867,0.2143156539999928,0.9902442261923547,frameshift,Y>H,Master,0
0.02217431497089057,0.03993839226807725,0.8764599597635581,4.503718569404957,nonsense,R>D,Master,1
0.08141254152726544,0.2767856616082314,0.23443693795212836,0.9771205718546631,nonsense,E>P,Master,0
0.0090743055543785,0.10773576240763771,0.8283269950146599,4.249385496278273,nonsense,F>G,Master,1
0.053440492395102165,0.0009812585795486869,0.8731672326620912,4.735376620773893,missense,N>Q,Master,1
0.14421926961349732,0.1510875838079549,0.08830990211579243,1.3747962811193155,missense,G>A,Master,0
0.007488012439622745,0.028343017474794202,0.7282501397915578,4.280942536347542,nonsense,W>K,Master,1
0.1777803526262191,0.600652690358533,0.0,1.994886838088227,splice_site,V>M,Master,0
0.015932533183449508,0.026171265914165395,0.9590835333926973,3.9570236332107327,missense,V>T,Master,1
0.05979416135199317,0.003617533488462237,0.8567021832903227,4.821956505148078,frameshift,Y>G,Master,1
0.03593534720149413,0.005409552901330897,0.747792809550164,4.336758688110222,frameshift,Q>M,Master,1
0.014752981531461162,0.0008604070418903974,0.7324281997584469,4.349334069298309,splice_site,T>Y,Master,1
0.1527017813319514,0.020753008469409796,0.8954164514190924,4.066634883333141,nonsense,S>Q,Master,1
0.016277524132267462,0.008835182316462561,0.8372767224276403,3.8189851589994994,splice_site,Q>N,Master,1
0.026334935217923836,0.0030214616594242323,0.7385809581874507,4.644872013457017,frameshift,Y>T,Master,1
0.11436984320216738,0.024164279910604214,0.8728741586465759,3.9307687044228476,nonsense,R>H,Master,1
0.05241885408974166,0.010007976837602612,0.7623224530262145,4.601299262238037,missense,F>D,Master,1
0.026796859072426536,0.003656102364797476,0.9383057398581606,4.378542884456361,missense,G>C,Master,1
0.06871893381092913,0.004564180577816172,0.7428261417774811,4.798166791932737,splice_site,L>T,Master,1
0.09227917164490072,0.04336117095405226,0.8994518116028477,5.133591065869442,nonsense,Q>F,Master,1
0.047788316274879575,0.0025267712611441117,0.9478183935639002,4.950999189105047,splice_site,T>V,Master,1
0.07216529631158437,0.03082207858202257,0.8036279292638335,4.92441839798976,frameshift,D>M,Master,1
0.0742740831518199,0.01350961998567534,0.765486276952341,3.8831529178357256,missense,G>F,Master,1
0.02216943192056212,0.01963386704069507,0.8117844326141301,4.613854559237979,missense,G>T,Master,1
0.006641449858885273,0.0427160273803659,0.9815677455080316,4.940107069812089,splice_site,E>F,Master,1
0.025481900524979978,0.012866679429675105,0.8762063873862599,4.557084541744064,frameshift,F>I,Master,1
0.013181220143524745,0.00967339260774853,0.7680903965748976,5.0510976593856,frameshift,D>W,Master,1
0.038734289733931344,0.03966117686831744,0.9490143595883478,3.8383713216157265,nonsense,V>W,Master,1
0.0953186348600052,0.0003878419132660458,0.7794348088146614,4.433596848961653,frameshift,F>V,Master,1
0.08264925058448028,0.005062632221022643,0.954610856043141,4.892412684274247,frameshift,Y>K,Master,1
0.05072041106311057,0.07751765574591009,0.7647819551880413,4.406514243591359,frameshift,C>M,Master,1
0.024805213561426565,0.0017388091194581816,0.8410506791486382,3.9724491848666577,splice_site,L>F,Master,1
0.03180633783240487,0.19974005054442223,0.03616560843357525,1.1565249196042287,splice_site,F>M,Master,0
0.06798008533587109,0.05215850605102501,0.8720486108254288,4.321849341133969,nonsense,P>E,Master,1
0.022134204734743715,0.06724273105402233,0.8587042424067834,3.6226207908618706,splice_site,M>H,Master,1
0.031456793698684996,0.005895959089100799,0.9342747603316767,5.237346992672841,frameshift,K>F,Master,1
0.06009088391485693,0.03102618736755256,0.8908445165645773,4.934087739777947,frameshift,Q>P,Master,1
0.07885260471064905,0.013689654635085063,0.6824189019660802,5.341707422371334,frameshift,D>P,Master,1
0.10766693350568732,0.6206849372156791,0.09931323784835416,2.1665042627186755,nonsense,D>K,Master,0
0.0012698826140798364,0.02436159847572003,0.6708192546332884,4.217819787657984,frameshift,T>L,Master,1
0.012204088197087527,0.08693240631167326,0.8435946323899337,4.69182219248482,frameshift,Y>W,Master,1
0.11251703580082587,0.4815510903724658,0.5165249842004421,1.1327813996045477,missense,T>H,Master,0
0.12935410112005397,0.019247708095494337,0.8893761797387831,4.310054395656208,frameshift,K>R,Master,1
0.060016252228118364,0.08155104631854534,0.8099229623381073,4.8306699820711465,missense,K>M,Master,1
0.004644972109663049,0.014543856159179826,0.8688285108488233,4.470992452803035,frameshift,L>R,Master,1
0.18592157139541707,0.22635663567052894,0.5499642194107358,2.4527087462932156,splice_site,H>D,Master,0
0.02630697063679297,0.006799703679523649,0.9189283453439643,4.539840489922707,nonsense,R>P,Master,1
0.1639397553266113,0.0013191235630162902,0.8008274494342321,4.428416833182234,frameshift,R>A,Master,1
0.17997843958966755,0.18507090330671436,0.24045287022375375,1.1585897369291456,missense,A>I,Master,0
0.2246474569785148,0.1441442231064311,0.4183823812489177,1.2871167558030263,splice_site,R>V,Master,0
0.0021328689432020542,0.049642219491749115,0.737945912455434,4.64921394974141,missense,I>Y,Master,1
0.08345126824078201,0.008166112747029403,0.7955401328004778,4.386700417992701,missense,D>S,Master,1
0.02103091600683672,0.014455804886304706,0.8256577395849308,4.310134437483081,nonsense,W>E,Master,1
0.05541142369666104,0.012083214434026622,0.8520677767080074,4.589699019590223,missense,I>D,Master,1
0.007996442721790424,0.0012131159002678133,0.860158004540218,4.873805122636025,missense,G>W,Master,1
0.014677864628127459,0.014529174687833898,0.840317016663439,3.6319789702243033,splice_site,T>I,Master,1
0.017837900247665302,0.005929207226398701,0.8915529791724743,4.14280672014799,splice_site,G>P,Master,1
0.08187511639772174,0.01976792212007034,0.7730259393388342,4.268942018100072,missense,A>N,Master,1
0.0062541956064004105,0.003277409778315274,0.6796114365627015,4.784650833944691,frameshift,Q>G,Master,1
0.04554850877432441,0.08587132739128128,0.6701258313389509,4.99775928858148,splice_site,Y>T,Master,1
0.25226307889524385,0.37361748169436815,0.18199480618183572,0.8190212866694989,frameshift,K>E,Master,0
0.003871197791075943,0.01790027855149118,0.7220543798747768,4.242182982959837,nonsense,D>A,Master,1
0.17462560284078427,0.004930019799352249,0.8206816361791405,3.9009207937624946,splice_site,I>S,Master,1
0.04347482045886895,0.028104024860316813,0.8201066990031393,5.558686408210171,frameshift,Y>V,Master,1
0.07769173538983072,0.2946150398388902,0.0,2.7744748945322004,nonsense,C>S,Master,0
0.00305614798761275,0.01523798329536123,0.967665080276136,4.626446397845155,splice_site,V>T,Master,1
0.05490664762502843,0.018994008661925518,0.7651691604955995,4.755219989000497,nonsense,H>M,Master,1
0.07355439955398134,0.3315197628266509,0.08482828763242664,1.0449556662677535,splice_site,C>V,Master,0
0.2071422798015626,0.2504214620875927,0.20647809331655448,1.602486081594797,splice_site,M>Q,Master,0
0.014039339557750418,0.03615767472325006,1.0,4.438379030574433,nonsense,E>L,Master,1
0.06322686992281132,0.5147428481661426,0.34629231649975456,3.378414806923101,missense,A>K,Master,0
0.001816528203111852,0.021796816199450782,0.7851810709596359,5.0434578088945,missense,T>Q,Master,1
0.02161688732694114,0.037674635929843096,0.9676189507502015,4.6498980857864645,frameshift,C>I,Master,1
0.04841377494094691,0.0323784890398166,0.8434376922028368,4.646635687721715,splice_site,F>C,Master,1
0.01421278648927204,0.001077106747929989,0.8422014359410694,5.184530649921233,missense,Q>I,Master,1
0.28374071041393994,0.3913018872076948,0.5686016167472262,0.6380888288808504,missense,M>Y,Master,0
0.07999404775441654,0.408428229023747,0.6292566767167955,2.21817725476754,nonsense,E>N,Master,0
0.03340866119634006,0.028270824207492214,0.7768581938795008,4.419155445987469,missense,S>Y,Master,1
0.032779374477736045,0.0005809499927985609,0.875875619265604,4.7946848036347856,nonsense,E>Y,Master,1
0.020811697899587835,0.011074353326118109,0.8536487727121329,4.852947098052276,frameshift,K>F,Master,1
0.06406624127148905,0.05468405843009061,0.8299520419416161,3.671516772130636,splice_site,P>G,Master,1
0.004496357717152965,0.015254409976616319,0.8243826926616765,4.25065748803181,nonsense,D>H,Master,1
0.37811091769048233,0.28041777274694507,0.3078993522404379,0.6073722308916121,nonsense,N>C,Master,0
0.027542209712078856,0.2557265209706381,0.2855341997395386,1.057101348699486,missense,W>C,Master,0
0.05442166472262541,0.044156153265364186,0.6032905437093846,4.6715242653470215,frameshift,R>S,Master,1
0.2738810871603442,0.31532162056404106,0.2361763820604193,1.6432167313836157,nonsense,R>E,Master,0
0.022341436713079137,0.0016335808073862153,0.6615403375272652,4.312913207598282,missense,N>D,Master,1
0.03949206531198741,0.03463399797697985,0.8527071198678116,4.13319602695668,splice_site,Y>I,Master,1
0.01619865552936798,0.00016283137908432694,0.7473834628939813,4.260883696070786,missense,E>C,Master,1
0.0893168557883642,0.12128873824757279,0.2836115035216337,2.926583913395615,nonsense,I>F,Master,0
0.10659111652571038,0.014737520546171386,0.8152133718864116,4.905265381394774,splice_site,T>Y,Master,1
0.016354088989219594,0.017778550497003706,0.9134924281599199,4.355499390699391,splice_site,R>W,Master,1
0.07265457893044867,0.013024483420621834,0.8172891684787693,3.762064451449294,frameshift,T>A,Master,1
0.11378355859257361,0.023411849424442032,0.7154769894563147,4.283511867378892,nonsense,F>C,Master,1
0.05588708400580503,0.009943707077220192,0.8326563015863055,4.674110552072085,splice_site,D>I,Master,1
0.15098753948345145,0.2644693116486824,0.47909204473496647,1.583429057785759,splice_site,L>G,Master,0
0.0006794904142883976,0.0097594024551823,0.6553117033239297,5.296426032185994,nonsense,D>M,Master,1
0.0014179483694063846,0.0002017221714956557,0.727253519354572,3.914782121251249,nonsense,V>W,Master,1
0.009598829217582778,0.05518494141793044,0.699565973770041,4.44557305963365,nonsense,Y>C,Master,1
0.07929258514215828,0.007769050705385076,0.7328489394698924,5.195997849056335,nonsense,C>N,Master,1
0.5089974242869145,0.2836286062924543,0.1393316049419049,1.434759363928177,nonsense,I>R,Master,0
0.06094158515957746,0.023892697892443995,0.8192679929849472,4.743893008755449,missense,C>N,Master,1
0.29191354323685703,0.13972243198688303,0.21782856017270508,1.569429941019233,nonsense,P>E,Master,0
0.4587881843846134,0.061107215036104987,0.0,2.1220069338127185,missense,L>H,Master,0
0.03671383728055494,0.03368095132070359,0.8455837678388141,4.125015236013672,missense,A>R,Master,1
0.2517512694932826,0.013650573068495136,0.9608077135453548,4.689176984676364,splice_site,P>T,Master,1
0.21318501681882968,0.27155563865139454,0.09118281283523183,1.218813091071064,missense,V>M,Master,0
0.2081536409958312,0.004719498793950497,0.6612246918998563,4.157978277479953,frameshift,A>D,Master,1
0.13030781035052685,0.32056616566484686,0.060000883981271375,0.008748139955430112,frameshift,L>V,Master,0
0.09190035601500729,0.22672437077159666,0.1585777837413581,0.09073405819628122,nonsense,W>L,Master,0
0.12635059299200616,0.14116363873541438,0.27589632512416123,0.9466972596613498,splice_site,D>M,Master,0
0.019982780160426563,0.0013259516986808112,0.6790675532221587,4.871914817291062,splice_site,T>I,Master,1
0.04169357824946011,0.012180218279606464,0.7660664155583939,4.584346372404696,splice_site,L>W,Master,1
0.020418153610605387,0.07064728050530572,0.5822763931103265,4.8271486967371375,nonsense,T>S,Master,1
0.06694946591710502,0.0017846904602555733,0.8290580347874538,4.494081426879838,splice_site,C>I,Master,1
0.14527659186359537,0.24043801545482055,0.21097189747373163,2.1040222348157185,frameshift,F>C,Master,0
0.02909111781761505,0.17230511964482387,0.0386357317677703,1.573697025658377,missense,S>I,Master,0
0.02218059554478469,0.002471207337918657,0.8086694571485534,4.126287877004782,splice_site,N>R,Master,1
0.05702983883093676,0.013080040191524419,0.7110747837529082,4.692115958259545,frameshift,H>N,Master,1
0.14757415039029875,0.02253891969386923,0.8577205652527952,4.73156923998752,nonsense,Q>S,Master,1
0.3831627650291671,0.1249012851764121,0.6516544315750556,0.05166169461571091,frameshift,K>F,Master,0
0.041743049674870816,0.2862645608906528,0.3165181033750826,2.5105512984144265,frameshift,D>R,Master,0
0.12455189962244886,0.3967467696076342,0.24520150536739135,1.4779552507875466,nonsense,D>C,Master,0
0.03238757500982244,0.0016854075578254977,0.6667871045369099,3.805847745843253,nonsense,K>L,Master,1
0.03464958290402816,0.014520973004828585,0.779684363366622,4.609800840906774,frameshift,L>Y,Master,1
0.10154980451071767,0.15129222160990785,0.48736286338453333,1.8399168833379222,nonsense,D>T,Master,0
0.12117553433633188,0.03383165419925154,0.668827956708931,4.963033796616423,nonsense,E>D,Master,1
0.10067355154235773,0.03412481929753271,0.884635142620602,5.187589528803622,splice_site,V>R,Master,1
0.02171539579164639,0.0004825408353728948,0.743504847334478,4.100550550953435,frameshift,E>T,Master,1
0.08269825359651829,0.39143223949040135,0.2258407132400947,-0.7201507688864819,frameshift,E>N,Master,0
0.15777149281449424,0.015587144400372732,0.8715864629571147,4.777433620107244,splice_site,H>L,Master,1
0.02265032534835515,0.02644272117660116,0.7996251466198149,4.207396551548199,splice_site,K>H,Master,1
0.1033619140916889,0.10726959542568475,0.6380905339171679,1.5776325017955914,missense,W>V,Master,0
0.035635414468710165,0.0013485854933279224,0.7399553034411326,5.1139939047928005,nonsense,K>P,Master,1
0.12380700233624513,0.002251238519298115,0.8966883416755744,4.573659429515698,missense,G>R,Master,1
0.026530836111842312,0.20332810740656218,0.5598362505258367,1.7042834736896029,nonsense,S>A,Master,0
0.08907112880363771,0.24165165365873117,0.15486647942339588,1.0960174119941608,frameshift,R>M,Master,0
0.034807544904878626,0.01632558602521504,0.7965828118465673,4.298528465695248,frameshift,V>L,Master,1
0.17322516666518772,0.07870490259852304,0.22770713416730762,1.1031088161732987,nonsense,S>Y,Master,0
0.0473956229487178,0.030780148355994255,0.8106435416431289,4.862745786131507,frameshift,D>G,Master,1
0.2131103393546499,0.1308367210785195,0.6125337010461367,1.8876617542353828,nonsense,T>L,Master,0
0.20056843953183,0.4507196448178111,0.34665751631147584,2.960976382768907,splice_site,K>A,Master,0
0.127691968648691,0.27763188914168857,0.05913821349209797,1.645292171835536,nonsense,C>L,Master,0
0.0018722002905093536,0.029201820660962774,0.7034424993790162,5.069620909181644,splice_site,C>T,Master,1
0.10323026183733391,0.019785591204998468,0.571491550533065,4.974075005901056,frameshift,H>A,Master,1
0.0037802462229014422,0.01799609254760647,0.7026032955750899,3.7589408147829935,frameshift,N>C,Master,1
0.05144137236353582,0.02147911686246099,0.685574518373538,5.595885166025406,splice_site,G>N,Master,1
0.07315140914289969,0.2565645580578716,0.190091081837991,1.5654890728654045,splice_site,L>Y,Master,0
0.22560492332074664,0.17730094355527037,0.12444453871283792,1.2509878285565172,frameshift,H>I,Master,0
0.1306030172210834,0.0969653460680734,1.0,0.7998326393770031,splice_site,S>N,Master,0
0.17528107859169084,0.01070122870901755,0.854966981348805,3.6742301432849045,nonsense,H>L,Master,1
0.19793193845758456,0.027650445492478276,0.19711664766869447,1.61837510450621,frameshift,P>T,Master,0
0.19873275099843216,0.6224097098464502,0.0,1.4425033713513808,frameshift,L>P,Master,0
0.35681051616718235,0.22269096074182418,0.3180220858462173,1.5205639056223257,nonsense,W>H,Master,0
0.006116026749528769,0.008536000665456137,0.9874424446933244,5.00631762720097,missense,P>I,Master,1
0.13658266546708048,0.40360206942613897,0.4586451435620197,0.3699334539647512,splice_site,F>W,Master,0
0.08595734352183441,0.02167439950858958,0.7569585291312716,4.831173159876643,nonsense,G>H,Master,1
0.20920684143080157,0.1792291073063215,0.557097389941797,2.1207745287171234,nonsense,P>C,Master,0
0.20585497046800796,0.005674365483635152,0.6782328622393516,5.029435923287781,splice_site,V>E,Master,1
0.0016757205162727135,0.05093761809171424,0.7390097293050798,3.9968459972034567,frameshift,T>S,Master,1
0.03977502490028995,0.041350213372584835,0.7534677481658923,4.442591480175787,splice_site,P>Q,Master,1
0.22728154478911572,0.048005675243799624,0.547199541097951,5.122910777481752,frameshift,G>H,Master,1
0.3177637986658429,0.28830931876078225,0.49663569619980424,3.508906038152007,frameshift,S>V,Master,0
0.042388986013997355,0.16136198433515228,0.07262576367311688,1.7318137154852284,missense,P>Y,Master,0
0.1070804781190273,0.010065205563667152,0.7745845469125614,5.525198325555754,splice_site,I>P,Master,1
0.024951034208698788,0.034307134397366476,0.6912066541370926,4.707768996918501,splice_site,A>F,Master,1
0.34591565898007853,0.30961603945855376,0.2740327348301193,2.654073297156298,frameshift,N>G,Master,0
0.027157818020304876,0.028054028102506304,0.7780941411975392,4.958189413681665,frameshift,F>E,Master,1
0.0022883734564525197,0.023167361325193727,0.763621547039013,4.477869939860712,splice_site,S>M,Master,1
0.37444940798801474,0.2461979614451704,0.3853135823567355,2.1126244315842198,nonsense,R>K,Master,0
0.024722703254974016,6.594378186338785e-05,0.773216056743169,4.3550005578265205,missense,W>I,Master,1
0.032833519181354444,0.12298677364398106,0.03939961563703909,1.8170143332524025,splice_site,H>G,Master,0
0.06369290258425248,0.0840994113415,0.7383144666896423,4.082742572213929,missense,L>T,Master,1
0.04774460836753759,0.028445252569747403,0.8028468940438411,3.5976985453053882,splice_site,M>R,Master,1
0.08844716739965644,0.03282931902645999,0.733044767362419,3.5560688813888257,missense,N>G,Master,1
0.03426648029329738,0.01854398115714167,0.8596793777330815,3.670066074871105,nonsense,R>N,Master,1
0.2615178257462808,0.15650829480376224,0.0,1.9562021788348996,frameshift,G>K,Master,0
0.03304228397337702,0.014701154747212794,0.8873169292381589,4.951356574142485,splice_site,E>K,Master,1
0.014953435157702621,0.009703706697168522,0.7000813097038342,4.4272161751285575,frameshift,M>P,Master,1
0.01624139648518688,0.0026645124440937127,0.9733441339384263,4.82161770927628,frameshift,W>G,Master,1
0.022308505321636394,0.04084023905582945,0.912308039934064,5.010862634380036,missense,V>C,Master,1
0.013502676787010578,0.04078052800054326,0.646037430579404,4.863257459367392,frameshift,T>F,Master,1
0.34350960286847027,0.12657295163810364,0.23378956624992844,1.4725533147420329,missense,D>M,Master,0
0.12889742847498872,0.013142871601812767,0.8115620790421434,5.188939820909237,missense,R>T,Master,1
0.20808813986304442,0.08921466287216026,0.5891270093316174,1.5140970487814827,splice_site,S>K,Master,0
0.006381580947993493,0.021458487197043772,0.8670992652088925,4.409445218797745,nonsense,T>V,Master,1
0.027625076289452336,0.03701307441233788,0.6982508937111922,4.3628782457617765,frameshift,D>S,Master,1
0.02346512684071301,0.12542707246093213,0.6874768482358768,1.0497565349616869,frameshift,T>Q,Master,0
0.003436338991163677,0.009563685117094106,0.8614547237650868,3.9987290189975355,frameshift,S>W,Master,1
0.010340032241219491,0.010750028181362859,0.8130542292428359,3.3362003835348255,missense,D>S,Master,1
0.10860277408852372,0.03555867589738196,0.6957825192901556,3.832267353275941,frameshift,D>Q,Master,1
0.0130059396415055,0.00993173113136811,0.7622130546038649,4.228512146613994,missense,G>Y,Master,1
0.00856494001739805,0.032962654861758756,0.8194774005628067,4.384671915565976,frameshift,F>S,Master,1
0.3679935163497012,0.4218356342828369,0.15637246824745402,2.47237643366383,frameshift,K>M,Master,0
0.004698937341229391,0.012912646119758698,0.8579298645079637,3.9852177038864136,nonsense,D>N,Master,1
0.006116836489799573,0.007711902039928819,0.8771850485806796,3.8308290873390303,nonsense,Y>F,Master,1
0.021440401628094175,0.043937695595398105,0.7684432307465479,4.676756992224213,splice_site,F>R,Master,1
0.08529158201055193,0.04813011525605635,0.8144686130525037,4.655704175594665,missense,Y>H,Master,1
0.10651863552187717,0.013263710041681023,0.6544711024098785,4.150092528171013,nonsense,N>C,Master,1
0.05018525684988023,0.015039842583978617,0.8366146525965683,4.644725536425329,nonsense,H>G,Master,1
0.05038446072044856,0.009113909700193702,0.7778601741814906,4.429170401148896,nonsense,G>D,Master,1
0.00912992232983274,0.02648118099267711,0.8369979213880747,4.819461511187276,frameshift,L>W,Master,1
0.20525723136990712,0.37915252616812617,0.8876376134311541,0.46770529393628846,splice_site,C>Q,Master,0
0.011909487778190073,0.04227783042948557,0.7910274423672222,4.019238656335393,nonsense,Y>M,Master,1
0.12937546776492428,0.005235531879984327,0.6756641262390646,4.659882756740931,nonsense,H>V,Master,1
0.060681691309668606,0.0164266980842517,0.8795432706807433,5.35676486467014,nonsense,T>Y,Master,1
0.07290885457216391,0.17267362385951499,0.3024780152388015,1.484054750674204,splice_site,K>F,Master,0
0.10565920104810334,0.0683348015390385,0.24366233584217406,2.1241779796811486,missense,W>E,Master,0
0.27392047363657196,0.3566272997839773,0.3344839704182798,1.989729541116283,splice_site,M>R,Master,0
0.09046177252460227,0.09628648999325126,0.8995017579615889,5.202152752582969,splice_site,R>V,Master,1
0.10993176177277576,0.003142756050878278,0.8178239743905056,4.454626621330439,frameshift,W>T,Master,1
0.024300543645372277,0.03516291765795876,0.8751090543003633,5.3627592783772355,missense,P>T,Master,1
0.28247670736065306,0.14958859766033702,0.2817220655899477,1.1160345847319804,missense,C>E,Master,0
0.11031762748188885,0.17988524003387868,0.21643529623812374,1.5218116061075797,nonsense,M>A,Master,0
0.002385664075618922,0.0440986477558067,0.5760677333435775,4.784043710305837,missense,Q>H,Master,1
0.012582861016473252,0.0011415442569605865,0.9253063726928913,4.940680743303061,frameshift,A>C,Master,1
0.0014255593536323806,0.00802695014786269,0.7435128505793089,4.45219348829404,splice_site,A>N,Master,1
0.10875013415020425,0.02658187639615516,0.9722267390987026,4.527319720822519,splice_site,I>K,Master,1
0.0018328731728923708,0.0009638497817517224,0.7811018755487376,4.565371929509125,missense,R>F,Master,1
0.04767830858254922,0.03371281163097055,0.7314065496050383,4.460915031932103,frameshift,H>E,Master,1
0.2589555608486155,0.46021184218076167,0.0,2.136025435028028,missense,T>E,Master,0
0.28625615254224857,0.3198807050431531,0.199621177000466,1.5010826419725134,missense,S>N,Master,0
0.01685214789120577,0.017012098497444474,0.9160248131829619,4.705460496940885,splice_site,P>R,Master,1
0.15544704183120817,0.011680452971793992,0.8664275204257126,4.963909728058029,nonsense,D>V,Master,1
0.028517433140286402,0.013110105604052357,0.8496346411070492,4.79141403472807,frameshift,C>Y,Master,1
0.15977574134757602,0.49564451432035406,0.43881934936235134,1.514458778738931,splice_site,T>L,Master,0
0.046938862395659045,0.00048427068098807357,0.8896707778368704,3.1703594079763007,splice_site,H>N,Master,1
0.03104730299421204,0.003926964160152194,0.7239807678259101,4.897339161522562,nonsense,C>F,Master,1
0.028879376955883232,0.020338935640497692,0.8424585096047146,4.015360400827817,nonsense,I>K,Master,1
0.16943051524913808,0.04503410418490953,0.8871353675731017,4.295542232540007,frameshift,D>G,Master,1
0.003491687036180958,0.0027869464679786044,0.7693168255611406,4.373938420613962,missense,G>V,Master,1
0.020455075875154258,0.18412906299962914,0.44475988328888416,2.532408798102395,splice_site,F>M,Master,0
0.17023618043381192,0.010029429074775475,0.7034617979295505,4.305715376623865,nonsense,H>D,Master,1
0.00511907046578554,0.00959431193041137,0.9757826899501951,4.015906624639453,missense,N>H,Master,1
0.017419318807746123,0.005672620059637145,0.9376522659738669,4.5156072948347825,frameshift,D>M,Master,1
0.0014578504873667389,0.004321928461704736,0.706800887471646,4.546682596465797,missense,P>H,Master,1
0.30716449412058483,0.19951465974471974,0.3885506642618209,1.1337685177127845,nonsense,K>P,Master,0
0.015669158986954576,0.013896945896554097,0.6591096095574596,4.662252161185407,frameshift,N>Y,Master,1
0.06362118500762352,0.018668411952781825,0.7201527203200369,4.392805534011611,frameshift,I>Y,Master,1
0.06111834651444504,0.06320536050398963,0.937479797005478,4.347660518703135,splice_site,S>P,Master,1
0.40286541200006964,0.2700335505426603,0.09471317787282293,1.2929593091128666,missense,S>T,Master,0
0.06706524519711438,0.006467961548868606,1.0,4.891986571496307,nonsense,C>W,Master,1
0.11603684251226049,0.028613289338812447,0.7421348945879546,5.200534677813586,nonsense,M>D,Master,1
0.02482462006794518,0.0002926766076292452,0.6805316531983449,4.678532687230192,nonsense,H>C,Master,1
0.1495367616409836,0.3524620669957382,0.20599096296902625,1.6170727389993438,nonsense,I>H,Master,0
0.28184863544435346,0.3345547325268665,0.2838077150526453,0.7754435271965531,nonsense,V>K,Master,0
0.3063341899030856,0.3062928577161932,0.25902787314572295,0.7147125884447535,nonsense,Y>L,Master,0
0.031239422129890802,0.01268501235717754,0.8249725487053597,4.43593579279011,missense,I>G,Master,1
0.34190131271371516,0.17344909498785147,0.18217129090312204,1.3461773497508438,splice_site,C>T,Master,0
0.017581975388307237,0.0103974911806717,0.8084797729026144,3.8003134769272493,missense,T>C,Master,1
0.0727647267933869,0.04623204415617639,0.7485574181738257,4.85943170977035,splice_site,K>F,Master,1
0.051699038869010144,0.03909675719291243,0.6430643657274806,5.4900771757656965,frameshift,G>C,Master,1
0.251473468643872,0.2485184254475592,0.0,3.031923603982724,nonsense,A>V,Master,0
0.13233750594794505,0.14428980700263128,0.3549072375166563,1.7871279851301487,missense,H>S,Master,0
0.09495270503337894,0.029194450383504968,0.7274659959185243,4.312141045473141,nonsense,L>V,Master,1
0.2920646524281232,0.6304550845201184,0.060110748408927994,2.8299300782578056,frameshift,L>H,Master,0
0.01165987422641817,0.03966213400726886,0.828483969535545,5.038089366802458,nonsense,Y>V,Master,1
0.05881452291092049,0.05306101499654816,0.6212861412415549,3.545208616401549,missense,N>S,Master,1
0.0677779761745475,0.19347723282851914,0.5650527206254777,1.135166660571223,missense,I>V,Master,0
0.03748332941316273,0.029379965383862873,0.738808694735818,4.998669612879539,nonsense,V>T,Master,1
0.2557218181090031,0.25308795894319397,0.0,1.5589111143521919,frameshift,R>V,Master,0
0.01824733857945931,0.05023135435718014,0.6150591994121595,4.981295991422901,nonsense,P>G,Master,1
0.048299193313682,0.0023798859671340347,0.7976156231863883,4.5984259632374105,splice_site,G>E,Master,1
0.08991292791203877,0.0019316894920413834,0.9219943199232832,3.8862378786808045,nonsense,F>L,Master,1
0.3558530391887485,0.1818853063983567,0.27031547056816,3.236075993501008,frameshift,G>I,Master,0
0.03386707090451367,0.048200890603844325,0.851486117993516,4.139919490214081,splice_site,N>C,Master,1
0.0072376751812639395,0.0002179282471799062,0.7231676506303373,4.4305136342224465,splice_site,F>N,Master,1
0.10550709443741152,0.018153317668142824,0.8110880502892838,5.064453297938611,nonsense,F>H,Master,1
0.10453812784124634,0.21720144532201419,0.21378000209486142,2.7526564752752907,frameshift,A>S,Master,0
0.03272085947321118,0.009002332151934102,0.7734477138566652,3.606516217224514,nonsense,V>G,Master,1
0.0864745994139195,0.21817761881808975,0.26600416275781386,0.21011389525970103,splice_site,H>M,Master,0
0.01576635007074294,0.02263932355357514,0.8907234660057621,5.269197492219139,frameshift,K>W,Master,1
0.07237134059728043,0.013542468040118874,0.8047104697759314,5.501655940191023,nonsense,A>W,Master,1
0.14410856999453592,0.6438644983696757,0.6284838491856645,1.9038250887320567,nonsense,S>F,Master,0
3.110879643987303e-05,0.048235314987757176,0.9120129406331045,4.816786372040859,frameshift,L>V,Master,1
0.0946043019189373,0.0028586637208416095,1.0,5.477331271731245,nonsense,K>S,Master,1
0.10204760521994971,0.02176881096472212,0.6839663143899849,4.434149873070045,nonsense,A>E,Master,1
0.008873308632443302,0.02329173788272864,0.7902205002915798,4.944658953664677,missense,A>Y,Master,1
0.03457094834496788,0.050123043320447494,0.7521307811060809,4.873158261279563,missense,V>I,Master,1
0.11436661372903818,0.06610388976979177,0.797109847650214,4.222666562705966,frameshift,I>V,Master,1
0.17094150723163595,0.265600225368774,0.0,2.090886452874732,nonsense,R>E,Master,0
0.03534487686096089,0.015328029131286553,0.8345086186015083,4.708840702508624,splice_site,N>K,Master,1
0.053119291148937355,0.008533006953119255,0.8214984536332752,3.4874818427451277,frameshift,F>V,Master,1
0.03665154795431816,0.00479331745402523,0.6556281630404945,4.804046311983535,nonsense,H>M,Master,1
0.035843571342900137,0.03141228448637668,0.709261904723668,5.695936694728642,missense,Y>W,Master,1
0.03162649387546437,0.012003293296482852,0.8037963728210635,3.881372508562686,nonsense,P>C,Master,1
0.024745303486446924,0.050031732418585405,0.9653635216029859,3.075736455674197,nonsense,W>F,Master,1
0.016479240008478047,0.05643862292400149,0.6584766069133527,3.719478712206611,frameshift,C>W,Master,1
0.13999032145283502,0.04969613388718975,0.8416523544715172,5.082232346256106,splice_site,P>I,Master,1
0.15484980753633723,0.2731157307135312,0.2594559941126659,0.2713082633075916,missense,S>M,Master,0
0.0036189727061764834,0.00556555627231345,0.6991469191747354,4.104834309150766,missense,Y>F,Master,1
0.01784694190876404,0.004027392113817416,0.8870178174746771,4.371917046877083,missense,D>M,Master,1
0.3819903336324834,0.3841204627235715,0.32788303186928125,2.450879344427548,nonsense,W>M,Master,0
0.12034960332450752,0.0065806071322983715,0.8213596574564317,4.0600432976384315,nonsense,F>N,Master,1
0.12994912381522009,0.09648171845923018,0.47861118534220726,2.3651252355139865,frameshift,K>S,Master,0
0.029936012666806185,0.006491843563212874,0.8749582571373631,4.860363619148034,frameshift,F>V,Master,1
0.12777718060371515,0.015938706911246138,0.8327818715815984,4.26047501323142,splice_site,C>N,Master,1
0.06043754304557793,0.013270804474233764,0.8280291291965908,4.457546338232323,missense,A>W,Master,1
0.0355964518256594,0.01724726460081712,0.8167043104169145,5.18292831266567,splice_site,P>Y,Master,1
0.0043451362633931,0.04022513632555907,0.6882105661279793,3.844019227316939,splice_site,H>Q,Master,1
0.02148849737468093,3.91565100663536e-05,0.6158505290663542,4.915275145165067,splice_site,N>F,Master,1
0.09714754796323773,0.0010825794357941375,0.8139351207898929,4.486008003664603,missense,Y>D,Master,1
0.16955075031224504,0.3031902379446393,0.0,2.178110252055542,nonsense,E>N,Master,0
0.04082919156569837,0.32062118658528743,0.0,2.5902076498370046,nonsense,H>T,Master,0
0.06312800392623713,0.14454531199619536,0.16667614450105547,2.463099793434876,frameshift,C>G,Master,0
0.10947382886897553,0.005763319072057696,0.6883080488087842,4.672971833990033,frameshift,I>K,Master,1
0.002984391461639596,0.02962740178557874,0.8473341183385144,4.8637736868953105,nonsense,P>H,Master,1
0.15362246846814567,0.17252439172059483,0.18618772183068524,1.2747947508633848,nonsense,S>N,Master,0
0.05540666123195739,0.005504719656344379,0.8792395039415735,3.4749304787223236,splice_site,S>C,Master,1
0.002683333955074152,0.0070970931887958935,0.9447004617585061,4.946736447212995,missense,E>V,Master,1
0.1774131007482601,0.05752242006013046,0.40213577663320776,1.8681911545823344,splice_site,H>G,Master,0
0.12022343383183832,0.12904676970833012,0.366911526907576,1.2592658294037204,splice_site,C>N,Master,0
0.012728482300987859,0.029321158807491487,0.7814263236581502,5.291309521867026,missense,C>G,Master,1
0.013624995981033571,0.01941010914126169,0.694415536256616,4.447676687870898,missense,V>H,Master,1
0.00032741905686188794,0.025223182385285352,0.9006624631596516,3.9896298948958506,splice_site,A>E,Master,1
0.023584910576330168,0.015250779622927618,0.849941460793907,4.260333478017559,missense,R>A,Master,1
0.046830670341769666,0.0009956143451874807,0.7552637050838785,4.549218811962292,splice_site,G>Q,Master,1
0.03864496605223695,0.01976432082024547,0.9924845495123522,4.023515583246297,nonsense,K>E,Master,1
0.19491824013910852,0.24900918990604082,0.36850619794591866,2.2806517228820242,missense,W>M,Master,0
0.13930429871400168,0.0076752499836275495,0.6347065437627041,4.004912480714775,frameshift,P>F,Master,1
0.0869895948987814,0.019859393203155766,0.6899983357925338,3.7938706862910996,splice_site,W>N,Master,1
0.004747327595705552,0.04227447052467379,0.6768131311866921,4.482044798180785,nonsense,R>N,Master,1
0.02249446511071594,0.006138794924482269,0.9291052232702435,4.332481053990824,nonsense,W>P,Master,1
0.15089909181661051,0.5331834003559931,0.5465837173354966,-0.014376861537445329,frameshift,L>H,Master,0
0.08025637182790478,0.0021667528476941107,0.9222345256467975,3.5959385230291883,nonsense,S>T,Master,1
0.07586382169417685,0.15355576130231433,0.4696634439409211,1.3800303816829833,splice_site,S>V,Master,0
0.09536682040908506,0.4731338002440819,0.36410128251972756,2.297880525241221,splice_site,V>C,Master,0
0.016419258919398445,0.011213113892254569,0.7739569413504888,5.223567399222422,missense,C>K,Master,1
0.051842405537104994,0.010766932594562288,0.8205184890736184,4.684412206124331,frameshift,R>D,Master,1
0.13814082478863576,0.3024775161706953,0.6921435664077407,1.2394722555251192,nonsense,P>N,Master,0
0.024161898552745406,0.008661876455884175,0.8353566146740464,4.336627705029454,splice_site,Q>M,Master,1
0.0234728791417161,0.019688303604850424,0.9055353067471045,5.172592327673149,frameshift,H>M,Master,1
0.018606829065172567,0.013407611285205859,0.807468163945424,5.197853740933753,frameshift,C>I,Master,1
0.027043559614827555,0.03649572729633737,0.6821058597892622,4.579195977876235,nonsense,V>L,Master,1
0.01364231411937196,0.002991861708332745,0.5782716289746432,4.176841351151292,frameshift,R>W,Master,1
0.01650233044898589,0.027945780927915314,0.7507345146786597,4.651846296960598,missense,T>L,Master,1
0.01090882929819511,0.02778052832022196,0.9761501893492004,4.783490131633551,missense,I>L,Master,1
0.09275697774324343,0.005762641389090537,0.7227746929116805,4.934027327113888,frameshift,I>A,Master,1
0.11599599957993885,0.023599060463858085,0.6959532692110434,4.152748419307595,nonsense,R>F,Master,1
0.0203006744942579,0.01697752468998923,0.8269783929399936,4.674143123833409,frameshift,N>I,Master,1
0.005584389651838646,0.014507949268935434,0.783704368919416,3.932902788442365,frameshift,W>Q,Master,1
0.11662158764487145,0.2968462200840474,0.4462075050771071,0.998018012495077,nonsense,I>F,Master,0
0.07835703642994261,0.029457338737937017,0.8716727647717343,4.792908648733725,frameshift,W>Y,Master,1
0.26334053347215314,0.3032311554815369,0.3776429983182146,2.3945355319161656,frameshift,G>E,Master,0
0.003115471942712817,0.0030476016727768317,0.7209289380511433,4.821496577366667,missense,R>M,Master,1
0.03952209525928511,0.09342108417351264,0.7648126203713485,4.808919109439611,frameshift,F>Y,Master,1
0.05569701427259656,0.002979069537601498,0.7799865445771863,5.0305658784744,frameshift,Y>N,Master,1
0.01575133455935056,0.011529698375048391,0.9017147674379313,4.463033817371545,splice_site,G>H,Master,1
0.014562411281178926,0.07185149389612774,0.8735566898302572,3.8008214627698886,missense,Q>W,Master,1
0.09436192991006363,0.0024611701057165466,0.8435683111924503,4.9696815320357866,nonsense,L>K,Master,1
0.06618039135966966,0.019744084809121373,0.70346038408183,4.99847874076131,missense,Q>K,Master,1
0.11022005880463931,0.021522752362800907,0.5840731064680232,4.00467634495397,frameshift,K>T,Master,1
0.13866160605581387,0.2376474426297261,0.03471303453840069,1.9736254475156925,splice_site,H>S,Master,0
0.13966204651195882,0.0001362572221464649,0.8289304635873762,3.9224850797959907,splice_site,T>P,Master,1
0.027276010455516874,0.04319753103372235,0.7489222808095528,4.615703175638708,nonsense,K>Y,Master,1
0.05677464465018657,0.00801056341628476,0.7488131598906482,5.3709092074798575,nonsense,L>H,Master,1
0.05206884843176875,0.0056053491541235975,0.724588752020894,4.336196236953944,nonsense,P>A,Master,1
0.028621355103213078,0.009718704363841769,0.7138587270813659,3.902464718242472,splice_site,R>P,Master,1
0.01702641501831473,0.04188159441012195,0.7330633760881247,4.6486435473799865,missense,S>V,Master,1
0.006857912279195036,0.03164522442396679,0.8358554459889821,4.093200372820607,missense,V>Y,Master,1
0.02649238182996117,0.4731302248531823,0.46586878504525636,1.4183694393452282,frameshift,K>T,Master,0
0.01517451195141594,0.006974551476508397,0.9025134604557582,4.164542811157615,nonsense,S>F,Master,1
0.08808825654204787,0.01142232061377793,0.9127924985516828,4.674987767812844,frameshift,V>L,Master,1
0.2241994403897183,0.06671446694208585,0.7899406894621793,4.621122116244825,splice_site,N>Q,Master,1
0.18849036381479903,0.056185316668372766,0.22925899154888352,1.03309953163628,splice_site,H>L,Master,0
0.17763895492937243,0.6841255134043264,0.3201893940579162,0.09203845914229625,frameshift,L>H,Master,0
0.01679527525961564,0.012279902633261019,0.9117520548774607,3.62444569706384,frameshift,P>C,Master,1
0.13205683670914134,0.021137836064449297,0.8513047867410252,4.641188875599758,nonsense,R>G,Master,1
0.05107635466074484,0.011733954943077779,0.5823220299028152,5.00564772398646,missense,D>G,Master,1
0.018875367266267484,0.005890989556002858,0.9031042738782662,4.2898804625675115,splice_site,Y>I,Master,1
0.17454741574252822,0.2967760909748547,0.05660748463129603,2.3163054993421435,splice_site,G>W,Master,0
0.0863264905551924,0.016588062007681387,0.8097826491852268,4.582549775746613,nonsense,D>P,Master,1
0.029434255294776654,0.005589826885791374,0.7450945568841134,4.929229421319516,splice_site,R>G,Master,1
0.2021562940566962,0.2832464571044715,0.4045533484733436,1.7080436123686242,missense,R>L,Master,0
0.03222296927930737,0.0063760233883396866,0.9255226246634582,4.441617939346847,missense,I>N,Master,1
0.4763858418847639,0.11111243020990266,0.2624314359872418,1.796564453692467,splice_site,K>Y,Master,0
0.07647237173987669,0.13755557793917875,0.2181964304370121,0.7181721343656248,frameshift,T>M,Master,0
0.008947821497194947,0.004249848409097402,0.8698083464917669,4.011661152346322,splice_site,D>Q,Master,1
0.07931621197909407,0.22221223055170608,0.3083836080477251,1.7708593520653189,nonsense,Q>N,Master,0
0.018494713049074085,0.010849438193172793,0.9308989409729113,4.289822336711737,splice_site,T>D,Master,1
0.06691373611852026,0.3557458480339393,0.49350459898183513,2.4551858185430753,missense,D>T,Master,0
0.009420182758448163,0.042134059579351214,0.8951021336178155,4.11172835523491,splice_site,T>F,Master,1
0.0524960958239246,0.05087032654673017,0.8973337449613421,4.003283200433442,frameshift,P>R,Master,1
0.04820624509265795,0.24401607537258205,0.6325412032006994,1.4203773378817972,splice_site,Y>W,Master,0
0.14194939389953035,0.05773072472909821,0.6258283380133897,3.279235714540765,frameshift,I>M,Master,1
0.01158468491077366,0.018563668811404067,0.7588720075669462,4.55275037489814,splice_site,H>W,Master,1
0.11627212398953063,0.22593396740578447,0.0,1.160738725306417,frameshift,M>C,Master,0
0.03697971054418656,0.025804786129243435,0.6395878987529675,4.376407317322792,splice_site,V>G,Master,1
0.10575913442888393,0.206127813040812,0.31403717048454893,2.307001657347235,missense,I>M,Master,0
0.02572873023864195,0.0025823243635936972,0.87069754644706,4.613328679824497,splice_site,Q>P,Master,1
0.09674293707269771,0.27335101228745207,0.15529897818759847,1.3107835876754108,missense,E>C,Master,0
0.03547035833113308,0.012492361427786213,0.9457437949370436,4.92018179977739,nonsense,G>L,Master,1
0.06769188956544539,0.0053632529309786126,0.8532116134186383,4.926204438899099,frameshift,Q>E,Master,1
0.15534059810772158,0.40257695546905214,0.21690990339225008,1.882107512807908,nonsense,M>D,Master,0
0.06535740656003317,0.4696773272362428,0.15596741926403612,1.4207035846747014,nonsense,W>V,Master,0
0.052889778571067664,0.030840770475785307,0.9559741947283964,4.4085164797167495,nonsense,R>A,Master,1
0.11144705935157197,0.020177822495854845,0.6648452545735767,5.132457947486151,nonsense,Q>Y,Master,1
0.0726331631445381,0.03540465115913934,0.927763334980781,4.290384310550543,splice_site,A>E,Master,1
0.23146136156287242,0.17065507054966808,0.0,2.7768714337553932,missense,R>P,Master,0
0.11335402074074954,0.19567715611812805,0.0,1.6796725065999936,splice_site,Y>M,Master,0
0.032692896568844575,0.0012593402059812692,0.8597056099738541,4.77068968631762,frameshift,Y>L,Master,1
0.04850236213838531,0.000831893203845163,0.6258508343385905,3.7984307959555004,frameshift,E>T,Master,1
0.0463598035419502,0.01412039548261986,0.8147822090303245,5.093563626204013,frameshift,N>H,Master,1
0.04114339629110425,0.0020669021213070987,0.724996182235688,4.754184338360975,splice_site,C>G,Master,1
0.015742723546425242,0.37257634127960126,0.3265856929655002,2.148433599157551,nonsense,M>A,Master,0
0.06105260621850208,0.0027364102121105504,0.9784635606949773,3.831865181724323,nonsense,A>C,Master,1
0.0004054282065833611,0.004566071952539229,0.8939029157499145,4.8015980365293425,frameshift,Y>R,Master,1
0.1831858650017478,0.3410565690100397,0.2901651739945819,2.2856922497320484,splice_site,Q>A,Master,0
0.0007310434649864261,0.009045696152452362,0.7195987002045754,4.6087103212181475,missense,S>C,Master,1
0.012348508837427982,0.006976670493258047,0.6177465656313399,4.022810138348685,frameshift,L>H,Master,1
0.01810247944040206,0.0051125690951573394,0.8309138187334798,4.167707256025703,frameshift,P>D,Master,1
0.042827687347182584,0.009247831097986832,0.8717931385822665,3.929901401121941,frameshift,W>M,Master,1
0.0880520314011494,0.0048728299163975424,0.6078986861176744,4.365444598734849,nonsense,I>V,Master,1
0.015078684272369339,0.017824855722818757,0.7362420142122464,4.137240847779042,frameshift,A>W,Master,1
0.050255867635471005,0.03856882632562459,0.8394820020412177,5.059783058490546,splice_site,Q>E,Master,1
0.024540171847647403,0.0040329493448005155,0.8655960552141374,4.713012505896489,splice_site,D>P,Master,1
0.14387854272492,0.0510323441652648,0.8521003896604904,4.123444209901344,frameshift,Y>I,Master,1
0.03803566635108099,0.046939134912387374,0.5471754899686285,4.575342114425957,splice_site,K>Q,Master,1
0.009728477303471733,0.0024897354626939256,0.9006250799432716,4.154034579691181,splice_site,E>L,Master,1
0.28942644281766394,0.18828370198868954,0.32488751958138884,0.7535776233269883,frameshift,C>N,Master,0
0.007643447451308771,0.015929920104952092,0.8749555037445129,3.955098477916533,frameshift,F>P,Master,1
0.03871293783752117,0.08060869955241995,0.8192368927037511,4.677428270128889,nonsense,P>E,Master,1
0.21520627652250102,0.6533477364560135,0.19296714656647243,3.2526284113685606,splice_site,Q>T,Master,0
0.2689035783826206,0.43139255520698594,0.7456308866699299,2.933960658510874,missense,G>A,Master,0
0.03549714791068777,0.009680188943444523,0.8926999628734169,4.026695044894226,splice_site,E>P,Master,1
0.005281648354243391,0.016298620693996266,0.7810500423607871,4.209541411402941,nonsense,I>H,Master,1
0.0024126001223912915,0.012068953380812592,0.8115025566342807,4.773262208026757,missense,I>F,Master,1
0.0037766615678995457,0.012760072229536845,0.7560782235178187,5.680441085906484,missense,N>K,Master,1
0.031531986646853256,0.04915544012740384,0.8214014389700838,4.299888523800216,nonsense,E>S,Master,1
0.0544517744985769,0.0336237016490218,0.84122805981435,3.9564848359993623,nonsense,H>I,Master,1
0.0035456855862883536,0.04560848773940361,0.782462031567902,4.368751569769623,frameshift,R>Y,Master,1
0.18226487460900653,0.2987511847548563,0.10952032297390538,1.976007041686624,nonsense,R>E,Master,0
0.1367632479511788,0.07175843397445673,0.7165623688245263,4.901474963259748,missense,D>I,Master,1
0.11008169791261949,0.15930927995387834,0.47510100996888205,0.484278187118959,nonsense,S>A,Master,0
0.050657957187213845,0.009372508680677454,0.8816603570357713,4.307708778139894,nonsense,N>M,Master,1
0.04909436154529853,3.123361720157298e-05,0.6839979618056712,4.106169204094797,splice_site,E>L,Master,1
0.24025173770975977,0.25180501215456447,0.3670436692434743,0.885863876556153,splice_site,C>S,Master,0
0.24623101418177767,0.4119927400911868,0.48583791230954215,1.289200421659169,frameshift,D>W,Master,0
0.07198967039484873,0.5110978257222417,0.26602135966648083,0.9254434929699014,splice_site,M>W,Master,0
0.08571983003131484,0.007879885214053056,0.7958542037670214,4.123367894131429,frameshift,H>I,Master,1
0.07327638689679529,0.01635450706452167,0.7031916410846173,4.205647583221615,splice_site,M>N,Master,1
0.2981904126311944,0.08186209382781556,0.4543045061752239,1.5477295149575825,nonsense,F>A,Master,0
0.052968650076259824,0.01837129084323529,0.9293148075021271,5.10624547204099,frameshift,P>Y,Master,1
0.032586521322845154,0.004916381589229055,0.7816909215388717,4.971087151796935,nonsense,K>C,Master,1
0.0054120189937860615,0.0113282429396008,0.8079856835769305,4.468625737215424,missense,V>S,Master,1
0.12180698547957532,0.03257325335435821,0.9968654100384584,4.166388381556676,missense,V>N,Master,1
0.07026805585956898,0.012453095024882004,0.7658381533229685,5.382485927063222,splice_site,N>W,Master,1
0.00470116147232879,0.032202638623375586,0.5852867900033969,4.51825311119276,missense,F>C,Master,1
6.504928746566273e-05,0.001265222809149965,0.8150867628511563,5.629230398077322,frameshift,T>Q,Master,1
0.019898013684343876,0.011175742478991647,0.8249736067863813,3.919326564641376,nonsense,M>V,Master,1
0.33143412051956916,0.8333727587571063,0.14794752005930412,1.9307755098035955,splice_site,G>C,Master,0
0.12925231498805975,0.00197580017169359,0.7039989477812172,4.0651944825484065,nonsense,F>Y,Master,1
0.04962305772634281,0.019052442234355895,0.7343229641648285,4.980030437350761,missense,H>P,Master,1
0.15722990746767448,0.00957404829993723,0.9130164692266117,4.491307945228672,splice_site,G>S,Master,1
0.12231344171812322,0.39985598124016813,0.37719134725172654,2.5918954990840577,frameshift,V>A,Master,0
0.03537190537015798,0.009093124825306902,0.7490654903669292,4.065661542259513,frameshift,P>T,Master,1
0.01251007600864885,0.02621485183841358,0.6399810713237841,4.751929967086245,splice_site,G>M,Master,1
0.05068096533661552,0.025149039524836474,0.778002991332697,4.197215172348284,frameshift,G>I,Master,1
0.2394707321468682,0.3143175418310727,0.49025547777530626,0.6240155055101737,frameshift,E>G,Master,0
0.0011626151056720459,0.0027775379602256785,0.8080713726726447,5.07711740244988,splice_site,T>D,Master,1
0.3574332433724153,0.3628306558845348,0.25243722357031584,1.0625302033916282,frameshift,C>M,Master,0
0.018363264012414147,0.010375471886209459,0.7059064047357115,4.393355793307027,missense,K>F,Master,1
0.025388876973297527,0.0009876771389873533,0.9094573291220568,4.967634377622099,frameshift,H>V,Master,1
0.03136638138723581,0.020558775821089042,0.7996522790298064,4.760280397921935,splice_site,Q>P,Master,1
0.07051015533174108,0.0025346683877887732,0.7443947442520598,4.076365027890186,splice_site,T>Q,Master,1
0.12660177425065663,0.003521367894772887,0.8301930635003022,4.393443122953605,splice_site,T>K,Master,1
0.08714846970458785,0.034889277030259964,0.8691356381080526,5.288663648525237,splice_site,S>N,Master,1
0.13756740824441493,8.043789095812628e-05,0.8471080404096887,4.22328437701239,nonsense,N>A,Master,1
0.0849108882982234,0.6886704266572653,0.5623204059447844,3.04873124057793,nonsense,I>K,Master,0
0.007427127952723654,0.025425110282460167,0.9688822192302677,4.060064797644954,missense,C>K,Master,1
0.02756286713368059,0.3039996006885927,0.40260858467316296,0.5759395032318886,missense,S>R,Master,0
0.10266463053777895,0.25327257397047914,0.04808745422605171,2.7097009139013233,frameshift,Y>D,Master,0
0.08973208178011878,0.2177838650751571,0.5139383363479215,1.5185328640496791,frameshift,G>D,Master,0
0.048358224754242146,0.02107680172900093,0.7851117203979118,4.390720830830792,splice_site,R>S,Master,1
0.043386420694336125,0.014006141691370958,0.7258060546243524,4.3673880672747325,frameshift,D>M,Master,1
0.007845549028050578,0.0030663794310548153,0.6619428982553004,4.175821814838749,missense,K>I,Master,1
0.012500578888343106,0.010786681030932659,0.7382203726518972,5.892955956997028,frameshift,H>C,Master,1
0.0015595952708270227,0.014986869175608365,0.8247289999574253,4.462323879370222,missense,W>E,Master,1
0.0548496970417879,0.004421758185240818,0.8785255359571548,4.733665564822824,missense,V>R,Master,1
0.0033263669138520694,0.01576550285384965,0.748323243245371,4.71770782636547,missense,L>M,Master,1
0.0015875453113181226,0.0007530112450741639,0.6497198288694931,4.1927353304132335,splice_site,T>E,Master,1
0.07368038136476546,0.04852210219281225,0.8182134871011177,4.846912706428009,splice_site,N>G,Master,1
0.008127539772136122,0.04694683268325165,0.8310479277005933,5.0266435669762,nonsense,F>N,Master,1
0.12455339326628034,0.26838498760074603,0.260494279141757,2.5104224558535226,splice_site,Y>N,Master,0
0.014051605322148605,0.046028481676590044,0.9191235195180743,4.20559921669025,frameshift,D>Q,Master,1
0.04752111658899433,0.052248237752160594,0.7891248977166383,4.2566685963381525,nonsense,H>A,Master,1
0.008625265683970424,0.008585340421875084,0.7839335151625278,4.025938026783729,nonsense,Y>G,Master,1
0.06370538176532035,0.160430200158067,0.2580943236965889,1.3507094226171164,frameshift,Q>R,Master,0
0.119582594558632,0.07072667893461175,0.7339552631992418,4.561277578475385,missense,W>K,Master,1
0.19206095830467768,0.10076761951413787,0.27469479009427006,1.3705365895885149,missense,R>T,Master,0
0.013993672230963487,0.0007840342513618458,0.6715055338045173,3.7125661937626733,frameshift,H>D,Master,1
0.13568959535277825,0.035113867755494466,0.9141830927736234,4.879956421588242,frameshift,F>V,Master,1
0.11870915233419871,0.1779727879074285,0.20451875368043676,1.801093629759287,frameshift,S>T,Master,0
0.32163254547893794,0.03495895116900932,0.5521903370961855,1.3230937667068627,missense,S>N,Master,0
0.009651030312151232,0.024950934715297954,0.7439442654905633,4.587155501763289,missense,G>A,Master,1
0.057961627029630404,0.034107619585729054,0.753314458960008,4.692554016063189,nonsense,V>G,Master,1
0.14302465744301182,0.17686435555269353,0.3387843892963071,1.6301075759201418,splice_site,D>M,Master,0
0.09105603427718499,0.06073733568712683,0.8480229261905703,4.910600574875912,frameshift,G>C,Master,1
0.03086218588993337,0.021823183892634462,0.7520540589049542,4.502941888925187,splice_site,C>Q,Master,1
0.012625549171760949,0.005628204335038529,0.7844190917818094,4.415393170917227,frameshift,S>Y,Master,1
0.08641684258301337,0.014056462942886363,0.8936805677133061,4.513214453100247,nonsense,K>L,Master,1
0.01082609348270962,0.002074137313112757,0.6988962869954269,3.72481156453438,splice_site,W>S,Master,1
0.0039880708188489745,0.02134811565723828,0.5956461646103764,5.257588196721778,splice_site,F>Q,Master,1
0.01754372733319319,0.03237890778095716,0.7729707682375505,4.518822532548575,frameshift,W>F,Master,1
0.0033019660017773356,0.050905103337491396,0.8534062956316952,4.05798181289756,splice_site,T>E,Master,1
0.04541778235759574,0.009248964017793276,0.9078849566508964,4.669570843103935,frameshift,R>S,Master,1
0.2592037893145479,0.5392823036691438,0.606562626464684,0.8098669136891745,missense,M>S,Master,0
0.2927264389401549,0.13276869439105518,0.6138482362569417,1.5655173401606328,nonsense,L>P,Master,0
0.15067957953087632,0.24421025530432303,0.25227659429787896,0.7075165303393376,splice_site,K>I,Master,0
0.006140731976613248,0.0025423827365900816,0.945881913585647,4.375163516095869,frameshift,M>D,Master,1
0.06786474829780174,0.015232696606383624,0.699886244211485,3.969634188022233,nonsense,E>C,Master,1
0.004921689156115516,0.007949255070363844,0.71708410775146,5.014879082154516,frameshift,E>I,Master,1
0.027165699650389657,0.029381351201462236,0.8174367587768304,4.304500279238181,missense,V>Q,Master,1
0.020223472826662557,0.019671984694463657,1.0,4.49198750479319,splice_site,A>F,Master,1
0.09840490175407329,0.02119116190400607,0.910909946547672,4.500580493360436,nonsense,I>D,Master,1
0.20822802366617393,0.10026930279485738,0.45823073007284515,0.7467057875330386,nonsense,Y>E,Master,0
0.040621803621672156,0.02282709618609373,0.716911733614487,4.273317672864578,splice_site,A>V,Master,1
0.05124483316202755,0.5507576268862954,0.5709785863043677,0.32049370454548143,missense,V>Q,Master,0
0.06101641138474475,0.010230577337913403,0.7183976928053797,5.221289086126221,frameshift,S>D,Master,1
0.2821437413163751,0.34994825059483986,0.3831845318115181,0.62862040650139,nonsense,R>S,Master,0
0.049172076647226184,0.08403174195964333,0.24991840128639847,0.6270371372678202,splice_site,A>T,Master,0
0.0675581341695223,0.019286982762342177,0.7674578728627169,4.091967905754119,splice_site,T>D,Master,1
0.013951704161423856,0.02339197929834045,0.7632136706303517,4.3954680091637455,splice_site,R>W,Master,1
0.058588842160352914,0.012858224739014336,0.7857714307554853,3.9010731273370447,frameshift,M>C,Master,1
0.03421845266993227,0.012408726159392857,0.7019029081473925,4.673073471976201,nonsense,F>M,Master,1
0.004849213840842232,0.058911809106265624,0.9477372560630861,4.3372728355474965,frameshift,F>T,Master,1
0.021602126246767068,0.01085610642258342,0.7691238208806618,4.10188793861309,missense,A>W,Master,1
0.11864773876782572,0.022142445771979453,0.8729369795129751,4.085449973941946,missense,C>M,Master,1
0.09609659317739466,0.48483246214066256,0.17797005088397094,1.3535976963008767,frameshift,D>I,Master,0
0.17745355995981277,0.30538808586782745,0.5567777566540537,2.199670116647846,splice_site,H>M,Master,0
0.1705066578092007,0.47707232476099376,0.08976727872996121,0.6453374631035428,splice_site,S>H,Master,0
0.09997895078877313,0.012786653607958704,0.9896604068573929,5.342191664090769,missense,V>M,Master,1
0.028283161423405263,0.015948714191633677,0.7542687093443297,4.298453855122995,splice_site,Y>M,Master,1
0.11102348431908397,0.0996967292955549,0.6040555977765667,1.2107904220396246,nonsense,D>E,Master,0
0.05260897287336767,0.006471634530332151,0.7454273959363806,4.857933168582038,nonsense,N>F,Master,1
0.0029420761673010715,0.03306378064129135,0.7867574415056664,4.523560135905462,frameshift,V>P,Master,1
0.043767361529114666,0.006051765244596745,0.7099188258988637,4.736607604503794,splice_site,S>K,Master,1
0.06613999840234873,0.014476923193007578,0.5990266633131283,4.825155598748172,missense,T>F,Master,1
0.3438707402120876,0.5093557395510131,0.5564216782853024,1.7249146021532487,frameshift,L>H,Master,0
0.09933946285014414,0.04753599520807218,0.7828828804758465,4.908843156527277,nonsense,E>M,Master,1
0.0699237420323361,0.3233276905158186,0.29106271971196207,1.5968073945590493,missense,E>R,Master,0
0.033014670491848384,0.035731594336583586,0.6665173182411507,3.754958662211691,splice_site,R>C,Master,1
0.02933680141836074,0.03630962911720928,1.0,5.891617571123664,nonsense,C>W,Master,1
0.0021975215994812793,0.006516732989907087,0.850200188906656,3.4497428418831,nonsense,T>R,Master,1
0.03160445385445076,0.016557982355977614,0.9081580728364782,4.2307500565028295,missense,E>G,Master,1
0.03262344986675974,0.006497758643089708,0.8489811254794013,5.082662799611641,frameshift,Q>N,Master,1
0.2563575661917474,0.40081535489842207,0.1062351771930011,1.2297629895541373,nonsense,S>E,Master,0
0.013757881879967671,0.0769053209175403,0.6529619865324283,4.733073565247477,frameshift,N>L,Master,1
0.20838531521364037,0.018804412674505437,0.6023783935609689,5.0121731009929125,nonsense,M>V,Master,1
0.021412569140896967,0.0024207757688564633,0.8846722338770844,4.136503503690792,splice_site,T>M,Master,1
0.0015808149457741808,0.024801827078037925,0.7308787562208883,4.360932830855091,nonsense,F>N,Master,1
0.018268201894140267,0.019948371843711094,0.6903374955852682,4.5032739833183175,frameshift,S>N,Master,1
0.09772983000113095,0.005147599722463431,0.9563961336859704,4.717103588930943,frameshift,F>H,Master,1
0.21890477298549854,0.3096400210783673,0.4003788779721244,1.2750056749306635,missense,Q>E,Master,0
0.012417839373043206,0.00915918161122473,0.6846340648573431,4.102281708133851,frameshift,E>S,Master,1
0.05372923278470989,0.3931820354627364,0.3287474875641714,1.0680464682245265,missense,Y>E,Master,0
0.0037118339011936287,0.014243970208996476,0.9703727154697238,3.287867564651357,missense,C>Q,Master,1
0.0921743448560034,0.29704367100701684,0.5214623338681549,1.7785590627715586,missense,Q>W,Master,0
0.17001914561153464,0.42594283647774284,0.26777450266279973,0.7738738334068284,missense,S>Y,Master,0
0.03233389144114272,0.00042756526877898955,0.6510196934634827,4.5931262299506335,nonsense,D>P,Master,1
0.04150158443543899,0.003261033471063872,0.9656322507803559,3.9590270604105178,missense,F>H,Master,1
0.40836172902948836,0.31283839792126084,0.5895715532302728,0.9137494711170407,frameshift,G>V,Master,0
0.09269268170415138,0.30964296494635457,0.3264618041377069,2.0858140959425855,missense,T>I,Master,0
0.02204285360549196,0.0006617512875264533,0.7382700930241954,3.922690716231137,splice_site,A>W,Master,1
0.12019180279785743,0.01268728061087111,0.7234518779557915,4.148968218822344,nonsense,A>Y,Master,1
0.003081941655560744,0.009847698312710835,0.6491924120198991,4.912653758620157,missense,Q>W,Master,1
0.13000088870491425,0.4909338924078649,0.2422045483467683,2.570703923011166,splice_site,C>K,Master,0
0.009057765376305307,0.012191924378520883,0.9368189023748579,5.5642338842508,nonsense,F>H,Master,1
0.010129850011925946,0.031858551580078893,0.6667755413236555,3.9531157998872457,frameshift,I>W,Master,1
0.2564654754458318,0.5036310458894292,0.27544571486263786,0.22949605920356464,missense,W>C,Master,0
0.04292173323178737,0.4530750969171134,0.660889794397425,2.033915550446268,frameshift,M>C,Master,0
0.00708114277474126,0.20385054187461385,0.5611291123680094,1.6822031370070687,frameshift,V>N,Master,0
0.2147565345707857,0.532160689004942,0.5324522221142315,0.8752197657245703,frameshift,I>K,Master,0
0.010396642971244168,0.036885302168872106,0.8554254476026522,3.8718654275448277,frameshift,S>I,Master,1
0.042777974929672356,0.026283340574707582,0.7465249195409085,4.4623477896295825,missense,R>K,Master,1
0.1679906326330002,0.19775698474482825,0.0900172909260945,0.7410387722694665,frameshift,Q>A,Master,0
0.021142522239628044,0.02540964131035791,0.8713298176620633,5.289307695239315,missense,W>R,Master,1
0.35808339456411037,0.4666120953369386,0.2017551170765774,1.1191212244457232,frameshift,P>Q,Master,0
0.03755248128411761,0.0008849459146439754,0.7798892204710575,4.164251243026257,nonsense,Q>V,Master,1
0.13899668897648335,0.2238921685324218,0.18111726028440545,0.018674429055955066,splice_site,A>F,Master,0
0.2929698079723611,0.4809447106200602,0.5917959633663677,1.6790773518237254,missense,P>G,Master,0
0.046229391046352444,0.0003190934935695588,0.7993383755846513,4.506827831918729,frameshift,T>F,Master,1
0.05934173188643418,0.30742382601553747,0.0,1.1703554761915387,frameshift,W>G,Master,0
0.10534971436542916,0.38717946888072796,0.1645275542556461,2.5321280190127946,frameshift,M>L,Master,0
0.00957536841921423,0.0044417884300111486,1.0,4.17212436968043,frameshift,Y>K,Master,1
0.009323717198408042,0.023249476564514242,0.8792961605445475,4.670915160923053,splice_site,A>R,Master,1
0.11536510255863484,0.0005762711296169945,0.8860185210781845,4.563994181838632,nonsense,K>W,Master,1
0.3468268695915367,0.2486570298882496,0.26856430001396636,0.6415140687210584,frameshift,Q>R,Master,0
0.1912454253397446,0.26644372694408774,0.49799017088002157,1.7446882166016302,nonsense,P>E,Master,0
0.01214317112769796,0.0005740853977184181,0.8725923611648403,4.798347690455242,splice_site,K>R,Master,1
0.014518097674139667,0.0047839535721111515,0.6850695422609838,4.1679436426851435,frameshift,R>L,Master,1
0.17167831455537017,0.047954814913452895,0.8656506083175227,5.163595611400893,frameshift,L>Q,Master,1
0.4570965285561848,0.11052638291679617,0.3672643619243372,2.1311157046275895,missense,H>R,Master,0
0.014581645777223517,0.032022334438618856,0.8002118421017473,4.232868988663906,nonsense,E>Q,Master,1
0.20779624837874286,0.251351442906656,0.42021058701482067,1.2290055905828714,splice_site,Y>Q,Master,0
0.026639046759437353,0.04408493824147662,0.7177051374137643,4.976797475331258,nonsense,G>A,Master,1
0.027009045934386203,0.008663969276585729,0.7573019628493238,5.094586391552501,missense,L>W,Master,1
0.2347466082406972,0.2973387512609651,0.0,1.5671852619958038,nonsense,G>M,Master,0
0.03253587196153842,0.07028620933803431,0.7523989999979149,4.434964579358233,nonsense,F>I,Master,1
0.005585087623603398,0.31958675214274634,0.26855465662177597,3.104884077933923,nonsense,R>Q,Master,0
0.007202444619294079,0.02206118148174131,0.9240965598738533,4.671685174897737,nonsense,D>M,Master,1
0.03579351653099542,0.04966013123387228,0.9116430748782207,4.108906627998951,nonsense,L>S,Master,1
0.011004517572602908,0.006369037114248852,0.7829089946525257,4.884728655401451,splice_site,E>C,Master,1
0.010825496829952066,0.005150546901353397,0.7122866061552576,4.066342745622834,splice_site,A>T,Master,1
0.17443672171494362,0.2942560390345112,0.39208445359687777,1.1982753737509817,nonsense,Q>L,Master,0
0.010638307843045963,0.015119293488087892,0.690235663642139,5.265086027610261,nonsense,P>N,Master,1
0.05733239385604564,0.012754288968052746,0.9939463549570124,4.70015304657741,missense,H>G,Master,1
0.07037125865698836,0.017573199933277602,0.9498958462667533,4.576713690192695,splice_site,F>C,Master,1
0.01505487032041796,0.010929946220798825,0.7792087689933886,4.273058200575464,frameshift,E>F,Master,1
0.053763926840895225,0.06527571931590484,0.709349221906723,4.537282031030248,nonsense,C>M,Master,1
0.031869154571352795,0.027093535373538594,0.6542827301579044,4.892183567885273,frameshift,T>I,Master,1
0.08150851537711418,0.3186779073551067,0.4050225885771631,1.3123816591352113,frameshift,K>W,Master,0
0.032672040209198186,0.0015177025165050292,0.8271211475279974,3.7785731229663324,missense,S>G,Master,1
0.06323899368164249,0.03677398618856895,0.7167392780261153,4.345073887654751,frameshift,C>A,Master,1
0.14184803950856328,0.3578046110435294,0.5634767835879643,1.9890329177905954,missense,W>S,Master,0
0.0039012586392534955,0.0180779228661637,0.6092778000311198,5.542514838130346,missense,K>M,Master,1
0.04378931323702904,0.0008400104018444045,0.9359771893328315,4.814406914166381,frameshift,S>Q,Master,1
0.048626844343685485,0.0021054730373577333,0.7629249016192353,4.758986688145082,missense,Q>N,Master,1
0.04979103854093046,0.04946213935793039,0.30872802649314757,0.9592973085181509,missense,F>V,Master,0
0.05881358981612501,0.009520599892732871,0.782796863788433,5.180147496474955,nonsense,H>E,Master,1
0.012179786467835428,0.00909947271960583,0.7763845432142774,4.4867872393164685,missense,L>T,Master,1
0.07180475005396708,0.028200855381242732,0.9105313901493288,4.382816989140281,splice_site,Q>W,Master,1
0.013318779569726453,0.009459826029324213,0.5740613742095815,4.306579521006747,nonsense,R>P,Master,1
0.024137329581890916,0.00046127456724857603,0.7920877777615491,4.068215820145054,nonsense,C>M,Master,1
0.03235103973011132,0.007876738256169542,0.9209086398014005,4.621129078310143,missense,K>L,Master,1
0.2851548754148376,0.24522309607568796,0.3883250135628434,0.5015915288850719,missense,D>P,Master,0
0.030070340041002855,0.003203367363687794,0.8151847549641571,5.0632589468428515,missense,I>P,Master,1
0.05322041219209276,0.013757001696245797,0.8801639716903693,4.780264642435256,splice_site,I>L,Master,1
0.016493666483199842,8.296157438182695e-05,0.7265679997686627,4.057014958762935,frameshift,A>I,Master,1
0.089991360775053,0.0734279476090718,0.793519074643887,3.926168686026126,missense,I>G,Master,1
0.08690036957243588,0.0018785847858394157,0.8520865692561573,4.49882829842524,frameshift,A>F,Master,1
0.0756638021421168,0.008765941633160452,0.7104052996411221,5.202527792801447,missense,P>E,Master,1
0.037445440906769996,0.011973372975413782,0.741048286750349,4.247697702257513,missense,H>A,Master,1
0.18267407342102587,0.1045182489203637,0.19631287362449923,0.4912201928731168,splice_site,E>W,Master,0
0.05127580334249731,0.36117165133331003,0.5487883849932249,1.5463797572925309,missense,G>A,Master,0
0.11970084692569087,0.5680237657713978,0.8039415291290748,1.5365913032021308,nonsense,R>F,Master,0
0.008949921857498277,0.012504930587740149,0.796798119551293,3.7136247971542558,nonsense,G>N,Master,1
0.0009234211883073736,0.003392445207203459,0.8329958787840435,4.344086473562723,splice_site,H>G,Master,1
0.19521322470030028,0.3641565329071161,0.3480461251540895,0.9956011886025974,frameshift,E>V,Master,0
0.002287995833141671,0.044382038142221594,0.7133267329339688,4.237023630102853,missense,T>D,Master,1
0.055439749366467964,0.300817216886066,0.8694019177915282,0.7184545431275491,nonsense,S>F,Master,0
0.03554778932999121,0.018006738180926473,0.8188670447509999,4.759941465883974,missense,E>Y,Master,1
0.4294117808136642,0.45749640699513533,0.15978729380416257,0.5639970508481098,missense,N>Y,Master,0
0.047280756760880366,0.1552688132796024,0.4406312632839235,1.1428131315244583,splice_site,E>S,Master,0
0.041890121385764444,0.005008828276324511,0.5917528023297329,4.5516081298829585,frameshift,I>T,Master,1
0.002354949446091643,0.02144697569058532,0.711388734865235,4.937377338354803,missense,N>P,Master,1
0.007489320401438783,0.0028024012442355996,0.658017468654243,4.04793057844926,nonsense,C>H,Master,1
0.0962376074647361,0.011005381979337536,0.9548917953418203,4.739538527748726,frameshift,Y>E,Master,1
0.00031986326178027344,0.040774583447822824,0.7784430538640231,3.6683066443202335,splice_site,G>W,Master,1
0.041464424464031834,0.007862345638121994,0.9200800819428452,4.765244899264936,missense,K>R,Master,1
0.03316261954001914,0.055016711450468984,0.7779165507962917,4.645982931228954,frameshift,D>H,Master,1
0.026169434366565113,0.0194419379998549,0.8322020479655214,5.185069452402279,frameshift,S>T,Master,1
0.16716260912491304,0.45647285404908083,0.5052838754269201,1.985333210791904,nonsense,H>G,Master,0
0.0275036609549224,0.03019743858782641,0.7593643148629576,4.479196252314803,nonsense,D>N,Master,1
0.042340818774852414,0.006564508289651926,0.7333354807042023,4.224659576671619,splice_site,D>L,Master,1
0.004511857568931257,0.002332463588048095,0.7768122024938768,4.033956793221321,frameshift,L>Y,Master,1
0.02038953925984065,0.047704131907606556,0.7929480447272581,3.7976173891664997,nonsense,K>G,Master,1
0.013936436300241084,0.010385131564093316,0.899938094639279,4.180391929606639,missense,F>Y,Master,1
0.008156629419165328,0.018250545406293117,0.7977322474512659,4.77855122346807,nonsense,W>V,Master,1
0.03096785235421179,0.0020820891925122146,0.6564631172953111,4.528687776903491,missense,H>I,Master,1
0.006281832000191445,0.02627486049943547,0.8911262283037824,4.255931859928938,missense,A>F,Master,1
0.024681894716292455,0.029541481664906877,0.8765643106482696,3.660182251146685,nonsense,R>W,Master,1
0.055891305187300004,0.019254444585021162,0.7697225454874462,4.836729437863611,missense,T>W,Master,1
0.004388856121023322,0.013913955660014313,0.8797565622685954,4.9071614257038885,splice_site,T>W,Master,1
0.12338829626754719,0.0011833070831725697,0.8251587917998845,4.29099543568329,missense,D>I,Master,1
0.04089262337075534,0.009600674925961502,0.8306619786981922,4.333911103034631,missense,G>T,Master,1
0.004537329282789727,0.029750366809614764,0.9008991476931648,4.602494573654455,splice_site,E>H,Master,1
0.0005939937086614862,0.00801904402243601,0.9583936440963484,4.666310392390519,nonsense,L>H,Master,1
0.007941261866483829,0.014556663592683388,0.7818054561657581,4.264584811748109,splice_site,I>L,Master,1
0.06100912421826109,0.037081348586587,0.8789907746853893,4.355553792832977,nonsense,P>E,Master,1
0.11748568668075181,0.4582028254734509,0.5032575885513271,1.4958187220297439,frameshift,S>Q,Master,0
0.15969958351582145,0.005889247025160855,0.9038654287319736,4.74335526516275,nonsense,A>Q,Master,1
0.09925746950952127,0.05066235516274797,0.8055479918765381,4.736048345527548,splice_site,K>T,Master,1
0.34780592078928113,0.08825423331652439,0.3321222604310336,1.7393316537507828,missense,M>Q,Master,0
0.1587537674528509,0.21510735130049946,0.27999073777926664,0.6695144108311726,nonsense,Q>R,Master,0
0.06872013788841365,0.02605841571867049,0.8020804023772544,5.021432704779804,frameshift,E>T,Master,1
0.19877757442151506,0.4506898142298487,0.06590765814227523,1.2839904100390382,nonsense,P>C,Master,0
0.1289441292467032,0.37592502545739853,0.3965330052082613,1.4978333385213203,splice_site,K>D,Master,0
0.038355230355541135,0.0020731414380760265,0.7660178831691703,5.454388136688868,frameshift,Y>M,Master,1
0.023995829318237027,0.002516094948974077,0.8809054289087779,3.847603113189579,missense,N>S,Master,1
0.2225228884036736,0.17110792301772249,0.03587166809403869,1.5919301810971842,missense,E>W,Master,0
0.1419898396795834,0.1648011314885541,0.0793414514350747,1.680981025139687,splice_site,V>N,Master,0
0.14026844108001676,0.015635716237626864,0.9122771240233343,5.099241176191949,frameshift,D>W,Master,1
0.06258435826028264,0.03731952192570086,0.9492609947464036,4.516605089942686,missense,M>K,Master,1
0.24890992464155795,0.19148592834959025,0.2175895460430156,1.956713269094644,missense,K>L,Master,0
0.09517689768419299,0.022169310717850915,0.647655794186438,4.5765965702790385,missense,V>G,Master,1
0.0016656600634379478,0.0481930964280457,0.8655919139658836,3.9978408078084957,frameshift,P>N,Master,1
0.07271475964522543,0.37140454050814303,0.16400666101359493,0.04761446934455016,frameshift,S>I,Master,0
0.27333575039467967,0.32194647797841247,0.37991691064155186,0.4164083061101196,frameshift,W>R,Master,0
0.17700438689714465,0.21599800550326,0.5685590630843411,0.43640514224566496,missense,I>W,Master,0
0.08206206882126191,0.009136078973320768,0.8979035825467517,4.865555419844737,frameshift,W>I,Master,1
0.007491719300646711,0.005227523095274612,0.9399903441169559,4.4031118398921505,splice_site,G>P,Master,1
0.043527554071132096,0.16423653665801355,0.25173572241242936,1.0881442700821002,nonsense,A>D,Master,0
0.08085518674466917,0.005317555943981441,0.8625228470873103,4.933789738753136,missense,N>L,Master,1
0.05965231456365207,0.007781675410786364,0.9078651945959726,5.163777325354618,nonsense,F>D,Master,1
0.004031894158290588,0.011942797973893738,0.604992207347562,4.984014803598174,splice_site,M>T,Master,1
0.03694040058712905,0.0058100938008065935,0.8849456255104331,4.345567684713423,frameshift,A>R,Master,1
0.04204358500768848,0.004477521785173389,0.8319823062614066,4.8777524532327945,nonsense,L>V,Master,1
0.062348482364099414,0.012818646400294058,0.7133074760655566,3.3531689888146694,frameshift,Q>G,Master,1
0.042767367044317356,0.033263689672103774,0.8734964815751985,4.21640242449245,frameshift,Y>F,Master,1
0.014454298344549355,0.03726255894124279,0.6457177850962788,3.9315546538004256,frameshift,L>A,Master,1
0.07975897843001377,0.06735153872463279,0.7114037432000111,4.518507188748071,splice_site,N>F,Master,1
0.007687077694296534,0.003958978535646293,0.7540524568047356,4.444041657400398,splice_site,T>W,Master,1
0.047037067299503986,0.007921031565786607,0.8623599527052014,4.14254707647521,missense,Q>K,Master,1
0.02284622576651867,0.008281254121001235,0.7382715430744782,4.563127936356966,splice_site,D>M,Master,1
0.28384745133516853,0.24206233977458058,0.3141394043329679,1.8867957615714332,nonsense,F>G,Master,0
0.10579337679559664,0.024312770741135945,0.8039462199303932,4.11705796583969,nonsense,M>S,Master,1
0.2458258290233554,0.41989855588181674,0.09237214299771249,1.7690853899764916,nonsense,Q>T,Master,0
0.1369914768985704,0.39316167026185883,0.43880401741214836,1.480761739920139,frameshift,T>W,Master,0
0.0024170912229296263,0.001564955499780852,0.9044526429818142,4.03192477696256,nonsense,D>A,Master,1
0.06053962191034441,0.013310129693383405,0.6491830790627823,5.347681747089967,frameshift,D>L,Master,1
0.008515311643203015,0.006851516524614385,0.9047849056889751,4.631517590908952,missense,G>T,Master,1
0.2700789452607491,0.37939157038451693,0.12431990453213976,0.3696659204681021,frameshift,L>Y,Master,0
0.018868492482555507,0.03653827141361496,0.5876621461601772,4.96059451891228,missense,Y>R,Master,1
0.15593285323544268,0.020987468534528854,0.7703331263325529,4.589833019435794,nonsense,P>E,Master,1
0.08451906964136754,0.09646289204271016,0.7712641125850366,4.520794533779217,frameshift,N>E,Master,1
0.07516977073179454,0.022472547677747225,0.7220455524640623,4.893060273799123,missense,D>M,Master,1
0.06254665519791058,0.015641768084892076,0.8668248123941353,4.071946173671785,nonsense,C>K,Master,1
0.32167488187037624,0.38461278705958507,0.28421466484508884,1.3657316540956554,nonsense,N>L,Master,0
0.022817680930085495,0.01740675464243566,0.824540974177134,4.010217342682725,frameshift,P>K,Master,1
0.059166577186117536,0.002892080741757403,0.8601936237103243,4.447499248547939,missense,E>N,Master,1
0.027949552604193743,0.010625079196097044,0.6664677461244495,4.394918176221997,splice_site,Q>L,Master,1
0.01546750088467498,0.2705046895621586,0.4549829109827974,1.544430992713333,splice_site,R>K,Master,0
0.012550505838706146,0.030163685228722353,0.9150128678393633,4.42152759736141,frameshift,Q>E,Master,1
0.19449026575565032,0.5087701406279678,0.15875532918638466,1.859174044456171,missense,R>N,Master,0
0.05498766613285463,0.34280401833498153,0.21859363461078812,1.627229011785388,splice_site,P>F,Master,0
0.027510174473724204,0.015230648276830194,0.8227313795492318,4.872114559780798,splice_site,C>M,Master,1
0.054387285787102606,0.00697878607777056,0.7594263498367748,4.214757657179462,splice_site,S>W,Master,1
0.09321092748802569,0.2500423027026276,0.08271780932887635,0.7180197334778277,missense,M>P,Master,0
0.2684198324690398,0.29493265934282037,0.11977934260312856,1.6512926797688277,frameshift,D>W,Master,0
0.42785359187710104,0.20040416966047744,0.2933050379346188,0.9685752204205432,splice_site,I>H,Master,0
0.10421853987795088,0.0019863384772308237,0.8907860637704492,4.319901045757533,frameshift,D>W,Master,1
0.03657573914746656,0.014080037419579873,0.8732348079650525,4.170888878124906,frameshift,W>Q,Master,1
0.027148812791342392,0.010336475567786009,0.7341891190617235,4.246166075395147,frameshift,N>T,Master,1
0.06454065178178367,0.005275455513114755,0.979841497916482,4.562566495384838,frameshift,V>P,Master,1
0.017765620099474973,0.011121867302272773,0.6457807105812777,5.518291178336041,missense,M>R,Master,1
0.04301085861890899,0.0005054305474350284,0.7726393443465831,5.088785207074732,missense,G>N,Master,1
0.08468365745460006,0.030509237322011103,0.7009302490463768,4.672315252317255,frameshift,E>I,Master,1
0.0714039691990141,0.21260732416770256,0.5154719619724546,0.4886499232066359,splice_site,V>Y,Master,0
0.02956963260124908,0.0041536214410603164,0.8352011591090864,5.530107036312341,frameshift,I>S,Master,1
0.03370675696554141,0.03073737332014978,0.7493295823789762,3.788331602559307,frameshift,K>L,Master,1
0.031714651434953604,0.0012028984882632768,0.8278079595573528,4.500035933529431,splice_site,V>S,Master,1
0.07134126795891953,0.005029928623410543,0.6601917960081217,4.207239219052131,nonsense,N>I,Master,1
0.026949094905744358,0.018166795636701774,0.795645432792112,5.251363840399643,missense,T>E,Master,1
0.07099845160962627,0.04064041055202787,0.9901765708701544,3.9334624134539213,frameshift,N>G,Master,1
0.008669261215864347,0.06895771875017542,0.6591576615793991,4.653601972948936,missense,T>F,Master,1
0.03346170596326915,0.0042006930993189725,0.775979112899748,3.9304716669301447,missense,W>G,Master,1
0.13417011040337098,0.37462569801210716,0.3763843340006019,1.6196706284565487,splice_site,G>I,Master,0
0.06811084937809082,0.0019282347487028252,0.703056755671168,4.252753699058926,missense,G>N,Master,1
0.15178948118270144,0.14602181509801718,0.6024469821331198,1.699765728978031,nonsense,E>F,Master,0
0.013295469580048989,0.022921788800016423,0.9399097479263415,4.659943983927206,splice_site,W>Y,Master,1
0.35663674897058323,0.37724232445432176,0.39135415554009184,1.9047474446566013,frameshift,D>V,Master,0
0.05791245894358737,0.010616958211814909,0.7529460860470583,4.7874530204575185,missense,Q>L,Master,1
0.014581931668217382,0.05542172022582443,0.8822859222783352,5.279313258481407,missense,C>L,Master,1
0.05963930629931255,0.011609692047293525,0.8209926052412998,4.122837680726796,frameshift,E>A,Master,1
0.017772549500327053,0.04238068989042667,0.7422779043617888,5.231950393087161,missense,C>T,Master,1
0.0038812038956995425,0.0023652951629131707,0.8566177390770173,5.023400451745673,frameshift,R>Q,Master,1
0.06116355117420974,0.029862389795826803,0.8532596487614066,4.5738259202687255,frameshift,L>A,Master,1
0.07047746512295662,0.0039057181371136987,0.7753142107489147,5.280511465223979,frameshift,R>C,Master,1
0.11716079478244254,0.0032718908199131477,0.6691221695514045,4.847859850422538,splice_site,W>M,Master,1
0.1639392278148917,0.01657024689849677,0.7145690349585638,4.204312888304031,frameshift,Y>G,Master,1
0.09489599099348166,0.02609491282029383,0.8462912779493114,3.4357048955865346,missense,C>Y,Master,1
0.014293402124422568,0.0011120151128394063,0.7628808048738474,4.135891237597227,nonsense,R>V,Master,1
0.037615709991460425,0.002563581797289403,0.7819449709114261,4.366968172118998,missense,V>W,Master,1
0.020720077792020966,0.023328450479037532,0.7187842869465932,4.744077132269412,frameshift,L>S,Master,1
0.08159719337936736,0.1540667136247986,0.30672999170710624,0.6846635029584767,splice_site,N>T,Master,0
0.002898341188995644,0.0030738464912461743,0.9461992830868321,4.358920232006268,splice_site,S>R,Master,1
0.03357497190105011,0.00015830523473906526,0.8063193603850227,3.4991372593828567,frameshift,P>M,Master,1
0.10669567101426644,0.003584336130556518,0.17692253804749736,2.654352054270345,frameshift,E>P,Master,0
0.04730953205823482,0.0037138400651993268,0.7196590540207564,4.127060746781905,nonsense,W>Y,Master,1
0.06194408150875531,0.2409087803565645,0.4606632085475658,2.6753707517815917,nonsense,C>M,Master,0
0.10581391783899696,0.01591080674569672,0.8104046481039086,4.640678268769185,splice_site,I>R,Master,1
0.02857574247642577,0.026702070721235552,0.80112081531959,4.073833160773445,missense,Y>M,Master,1
0.03662284004316741,0.06428403708611466,0.9510731651539214,4.62547159661833,nonsense,I>D,Master,1
0.020916193187602124,0.028911721322205517,0.6137786673551153,4.897633606241102,nonsense,H>T,Master,1
0.022401688347732467,0.03356667120679303,0.7796116531020146,5.919811457403957,nonsense,Q>M,Master,1
0.017527468143290353,0.027046701518218256,0.8460327818381483,4.356541212031162,frameshift,H>R,Master,1
0.033144845548590075,0.020911421739874068,0.8562979181904856,5.063228878564579,frameshift,D>F,Master,1
0.07941661703871189,0.055280808121651065,0.7699557191172449,4.507693782250635,splice_site,E>D,Master,1
0.001446157248261132,0.017922350202955278,0.7331103508270785,4.139188904385318,splice_site,G>Y,Master,1
0.06065363350835597,0.01841743568036589,0.7183815828123885,4.123621251571447,frameshift,T>I,Master,1
0.03272440316765314,0.0012487306640119797,0.7497892175170303,5.4358573121579195,nonsense,G>T,Master,1
0.23639709090598265,0.3671695112605749,0.49832927565216045,0.6753477780399469,missense,M>D,Master,0
0.04305649121399411,0.0028461345879573223,0.9400777276195652,4.632553547256122,nonsense,M>Q,Master,1
0.04542713535272474,0.0021773497906959756,0.7268739026672956,4.633413085540194,nonsense,F>M,Master,1
0.10723882053837833,0.011802186354081123,1.0,4.626199103326025,splice_site,Y>W,Master,1
0.08186890100778202,0.059045879385406126,0.4887537569598644,1.4773067964563238,missense,Q>Y,Master,0
0.13165035177381185,0.00227802734262993,0.982003481276744,4.584361288672938,missense,A>V,Master,1
0.25154671311487004,0.0132608291092375,0.6596301615254758,5.163750122727711,frameshift,V>E,Master,1
0.06803913945637156,0.18266274769317636,0.20020425138882292,1.7625671747430112,splice_site,W>D,Master,0
0.006385818276305109,0.010661721340693927,0.9453634150874948,4.585283013385063,splice_site,Y>S,Master,1
0.10198593947194659,0.012305365424550923,0.8876205991671661,4.147574244637972,missense,K>D,Master,1
0.014646729577646662,0.0039503546049653735,0.7460273201848231,4.348479089526462,splice_site,Y>T,Master,1
0.059287525257357664,0.03744932778195196,0.8961360359818814,5.284842840488879,splice_site,S>C,Master,1
0.04217370831563537,0.013019484639569758,0.5558293013097514,3.983485577482528,nonsense,K>W,Master,1
0.22474351748448831,0.3570528326459387,0.43743549501972967,0.637324166051183,missense,G>A,Master,0
0.006999687144265504,0.01680698410503547,0.8144052231526497,4.424291966006787,frameshift,T>Y,Master,1
0.16048582293037317,0.0100118040434794,0.6691746744575628,4.5314725482709965,frameshift,L>V,Master,1
0.054165577982275226,0.09201854499744469,0.8068750056763573,3.9565431525416437,nonsense,G>K,Master,1
0.21293273716562966,0.11921532150939099,0.2232494038173981,2.07534670475943,splice_site,S>E,Master,0
0.08897991783021696,0.00617261897928636,1.0,4.4902617673493275,frameshift,W>E,Master,1
0.0701660705758762,0.00046949969883906676,0.8071664139750852,4.337510702915666,nonsense,W>M,Master,1
0.009957816780239081,0.01353959509839325,0.8945689037497155,3.5291529762535276,splice_site,S>V,Master,1
0.15588157886814105,0.415843454433388,0.19342969182796305,1.986304266495808,splice_site,T>C,Master,0
0.06772201657593085,0.035685987692428804,0.8951384983500771,5.050214221128432,frameshift,L>W,Master,1
0.060780173566128505,0.41906625293286026,0.0,2.8389525578570716,splice_site,W>M,Master,0
0.05830449023326574,0.02883804175173356,0.8009511839940995,4.292718068375653,frameshift,L>P,Master,1
0.18774049495542416,0.03635886446926341,0.3330081273075478,1.099864722100877,nonsense,W>I,Master,0
0.11269983963944637,0.37319708598883994,0.3984966969489244,1.065871280820747,missense,L>C,Master,0
0.01016769313854278,0.025138618437522266,0.6278952874370337,4.586406139885642,splice_site,G>H,Master,1
0.008764823089657415,0.033320350312083885,0.9114234346742605,4.7748756108225425,splice_site,H>V,Master,1
0.00041204681158978394,0.004661421529439785,0.7378865201203759,5.056134146517554,missense,Y>P,Master,1
0.05111552013772638,0.012323118669048753,0.8011168009506329,4.702514802222097,missense,W>H,Master,1
0.14276336573433757,0.08133402274982807,0.2717968563020616,-0.30749670706535825,frameshift,F>M,Master,0
0.03184255077471456,0.010791314299679514,0.9783918606607486,4.335397718335542,splice_site,C>E,Master,1
0.011973501216592937,0.04421700038563482,0.9028849153609595,4.649597811090045,nonsense,W>Y,Master,1
0.061006394605367734,0.003480637105342019,0.7476314467323106,4.5539899064425216,splice_site,K>Q,Master,1
0.08216120839128094,0.02851032710622368,0.7419836277875481,3.5712142774165416,splice_site,G>T,Master,1
0.0006213043908870566,0.022165058699242724,0.8821564124624615,5.473410981173057,missense,S>T,Master,1
0.022858646525991583,0.044659804058734355,0.8155658297671742,4.312352415143289,splice_site,Y>P,Master,1
0.049340563435007444,0.024427032805106587,0.8196272338440864,3.862856388474538,nonsense,M>V,Master,1
0.14495286769547072,0.32627606880915944,0.3767310047733578,0.9522961622579593,nonsense,N>S,Master,0
0.2566546322972938,0.3658637985237106,0.22410414879765114,1.5672174087464745,splice_site,P>N,Master,0
0.16033000708724432,0.15306601949536416,0.0,0.994044646348817,missense,A>P,Master,0
0.11433887119790274,0.25676760211170285,0.1967879646939305,1.8179232263094764,splice_site,V>H,Master,0
0.15673649284175448,0.029424551567362713,0.6181882717108211,1.5485889004650435,splice_site,E>F,Master,0
0.00028541718463235514,0.01236160032930118,0.6958994781716213,4.428612523414653,missense,W>T,Master,1
0.10210954788000948,0.01771071984655595,1.0,4.418582980224448,frameshift,W>A,Master,1
0.10458454220955118,0.0013333825219396611,0.5769869747085387,2.5718123353797013,splice_site,W>Y,Master,1
0.3820504608936772,0.20337017756742282,0.4507824130384266,0.14958252432249974,splice_site,Y>K,Master,0
0.2883568828917942,0.2620255585255244,0.22225094126569972,1.7909381182711859,splice_site,S>L,Master,0
0.1934264031222363,0.3205962270282088,0.3139561404430437,2.26050229850121,frameshift,A>F,Master,0
0.009955191507220887,0.012124972027087346,0.8135841748108112,4.495999975861859,splice_site,F>Y,Master,1
0.025409326730644752,0.07794682347876329,0.7431460695111,6.3014160679054365,frameshift,P>K,Master,1
0.026067731138928386,0.030245137348669612,1.0,5.134390294206921,frameshift,Q>T,Master,1
0.053642047820588866,0.15628206505825343,0.2714346722809699,2.06304590580126,nonsense,Q>K,Master,0
0.015120503807396659,0.03496795121688732,0.8620997565872736,3.7556636581090714,splice_site,M>W,Master,1
0.013847964816176185,0.0004592144594111263,0.7930533948387426,4.3548140779920335,missense,A>M,Master,1
0.07577420901552434,0.013894653663238834,0.7446065316157758,3.5246163363142493,missense,A>H,Master,1
0.11394136879065324,0.26482097592105514,0.48516092831921187,0.9404083959594403,nonsense,G>W,Master,0
0.008068516357719446,0.014746475169702422,0.7389779307462147,4.327148047186462,frameshift,Q>W,Master,1
0.053088926914234155,0.06608663958954195,0.7676646330561285,4.479738808236534,nonsense,V>N,Master,1
0.05341787990805837,0.009104591259519715,0.7186028204109489,4.900892592164243,nonsense,A>H,Master,1
0.031061267492781305,0.09401084060574962,0.8225841834037307,4.461503167930831,splice_site,G>E,Master,1
0.10491546466618791,0.5140219512416863,0.29848706806507014,2.2223332411311665,splice_site,N>F,Master,0
0.07095763647004019,0.38118177834610345,0.1594545869145414,1.7166052188398746,missense,E>G,Master,0
0.008457873890558607,0.0005572729793184156,0.8395711532416954,3.7089124442783965,splice_site,P>T,Master,1
0.1795124760568713,0.6155544838707379,0.13161739183318893,1.7553571557136962,frameshift,Y>M,Master,0
0.016984864744588823,0.038421482135533036,0.771692092640175,4.139815572551673,frameshift,R>T,Master,1
0.01705368280407344,8.116568079788268e-05,0.6972005926782561,3.327513865239397,frameshift,Y>W,Master,1
0.0002480500811194288,0.0338851709764375,0.803301587693486,4.0611517432417195,nonsense,H>T,Master,1
0.12695476678834575,0.021447795361200693,0.757822313561237,5.491256531848938,splice_site,I>W,Master,1
0.15113343924070735,0.08203059897859447,0.23428934964194048,2.4053428296009742,frameshift,N>Q,Master,0
0.0006118694196213154,0.0006429917074447102,0.8318255246583428,5.231265191345722,frameshift,Q>M,Master,1
0.017836743309006503,0.007651692947296617,0.8357162585701271,3.7294834654497686,nonsense,R>V,Master,1
0.002158416028263484,0.03290725803926845,0.9281978362376686,4.174729001979215,frameshift,G>N,Master,1
0.007810878031560724,0.07007058166303985,0.8280574965958619,4.283322279414681,missense,E>G,Master,1
0.014773556034291606,0.06085023381876421,0.0,-0.380926570489736,missense,W>D,Master,0
0.09217669807079513,0.046406223117986485,0.103324655410264,2.0862734455981067,frameshift,V>A,Master,0
0.08026247164542329,0.28792132443850704,0.07656046685191098,1.9060102976658624,missense,A>H,Master,0
0.25521634968511225,0.5304701631667752,0.06554350061940942,1.3827853767907676,nonsense,D>C,Master,0
0.045514057493239134,0.03316110169555557,0.7258428741106493,4.5144362400872335,missense,E>A,Master,1
0.17041122099989886,0.017285889921842712,0.934495966617415,4.976544027496247,missense,D>V,Master,1
0.009636060043583888,0.0427330716285656,0.7216691243274937,3.5082121609426764,nonsense,W>T,Master,1
0.04743587496844484,0.00550241950173936,1.0,5.287467156894529,frameshift,S>F,Master,1
0.04385233152054317,0.04086984310087613,0.6240712979959423,4.7117291659151945,missense,S>D,Master,1
0.12149780126535556,0.03955114961195872,0.8863605506886288,4.56590886629836,splice_site,H>E,Master,1
0.037744029447015714,0.03251577646187398,0.7057036627550236,3.970240707652912,frameshift,N>A,Master,1
0.12705153727526777,0.007465546611872053,0.7181475194349936,4.232142683500225,nonsense,P>S,Master,1
0.07027465248831366,0.020820142256958243,0.7486511636225947,5.176854919988256,frameshift,N>R,Master,1
0.1459751330117532,0.425754991802885,0.37796952987548393,0.8974140186683042,splice_site,E>K,Master,0
0.365168358592939,0.37979956064730597,0.0,0.6340471649756514,splice_site,Q>S,Master,0
0.0045112984612121305,0.0037717624189085803,0.9369114367674751,4.9490619162906295,nonsense,N>G,Master,1
0.04324754292335955,0.017228696314079906,0.8954666816029387,4.715038824183742,frameshift,E>H,Master,1
0.14724158412528948,0.05630466240522001,0.9264050170507165,4.109811697634575,frameshift,V>W,Master,1
0.044316018083485,0.007523075270710584,0.744595561591192,4.640582571447308,frameshift,S>N,Master,1
0.060216781377295095,0.023405884316756873,0.7749212392789369,3.8993935905533688,splice_site,K>P,Master,1
0.04584366737541699,0.0015047523097767978,0.7984452846356426,4.237553717181758,frameshift,N>V,Master,1
0.04426350969856837,0.3666008861979634,0.5262598100499493,0.7009477854483794,missense,W>Q,Master,0
0.02762883207133017,0.005278836432569576,0.8346034410910802,3.908484667341075,missense,Q>D,Master,1
0.08709140434604262,0.04058068892757584,0.6439566532194969,4.915682127237995,splice_site,I>H,Master,1
0.06964741372686416,0.0009100403891323641,0.8885527372305955,4.293627952889225,nonsense,M>E,Master,1
0.0124271732251074,0.004191217393657838,0.8186927052554498,4.645435595322043,frameshift,A>G,Master,1
0.027544992867825063,0.0020881763853950906,0.8264824242464779,4.6830279577303955,splice_site,T>K,Master,1
0.13153137096319856,0.0007982589758311248,0.8676101613649914,4.4892908525238315,splice_site,M>I,Master,1
0.005701544768210982,0.039213866397208086,0.8394111930370859,4.87334242804734,missense,C>L,Master,1
0.11934483472898039,0.014968627524463865,0.9822392832551399,3.911540053934208,frameshift,S>F,Master,1
0.0018098920106247355,0.002432701022354714,0.731452714731158,4.951245827778924,splice_site,C>I,Master,1
0.011864956515987277,0.013382073322457812,0.9438028721873263,3.4963480501623483,splice_site,G>V,Master,1
0.011545159094345328,0.038023334244001304,0.6863663776844009,4.479160110935292,nonsense,L>H,Master,1
0.13340996272500605,0.2027231846725181,0.7326949707400284,-0.2657492143474518,frameshift,E>T,Master,0
0.010232532027311501,0.015842410807910618,0.6771055093528108,5.37143323502588,missense,Y>G,Master,1
0.02065404197428771,0.013446032376133328,0.7451146140367747,5.505860787721374,frameshift,T>F,Master,1
0.15365397056758,0.25284891154184325,0.15367334696255172,1.9884227153674612,nonsense,W>D,Master,0
0.12741677916105476,0.007021534074783123,0.6968002108634761,4.640536112508809,frameshift,C>N,Master,1
0.45881680647553563,0.23962858971104792,0.01422676991006755,1.2513286813800015,splice_site,T>A,Master,0
0.031118820845225492,0.0030467454566756136,0.5479561529380935,3.4601514824269968,missense,H>M,Master,1
0.009994300758519866,0.0011764575965605728,0.8544322704765737,5.299852100524052,nonsense,T>R,Master,1
0.006482116469439056,0.012108240548218893,0.6172804062528741,4.67988285208301,splice_site,L>M,Master,1
0.16377341418757757,0.35394280368910375,0.2385259360605537,0.21945351278721148,frameshift,E>W,Master,0
0.05661967010398364,0.003526895989791271,0.914189653696801,4.642442949857658,splice_site,E>N,Master,1
0.0015259281376630175,0.0036487361226610125,0.8125390971806739,4.9980162516537625,missense,P>V,Master,1
0.05126413814913509,0.041522023174885854,0.8323839266327451,3.7820225109859917,nonsense,I>P,Master,1
0.07115861019801765,0.004881028831095406,0.8901143630529226,3.1997320362854884,splice_site,I>E,Master,1
0.15949010496294413,0.6900960285249986,0.35737276856387007,0.5013801951762188,splice_site,E>H,Master,0
0.09160601578562733,0.13207491840823563,0.36817415826925615,2.733174716622564,splice_site,Y>E,Master,0
0.09078901413319805,0.31232553323263523,0.2800479449371467,0.916351137481927,frameshift,P>Y,Master,0
0.19497953432635354,0.01620622380815691,0.697396475244476,4.259728287196612,splice_site,S>F,Master,1
0.06498624554247506,0.04514958484007037,0.6882413957376676,3.6281527464713816,nonsense,Y>A,Master,1
0.042674710401478896,0.0024359272583632107,0.8527330079480672,3.3970324100428106,frameshift,Q>L,Master,1
0.07320510552478075,0.05491543736388222,0.7941577689480139,4.3406305502112605,nonsense,F>P,Master,1
0.06720562558333353,0.007826078883381582,0.8242902540711252,4.569611699231808,nonsense,G>V,Master,1
0.006147959424543803,0.05340872572988703,0.7204824987586167,4.601260441366969,splice_site,R>V,Master,1
0.13162642372634792,0.018754792369300433,0.8255559698986804,4.433777640150214,nonsense,H>E,Master,1
0.09859545918279046,0.031480502940667836,0.824445444960555,4.72282175224505,nonsense,G>V,Master,1
0.6011820276908296,0.1698894778622002,0.019266538789894483,0.6210433479451744,splice_site,S>R,Master,0
0.061299344786783345,0.0731791425913802,0.6890692467502005,4.372989716914663,splice_site,D>F,Master,1
0.06770991472072359,0.008258175927650706,0.6033951587032083,4.325264381041312,missense,F>V,Master,1
0.05643715315400326,0.00901048630451962,0.9751409073748911,4.967374064770674,missense,L>N,Master,1
0.053463138451575964,0.010464428837855061,1.0,2.832553644687085,nonsense,G>A,Master,1
0.04363054289235953,0.0247404903249016,0.8185877883622267,5.114233245211771,missense,S>W,Master,1
0.11279708488593934,0.12082779038310444,0.07291116113257534,1.8413054287814377,splice_site,D>K,Master,0
0.053775194553950856,0.002387834036118585,0.7602259715754468,4.7124512658931925,splice_site,D>F,Master,1
0.03836491760978546,0.1193653108371849,0.0,1.3923076535494163,splice_site,R>T,Master,0
0.07840037730386279,0.275512803994049,0.2226031801684619,1.2527517931384242,missense,Y>S,Master,0
0.20357548461375682,0.22369397565113974,0.3311503815662561,2.7744849772023406,nonsense,N>G,Master,0
0.00610614720498437,0.0032575269715350284,0.8205413270457751,4.324196285859066,splice_site,E>V,Master,1
0.008050478522478307,0.012338934292515816,0.8932838892362238,3.733412702318833,splice_site,Q>D,Master,1
0.029196756751040404,0.027478580863907018,0.7791777290387247,4.635231754365279,splice_site,P>N,Master,1
0.08503125797406678,0.2776190413346555,0.13838931418199255,0.8837491696872832,missense,A>G,Master,0
0.056580559165810305,0.019420210554186947,0.7323684136422638,4.0314776574041185,splice_site,T>Q,Master,1
0.02932731398396478,0.006142075429967473,0.8462252329293048,5.361354855360364,nonsense,P>Y,Master,1
0.15889558803322396,0.40771865618988107,0.2961693819197317,0.3053976551747213,missense,M>Y,Master,0
0.019822870155211395,0.02952480988826085,0.83770609096284,4.63266402749995,missense,W>G,Master,1
0.1820887531546967,0.08220183571892545,0.35669532080379646,2.763084896298787,missense,S>P,Master,0
0.06938683540274206,0.023911954343185864,0.9132842211712895,4.2334313661301195,splice_site,A>M,Master,1
0.020268450921034156,0.03257041493189091,0.8256324652968854,3.8496831476257762,missense,V>H,Master,1
0.01978436812527794,0.01746001093107,0.8153847660216642,4.629230087159534,splice_site,S>L,Master,1
0.01155287597435425,0.001624492584510244,0.7260863440769297,4.001566452621565,splice_site,W>A,Master,1
0.05796847537905496,0.06580651872484938,0.8085477250348297,5.1017300284501985,splice_site,K>A,Master,1
0.028084789409055094,0.01309099931853647,0.8729843035114984,4.039070660036211,frameshift,M>H,Master,1
0.0215690901914109,0.00031824226416609004,0.8406542138266695,4.7145034240081936,nonsense,W>V,Master,1
0.05151984130949155,0.17758692806094226,0.45878916072643444,1.3247142701330983,splice_site,P>N,Master,0
0.17052690574176965,0.003460912770780203,0.7811513140241171,4.995193118305677,frameshift,N>G,Master,1
0.0005322780986493801,0.05977728546842824,0.8043643636879588,3.8826772912590672,nonsense,R>P,Master,1
0.034757674267508185,0.010857630832602466,0.8326670921542169,4.806561249614592,nonsense,E>Y,Master,1
0.022171959506221344,0.08968611248201097,0.0,2.3310050316916024,missense,R>D,Master,0
0.13820310864987304,0.21041770091298603,0.24782583975082195,2.527595502028106,splice_site,S>T,Master,0
0.12623417373063286,0.02379522084605072,0.7335033488680004,4.587461733720982,frameshift,W>C,Master,1
0.013185954807710272,0.0034523419025835706,0.8315496808323493,4.380877849050773,nonsense,Y>W,Master,1
0.07824952910933948,0.008569854800189432,0.8948339279329189,4.342468195200417,splice_site,C>F,Master,1
0.037414676931342275,0.2206668812070295,0.0,1.6760878590349308,missense,P>H,Master,0
0.18685941274860524,0.6425903683606577,0.4636351050942949,1.2660997175250512,splice_site,F>T,Master,0
0.016234690740222404,0.01098549126502032,0.8367046792929969,5.303808693412223,missense,Q>M,Master,1
0.07894751726894433,0.023941197765957326,0.6436070735099346,5.056760676729169,splice_site,Y>M,Master,1
0.06682423428754689,0.024672492358817483,0.7817685299283007,3.9503757212167425,missense,L>T,Master,1
0.06186035669377026,0.008087032126410485,0.6239363556662496,3.5817555807147867,frameshift,A>G,Master,1
0.02509250598711397,0.0037857904261073584,0.8388274254926434,4.5932531084417,missense,A>E,Master,1
0.010279828205797984,0.023996329833536403,0.9519019572530981,4.268101365175061,missense,C>H,Master,1
0.015239862805717583,0.05258589843072087,0.8354818118178394,4.728700371395872,nonsense,K>W,Master,1
0.034627568824690515,0.4183889611758654,0.19012332321000994,1.343366639087956,missense,G>E,Master,0
0.030114432873634255,0.0004324867960039233,0.9363545946639613,4.648834457656397,frameshift,H>W,Master,1
0.15529342580766514,0.11238740500422803,0.07098641670349198,1.0626497426102266,nonsense,G>F,Master,0
0.0032419406345097833,0.058373928950590084,0.8809779272561425,4.091549374086215,nonsense,M>F,Master,1
0.018499112665678677,0.03467228278580838,0.8273935736931338,4.33183981408524,missense,P>V,Master,1
0.17325071900394826,0.18177328481449587,0.4185901618850259,0.7360287714855976,missense,V>Q,Master,0
0.17177784602104298,0.0017083280382574311,0.9305776578287521,5.606638959005652,splice_site,R>Q,Master,1
0.028276901509573824,0.03056393227947628,0.7934470884511049,5.208538516671572,nonsense,A>E,Master,1
0.05556902982999526,0.018392078913295768,0.7455598980421088,4.725299165639566,missense,V>H,Master,1
0.2819376009775496,0.16780934458518426,0.21331367247197108,1.90512827310331,splice_site,C>R,Master,0
5.083098304937943e-07,0.0036927443975669776,0.7718539920111704,4.975666303055273,frameshift,P>D,Master,1
0.0273895893874485,0.012081980187581443,0.8170705482754508,4.383104316200141,frameshift,P>T,Master,1
0.13560472515282804,0.13328160829042537,0.019749197160046306,2.346484494396829,frameshift,D>F,Master,0
0.0037067925033000397,0.014584233389249556,0.7354091826737704,5.019720696115296,nonsense,W>I,Master,1
0.0007112206138345353,0.0036087646454915964,0.7736171769599368,5.037136648710061,missense,E>R,Master,1
0.09208018439105131,0.43549321802327223,0.8344313485256027,0.9379666963586991,missense,H>Y,Master,0
0.009611889613259221,0.0033014401493938234,0.6492414865236062,4.775339661312518,nonsense,L>K,Master,1
0.010107811472425463,0.019619652084478766,0.7875871625182296,3.3408785098237503,nonsense,F>E,Master,1
0.032873205945812514,0.00421639509907465,0.8133166489362706,3.4593293056786445,splice_site,A>V,Master,1
0.3629385435557699,0.39573426062897304,0.06589701397421821,1.3381599919303082,splice_site,R>K,Master,0
0.2909893977498765,0.6442464035490146,0.41591624959696083,1.595249662594461,splice_site,S>F,Master,0
0.152882114080856,0.3319629411587409,0.16637016169665275,0.2114445640662037,missense,F>M,Master,0
0.07010324833608542,0.021503063194313176,0.8335126133073665,4.908933212474818,splice_site,W>Y,Master,1
0.035038089509119075,0.00017767005884464077,0.9695515819249857,3.9275458711805116,frameshift,P>W,Master,1
0.14823372682758043,0.06485627403779025,0.42498789806317594,2.0818235007497274,frameshift,T>S,Master,0
0.028697789318964474,0.07462240800342418,0.7366670078469764,4.544251736908941,splice_site,F>I,Master,1
0.015007756670913188,0.034599001435941135,0.7381016549113878,4.193571002662797,nonsense,D>L,Master,1
0.07279767776978038,0.23940922678344476,0.46432315044743266,1.1808030846221627,nonsense,H>N,Master,0
0.0066866623776727415,0.03130681375966582,0.7690671507225704,4.076697578805871,nonsense,K>W,Master,1
0.023154625511727624,0.07530157285470199,0.9070857597912483,5.203549644580557,missense,G>M,Master,1
0.02519048119776767,0.010320820609834488,0.8081644709018254,4.944929744325467,missense,Q>E,Master,1
0.11955628200772239,0.24229191942212883,0.07339868684372058,0.5451267487727858,missense,I>C,Master,0
0.0536107362119705,0.005577533952499178,0.8332612758949975,5.128617480337139,nonsense,A>F,Master,1
0.009899212749218086,0.004792783405634547,0.9828625262441826,4.335945355819879,splice_site,T>I,Master,1
0.21266239211977717,0.13627982368439778,0.29281974047997844,1.4193112615367802,missense,I>V,Master,0
0.07067905415005944,0.13130936341674526,0.1243727363829186,1.2903718225268495,nonsense,F>K,Master,0
0.1135970618324215,0.28069039865069256,0.35569175788948204,1.068588231018108,nonsense,G>T,Master,0
0.006293253451110934,0.009433110277828902,0.8354772868628009,3.880196594309739,splice_site,T>H,Master,1
0.003848867762908924,0.04225580820917692,0.7847622502728824,3.6761532326152038,splice_site,T>Q,Master,1
0.015351122461403228,0.008948324434422547,0.8245528172056169,4.637446504455486,nonsense,C>W,Master,1
0.15494454576689248,0.023036281931542214,0.4015759690137242,1.6923701958413626,missense,F>D,Master,0
0.018194213941843226,0.029357220944615004,0.8178931728938161,3.8293950940664763,missense,P>N,Master,1
0.055064164271045914,0.0191799562813255,0.719662129283371,4.642255991260822,nonsense,W>G,Master,1
0.12335728136255245,0.02367792468423592,0.6083699234002293,4.434439768375164,nonsense,M>R,Master,1
0.01725713646813255,0.028173462526444117,0.8366327483541077,4.56495945220564,splice_site,P>Q,Master,1
0.025614051915766368,0.0031639861366439316,0.9688311811452882,4.867734254640845,splice_site,N>C,Master,1
0.03067207664072746,0.005866243975538463,0.6989003039923993,4.360767643140807,nonsense,C>I,Master,1
0.0008617456008331722,0.044514160598805225,0.6930895708834037,4.115474946206647,missense,I>Y,Master,1
0.07192352019151702,0.013834965185982092,0.9361538202848112,4.11743266644519,nonsense,S>W,Master,1
0.07245564028265379,0.016122206958399245,0.6798464605260713,4.886670847322354,nonsense,C>M,Master,1
0.027884217499232995,0.02043705210735435,0.8200094059128394,4.506481970735879,splice_site,R>M,Master,1
0.0016462923562596118,0.00717693837845624,0.9138698946694649,4.03655758385691,frameshift,P>K,Master,1
0.07129698186674258,0.06575335528643299,0.17135031375748655,2.895334508917836,splice_site,F>C,Master,0
0.07464480038162562,0.017222392518105274,0.7169765366332715,4.99805239465855,nonsense,A>Y,Master,1
0.18471130435282315,0.14191395137887539,0.33896776379711935,1.4324505709155748,nonsense,L>N,Master,0
0.004871394588191341,0.01822936527568569,0.7154961488283724,5.484429425602438,frameshift,D>E,Master,1
0.10641816797652769,0.009103356915068956,0.6826182002901576,5.123029462460115,missense,Q>P,Master,1
0.01501672254033527,0.01678070698695842,0.7414554979080032,4.099829683982025,missense,F>I,Master,1
0.04911764644839067,0.005140381274353221,0.8353679375891049,3.788962336287087,splice_site,S>C,Master,1
0.001975281247809817,0.00832858496289677,0.9240939187384807,4.032757325845249,nonsense,M>G,Master,1
0.06560394373720642,0.0029283678411814273,0.7935577800422812,3.462202467561082,frameshift,P>F,Master,1
0.06527002583966475,0.0034732059802854176,0.6800717578035869,5.246415945682578,missense,N>Y,Master,1
0.3065546813475089,0.17803335708495507,0.2550889916818694,1.4562824441884237,missense,C>N,Master,0
0.021766045833722467,0.2625989512124468,0.4937489242334503,1.8089692437300025,missense,Q>G,Master,0
0.2937681616596939,0.2467315765627248,0.6612564592765198,1.2176286154062366,frameshift,Q>H,Master,0
0.05656870736130661,0.00724435034866467,0.8586453130333611,5.665743046278418,frameshift,I>Q,Master,1
0.22155934729590165,0.011391517907418176,0.2206607640069586,1.342744772626646,splice_site,I>H,Master,0
0.06905649752168937,0.07534663678364001,0.8876759989154265,4.784891675267201,nonsense,G>S,Master,1
0.07342677909087902,0.06180940624150015,0.9026014125707298,4.645302348630896,missense,E>L,Master,1
0.27616986425678197,0.15989887852894924,0.17347034971199612,0.5531058694428832,splice_site,S>Q,Master,0
0.14989092362770523,0.03248625443651438,0.7472228124054574,4.176821231425318,splice_site,F>K,Master,1
0.04591702439331783,0.02905600349542249,0.977966188708769,4.207354734341815,splice_site,K>H,Master,1
0.4267629026024974,0.6212837193762979,0.2533728134909896,0.5920206680805942,splice_site,L>G,Master,0
0.04212006327665674,0.020291453912486383,0.8824884037728785,3.6557038996862965,nonsense,W>A,Master,1
0.012199486543404968,0.00256213088129208,0.7591103825010505,4.584012800879766,splice_site,Y>C,Master,1
0.04277436399536624,0.07696113747005386,0.7750878996511281,4.7075362548495425,missense,Y>L,Master,1
0.0023686151180428864,0.012996060553875373,0.8263866020902946,4.090932889181163,missense,Y>A,Master,1
0.0700605276736505,0.007487989376308631,0.6903987952128947,3.9971435097887396,frameshift,Y>V,Master,1
0.2800939289271404,0.22503990498738716,0.5823093410984871,2.7089129280101387,frameshift,E>C,Master,0
0.01578530574771201,0.005845854505505196,0.8365160632475169,4.031038753698458,splice_site,R>Y,Master,1
0.00329364649512013,0.01357861281948146,0.934648059555603,4.728606318105993,frameshift,G>P,Master,1
0.033410601349216223,0.26028901580250197,0.46744189734573627,1.06424297030423,nonsense,S>Q,Master,0
0.014971869837534034,0.021556889796816824,0.8011332378367735,4.800058227622253,missense,H>T,Master,1
0.16427134607184193,0.36698467236443033,0.44925567798707877,0.9998673693687685,missense,Y>T,Master,0
0.04474369703274817,0.007287584248875706,0.7480174777826462,4.356284895886896,frameshift,M>P,Master,1
0.004173973771398907,0.007692003000249127,0.7645078646300767,4.812560228169962,frameshift,V>N,Master,1
0.03286414378467525,0.01254284696237914,0.8442562429022807,4.266746236324941,splice_site,V>Q,Master,1
0.24747215950276663,0.20305802926027008,0.2267760621249305,1.8910291790259193,frameshift,V>C,Master,0
0.12692448272371512,0.02302235946766265,0.7473044856435008,4.883612313726644,splice_site,G>I,Master,1
0.16173769472016084,0.018559194990823653,0.4429633376960145,1.4162751481767186,missense,H>W,Master,0
0.07724709136979169,0.01392080916632217,0.7395125600990817,4.48251965192331,missense,K>F,Master,1
0.03153797748172186,0.001559834660430277,0.7906378680929389,4.570819064067825,nonsense,S>I,Master,1
0.21426562879091765,0.2305333415109159,0.48046515222607716,3.2135861121183487,missense,T>H,Master,0
0.050915994170555416,0.0077906469305435875,0.6969877894703225,4.821145996801651,missense,S>R,Master,1
0.007633676523698388,0.00019720731780022542,0.6191657945975766,3.4643779662782137,frameshift,W>I,Master,1
0.23441053668940975,0.23872554795771525,0.18096620018496415,1.4980257205502596,splice_site,Q>P,Master,0
0.020910291511957772,0.0013757931282320527,0.9001326134799592,4.516241027376622,frameshift,S>D,Master,1
0.018094055977309197,0.0017073969839504172,0.8278923097167444,5.338317670318482,nonsense,V>F,Master,1
0.19136745985331638,0.0686581460488659,0.6227972171575958,4.940240650457056,missense,W>C,Master,1
0.2866881038370369,0.026693265238554403,0.3656019435966811,2.273363985117281,nonsense,K>H,Master,0
0.0037667426595262223,0.08586152125096597,0.9576849825589218,4.389198304908676,frameshift,E>C,Master,1
0.09548814846244547,0.015988863516240306,0.8703795883750819,4.341727148395129,missense,F>G,Master,1
0.16579656680260899,2.8890152102328087e-05,0.8898627866730486,4.865040046268799,nonsense,Y>E,Master,1
0.025339190617669392,0.017917999755083062,0.7566715826372146,4.630853641738169,missense,L>S,Master,1
0.02244313791361313,0.012238609189103243,0.8623417158601159,3.7936057111043615,splice_site,K>D,Master,1
0.015066953112800114,0.03299471077885084,0.889354220588911,4.8362263876930776,frameshift,R>E,Master,1
0.08205284010115968,0.024068950450741932,0.864373400119211,4.022797974712429,frameshift,Q>P,Master,1
0.05995575781287284,0.014146268656632783,0.9547640773595272,4.8548005107007395,nonsense,L>G,Master,1
0.05569102922918886,0.02689289623092932,0.6686727712747752,4.336731698311835,frameshift,F>G,Master,1
0.0038343335756117936,0.01155622544980197,0.6313429756918565,3.986343288474514,missense,F>C,Master,1
0.040210709180827434,0.020079602983842842,0.7902832893627497,4.019791539795386,frameshift,R>V,Master,1
0.12467841841587084,0.09086855303738015,0.13257873465061765,1.7695138917563584,frameshift,L>C,Master,0
0.03873436717011775,0.005048148696662622,0.6663597576641737,3.9041757305506457,frameshift,F>T,Master,1
0.01291977462898353,0.006660266247623579,0.7166866866319653,5.042594458067181,frameshift,G>W,Master,1
0.01702395032744535,0.021496390842461962,0.8251653868986554,4.893048160052188,frameshift,K>T,Master,1
0.028540244397462836,0.024195143614585034,0.9449292428403827,5.125789691341348,frameshift,L>A,Master,1
0.1538741270412766,0.2973069602773349,0.5018206823456105,1.907854326757568,missense,M>F,Master,0
0.26743788645387506,0.03506351746456511,0.8447386296473428,3.8704986365159244,frameshift,K>E,Master,1
0.19278521942820245,0.012764956886801451,0.841767510065196,4.331924998641124,frameshift,S>K,Master,1
0.16042644229956976,0.2215196254203412,0.09655092614263167,1.0892980099882807,nonsense,R>F,Master,0
0.020343415757596538,0.012928630832713707,1.0,3.0173947350573296,missense,F>I,Master,1
0.08629320753748869,0.015193509073053986,0.9789790770308401,3.738897347537073,nonsense,L>A,Master,1
0.058207438206529155,0.01275213876486479,0.6795913049828803,4.123439524783669,missense,C>E,Master,1
0.004088656185225761,0.005719717582382979,0.8257581749210438,3.316515521246819,missense,N>Q,Master,1
0.006083689322193159,0.004189944001566829,0.7640307334299177,5.062965165317028,frameshift,G>D,Master,1
0.044948082085223336,0.023553136909076053,0.7349906244691345,4.949173062537764,splice_site,P>Q,Master,1
0.13938595869257892,0.11564019198196245,0.4553843709520383,1.4699689589022065,frameshift,F>V,Master,0
0.23619651220493726,0.305829499589433,0.5437216348668993,1.418992249234791,frameshift,G>A,Master,0
0.14203927768080482,0.4068945002988986,0.5634117355934729,2.9051946253402554,missense,T>I,Master,0
0.009048447939591397,0.02026828732509123,0.9889813903893844,4.750166603660313,nonsense,P>N,Master,1
0.00716470024305441,0.052231444539173943,0.7120393690836011,4.178733915596881,frameshift,N>M,Master,1
0.022789447632329606,0.0008648093659432316,0.7568248824968873,4.408341578988348,splice_site,H>N,Master,1
0.1542530911043488,0.01277596907034487,0.8078573220961126,5.458629767252036,frameshift,A>L,Master,1
0.02892261320275229,0.02377077440355982,0.8910461102451841,4.613973631031304,missense,I>A,Master,1
0.049090856581126704,0.03830478645392348,0.8031368416099709,4.438898924479628,nonsense,L>P,Master,1
0.058963824708996984,0.007478610349857043,0.8696757862714302,4.51034629142713,nonsense,H>V,Master,1
0.024641740256878104,0.010128749989218032,0.6649202577389316,4.470586795415975,missense,Y>I,Master,1
0.016581201476719213,0.026806810979901282,0.8824086580544264,5.397344473581275,nonsense,F>G,Master,1
0.023486108193052357,0.018118547471483143,0.643514557504454,4.326562804054953,nonsense,A>Q,Master,1
0.00974619287063081,0.006529362380780479,0.8707058858401204,4.590142386495118,nonsense,C>I,Master,1
0.09261432529671236,0.17540766417557763,0.3311050075167313,2.2792947745869583,frameshift,G>R,Master,0
0.021842302474247694,0.013052764300770422,0.7408354184657555,4.42892441319909,splice_site,R>P,Master,1
0.010815196224572582,0.007246138321062757,0.8138863989200549,4.878057588087591,splice_site,M>P,Master,1
0.04405526834487152,0.00633902907712913,0.7183138499785042,4.297923047146338,nonsense,C>Y,Master,1
0.04683881431641867,0.03942144395616719,0.9589446936104709,5.181370413499481,frameshift,S>T,Master,1
0.08843158229050241,0.20443742157602793,0.37625382939359575,0.3413152656333569,splice_site,R>I,Master,0
0.24371609628714616,0.3773196881583593,0.36905410192245774,1.148225312497901,nonsense,Q>L,Master,0
0.32222358788299527,0.3370626079074828,0.6677509001824228,2.052425969720948,missense,V>I,Master,0
0.06682613721281981,0.00994681915999485,0.7425206772784684,4.550311055417721,splice_site,C>K,Master,1
0.019823587817935306,0.0035841645107637936,0.6648925541548503,5.248001584777763,nonsense,I>F,Master,1
0.013508718119405532,0.009052145423139396,0.9662913654987444,4.899230669488941,splice_site,G>E,Master,1
0.05966917213545009,7.704476706556271e-05,0.7865355908175206,5.696149191834879,missense,Q>P,Master,1
0.11440828443360124,0.0029514866702891073,0.9410312306590646,4.698135460472556,nonsense,C>T,Master,1
0.0169792996543858,0.0031446634884608688,0.9291747850732632,4.245452674713246,frameshift,G>L,Master,1
0.02236681642655065,0.025769611084430596,0.9271918303422366,4.240029081288896,nonsense,R>M,Master,1
0.04956182196567791,0.002107402731233303,0.8583729361521819,3.911339479365114,missense,Y>W,Master,1
0.016927191167902395,0.01423751316983807,0.9414743819359813,5.038596252133895,nonsense,C>S,Master,1
0.20800095064904697,0.008687301632686857,0.8984655798137611,4.12644186948369,nonsense,D>Y,Master,1
0.1109415150405026,0.02570037260143074,0.5433880614067587,5.1711283914300905,missense,K>Q,Master,1
0.07213821207953927,0.030508824991002218,0.6266232909991752,4.281382028920813,nonsense,Y>E,Master,1
0.2252126085781875,0.29951810064127266,0.0,1.2317732203861305,frameshift,W>K,Master,0
0.0038078528803071944,0.008065471895902216,0.9725998002094338,5.1759786526992295,frameshift,E>C,Master,1
0.054333631838811375,0.019314531425568143,0.6497611018310483,3.726146799379406,missense,G>V,Master,1
0.018366745321694907,0.07097928835873474,0.7630283315240708,3.98097570928767,missense,Q>H,Master,1
0.10770149577644574,0.3425749492045521,0.20102386836413605,1.848286501638518,nonsense,F>P,Master,0
0.027815858763943522,0.03599760784636979,0.697034474430758,3.2571025438569086,nonsense,P>D,Master,1
0.2439713904392592,0.10365916735120884,0.5906794211629353,0.6668967291827806,missense,K>N,Master,0
0.01152879410866583,0.007130275213963425,0.7704798746897304,4.400692138560768,missense,L>P,Master,1
0.07965578922144542,0.028457464081763303,0.9031415906434008,4.05466593337715,frameshift,W>F,Master,1
0.0940488307295466,0.01101829326460224,0.7834038268527076,3.925400532655969,frameshift,P>F,Master,1
0.056197383415553484,0.0040798773723782576,0.9055365546750707,4.099105446024475,missense,V>L,Master,1
0.05536716191831603,0.046562738190354884,0.7579735968841171,4.041396651832487,frameshift,Q>A,Master,1
0.10037998687234405,0.5273053241261928,0.25437906310969666,-0.07494571046670973,frameshift,C>N,Master,0
0.005998436219259608,0.012821574435393314,0.9620158684956708,4.557930379421,nonsense,P>N,Master,1
0.02773956303928544,0.06344284532994321,0.7218523934198746,4.00531086463014,splice_site,E>W,Master,1
0.042588592346293856,0.03823403449067656,0.7540995539777091,5.283825179893752,nonsense,F>M,Master,1
0.04076629222468874,0.006026817673711136,0.6002952563382026,4.515708736733275,nonsense,F>E,Master,1
0.01813886274680801,0.009490129386197787,0.5956231298473504,5.086125756492421,missense,N>W,Master,1
0.07478779430167737,0.009445334535264444,0.8620829945289866,4.971381862576155,frameshift,P>Y,Master,1
0.2141999502695517,0.30533797835614046,0.3538846904109802,2.6407282658570885,nonsense,A>F,Master,0
0.0003576477589252264,0.006739834266797975,0.7476547570165544,4.697734720022792,splice_site,M>N,Master,1
0.031955085457853125,0.006671014745136352,0.7610237863883569,5.351635463008672,frameshift,Y>D,Master,1
0.03010633366432139,0.08094680668377567,0.9979948368290599,3.2252303276316594,frameshift,S>H,Master,1
0.07610206644073596,0.07458738930920866,0.7851444585099419,3.790071232707514,missense,L>S,Master,1
0.1282791494163002,0.35592978328304353,0.35058544084262516,2.1388545013987463,nonsense,M>Q,Master,0
0.028824890831874287,0.07612884793446129,0.6862399795035765,5.052131533630334,frameshift,Q>W,Master,1
0.08212064820485841,0.09268943824002289,0.46784956907811903,1.8996006375751229,nonsense,A>V,Master,0
0.16524191712915784,0.31479386629400463,0.06376181188085656,2.234690491947097,splice_site,G>P,Master,0
0.0591735917936121,0.005535043139258091,0.8424919602393685,4.411338606054981,missense,G>C,Master,1
0.2844710332402808,0.2200355697811031,0.2239062927765331,2.124316475668148,missense,S>L,Master,0
0.004146186287953973,0.013880284982027055,0.8007153256097488,3.758963362258787,splice_site,Q>K,Master,1
0.04316634527836375,0.015352699061644867,0.7429603260403257,5.4192184497641644,missense,M>P,Master,1
0.01864113065941401,0.004598654021684233,0.7289729101688093,3.8577924865224547,frameshift,C>Y,Master,1
0.04008109701396439,0.015078592809010877,0.8544612504184037,4.018250469741974,missense,F>E,Master,1
0.033146265963258315,0.0046868474551334275,0.7919862932120191,3.8634193029200503,frameshift,W>Y,Master,1
0.013755358397439,0.008955397398080111,0.7779145719870448,4.556168974366188,splice_site,R>A,Master,1
0.0049422873312082284,0.014304850291292226,0.960954165703837,4.239058293147478,nonsense,H>G,Master,1
0.18464128648139733,0.12992924634391056,0.28947762532872484,0.9453791008614745,missense,Y>V,Master,0
0.07600993352929768,0.00271974016406325,0.7797556825816665,4.020648135428208,splice_site,Q>E,Master,1
0.08729221999679804,0.16893172835637418,0.13252358313008503,1.3107627362872523,nonsense,I>A,Master,0
0.12142499758755157,0.3322302773019959,0.41329309682190685,2.566241384380879,missense,R>N,Master,0
0.011893151218288453,0.041755817230398784,0.8243620021489825,4.053290457080357,nonsense,V>M,Master,1
0.06298087880694972,0.6670192944789103,0.8994396583438278,0.7832240262106365,missense,C>L,Master,0
0.03844919784360552,0.02181818475095738,0.7812402999908389,4.331844977274677,splice_site,T>E,Master,1
0.002972741469751195,0.03862246857859694,0.8509501382824406,5.184311711349255,splice_site,D>I,Master,1
0.1547995896707643,0.121655589732435,0.34771150630836084,2.1356358385706504,frameshift,T>W,Master,0
0.0009182629871917189,0.0885132602546038,0.7114347602246736,3.928164349230471,frameshift,V>A,Master,1
0.010603243334015347,0.017306201837987263,0.7396562165511393,4.642743081344027,missense,D>V,Master,1
0.15207416895642756,0.626118042934953,0.30296320198610105,2.0369370872412866,nonsense,M>I,Master,0
0.1620908975434861,0.12845724195362876,0.14678390877061404,2.95194072806921,missense,R>C,Master,0
0.009682132587545354,0.005480596365596723,0.7002243720893067,4.719585212216163,frameshift,R>Q,Master,1
0.03635143080853615,0.014734725483494011,0.8619656691763148,4.103872953612622,nonsense,I>D,Master,1
0.1397123121863188,0.29667512124934164,0.21121470111302165,1.9463502252194989,splice_site,D>Q,Master,0
0.017488904398906484,0.0061189666726965365,0.8574081282106536,4.199173785555438,frameshift,P>I,Master,1
0.03645375742132759,0.004927793035511583,0.8271034252861245,5.185347994452488,missense,A>K,Master,1
0.11681732284353563,0.35099391713821093,0.06775110950392838,2.2339697228749764,splice_site,S>W,Master,0
0.01071565353352537,0.012972393232530794,0.5922840340699173,4.443428731684512,nonsense,N>P,Master,1
0.2461262274156808,0.4941696874879868,0.344029038070255,3.0100410802046773,nonsense,T>N,Master,0
0.04103678444838154,0.10594589920548952,0.0,1.750440039054976,frameshift,T>K,Master,0
0.20032992310310876,0.18092125188740166,0.13499762031876267,1.100567527355551,missense,M>S,Master,0
0.26323979459754027,0.21613043555614772,0.15247474694582908,1.2069017221868286,missense,F>P,Master,0
0.06482665822031747,0.0035269104104556233,0.7150860353487009,5.281444909839088,nonsense,A>C,Master,1
0.07434882487819933,0.004637324552007025,0.8024647378210543,4.789792110881869,missense,S>D,Master,1
0.044237047499116215,0.013264370760540753,0.751719931131505,4.548718143489329,splice_site,N>F,Master,1
0.03761237323405861,0.0449576642084132,0.7714904484171662,5.188631951906617,missense,C>W,Master,1
0.05390006072656861,0.32910932817787675,0.47564111308732904,2.9670597831999794,missense,L>P,Master,0
0.057323451690205175,0.06336712587469086,0.7500037502791365,4.522103087440226,frameshift,R>G,Master,1
0.049487830738697496,0.5013017296884089,0.5218743138918571,1.8801999432046672,nonsense,H>T,Master,0
0.11365438281884416,0.09959515613001862,0.8653864504642378,4.440420365024383,nonsense,Y>I,Master,1
0.04567933536828852,0.004371996779141406,0.7494379414080812,4.653256103234897,frameshift,V>S,Master,1
0.0064425898864174085,0.0009954710468435993,0.6887235921678946,4.542398816956547,missense,A>T,Master,1
0.09845037564224561,0.6142841892261528,0.0833596633630797,2.599432730858701,frameshift,H>P,Master,0
0.051095102569271494,0.0615934422659636,0.8661185474816006,4.353554584898502,frameshift,W>L,Master,1
0.03184389468216351,0.44953382247181306,0.42849488931452373,1.352219270416413,nonsense,H>G,Master,0
0.1409340165187653,0.01423055049165496,0.8226315952898479,5.214887429757437,missense,C>G,Master,1
0.0886038206852206,0.12206948278851719,0.0,0.4650995711341648,splice_site,P>W,Master,0
0.015147550046400015,0.008824672415614274,0.8009290068306695,4.14532054517879,nonsense,D>S,Master,1
0.04046365443371318,0.036443901559749865,0.7050399755934996,3.9092793692113452,missense,Q>W,Master,1
0.0631947226709798,0.011558320397324845,0.7251725345222305,4.780421642988211,nonsense,L>P,Master,1
0.013158981321266437,0.017532807741429745,0.8079694067382712,4.771129695624276,splice_site,E>M,Master,1
0.24582063689126601,0.23721816750124144,0.08745994489442016,0.8584500199490279,frameshift,P>H,Master,0
0.01478851262043446,0.0037500865551792703,0.8063537955156818,5.105191304530882,nonsense,M>V,Master,1
0.04344190495269171,0.000670689540834774,0.8797851825478301,4.300091334462699,splice_site,I>A,Master,1
0.002026394092941047,0.005487240950781426,0.66794037102534,4.546280308585717,splice_site,D>W,Master,1
0.12089927260328553,0.4021653945573848,0.31456035887246186,1.151672823505531,splice_site,K>M,Master,0
0.05332003812214489,0.016979245672570496,0.6844503957871236,4.269243432372546,missense,M>G,Master,1
0.20847140754924215,0.4519973788460489,0.05370008455568007,1.3625399642586251,nonsense,R>D,Master,0
0.05130590156954272,0.01695363254320721,0.7904849487943221,4.673533136100138,frameshift,Y>L,Master,1
0.06523347607238841,0.007141450855086838,0.8857322191906177,4.027559749437993,missense,N>K,Master,1
0.010031696319326934,0.03824000587675479,0.7955455135755212,4.238223128686275,missense,L>W,Master,1
0.031428244699000595,0.007915874701331484,0.7785305452613163,4.6000758324037125,missense,E>N,Master,1
0.028466538030793354,0.010829350176134723,0.7886403072365252,4.276394631727724,nonsense,H>F,Master,1
0.06488802701667633,0.019203833662008948,0.6629743410792115,4.874060016125937,frameshift,H>R,Master,1
0.1601335467635159,0.03161607824131872,0.7502865976130064,4.990910972219302,missense,V>K,Master,1
0.004270066059622107,0.01205678458820556,0.9601118685639269,4.540827612386387,missense,Q>T,Master,1
0.13088025563226435,0.25993689109375784,0.4849155731725701,0.5806533060770673,missense,T>Q,Master,0
0.10507631552269549,0.331790569565679,0.12493528648179092,1.0800587833756807,frameshift,A>Q,Master,0
0.06017866284892705,0.024476252997864996,0.7525043295478623,4.384273892506173,missense,V>C,Master,1
0.0812208762636295,0.04659372181483294,0.8721161822084156,4.271284581245802,splice_site,M>H,Master,1
0.031387733963904416,0.47663262723482297,0.0267506741205778,1.6488381697209695,frameshift,K>I,Master,0
0.01393333530962079,0.02332564978139632,0.8201785107370954,3.7382647453482263,missense,G>N,Master,1
0.011323081324528342,0.3803424394373842,0.0,2.3248145736339554,frameshift,S>R,Master,0
0.16755183551202654,0.1561294967027233,0.3956447880325247,2.3337026468915547,splice_site,C>H,Master,0
0.024791968712472336,0.05924091983955023,1.0,5.006346102275468,frameshift,Q>Y,Master,1
0.07425902651633387,0.24360635179347317,0.5108366329274615,0.6907437794364873,nonsense,R>T,Master,0
0.09123467407750446,0.00983264512075396,0.7323635496964395,4.462585728340401,splice_site,W>N,Master,1
0.14894301277352534,0.15910678344901075,0.3615923104160591,0.7591502685207895,splice_site,C>E,Master,0
0.01612611055721395,0.006210636450727039,0.6804530283334489,4.770414105192246,splice_site,Y>L,Master,1
0.33675049499336157,0.20980840695392539,0.032733622156911,0.4442170750807968,splice_site,W>A,Master,0
0.002671228818790386,0.027909478839565453,0.814599591431264,4.095177770148178,nonsense,T>A,Master,1
0.21013246089278945,0.3914892077214656,0.298317266805727,0.04855350288830618,frameshift,H>E,Master,0
0.1784682979289553,0.2667712878485245,0.15654721883113054,1.2718731758757773,missense,L>W,Master,0
0.025527093366908598,0.001294296749518863,0.6852934400280923,3.8668206725767953,missense,D>Q,Master,1
0.031019720514585878,0.00925099449087863,0.8034769248094458,4.7707914659997055,frameshift,M>F,Master,1
0.019360139819193177,0.017165540156966967,0.7272050132525687,4.2257981593682175,missense,E>Y,Master,1
0.013748180484747827,0.12636450022405443,0.739493630927803,5.673200661996699,missense,S>R,Master,1
0.1147115867062375,0.19946363604471565,0.6211380215641686,0.9934509285078132,missense,R>P,Master,0
0.007529856847091213,0.017715365221005495,0.7056530175591844,3.9537982359776023,missense,M>G,Master,1
0.2423015418797654,0.5379673364632739,0.23975617118936352,1.9781288010223963,missense,N>K,Master,0
0.09520696897328187,0.015003617346419295,0.9228327710544462,4.284634767516991,splice_site,H>F,Master,1
0.03382040122585595,0.035405875574510574,0.8711046102545303,4.916055108610563,nonsense,G>Y,Master,1
0.2668629148647176,0.3103084900989438,0.0040270188982372,1.4125047468716334,splice_site,E>A,Master,0
0.33374889855932094,0.17465185652152143,0.043126118338165154,1.9402429392072722,missense,V>G,Master,0
0.026791283694031002,0.008936630295530483,0.8443375982102376,3.9724070276844134,splice_site,I>H,Master,1
0.06836514043755033,0.0467257775338501,0.9358949951267117,4.1979308566241915,splice_site,Y>V,Master,1
0.04697351366034936,0.007605119743897918,0.7218642304383054,4.362338735956423,nonsense,K>I,Master,1
0.03725756222125274,0.010520886624089013,0.7773239203349855,4.534584896517991,splice_site,I>R,Master,1
0.024691599222876438,0.028006287544852248,0.7513418753645262,4.174411853054112,splice_site,P>G,Master,1
0.09204026623967596,0.0051009212023040975,0.9162980880391842,3.3489409744654743,nonsense,N>L,Master,1
0.03323922627627675,0.014320324368782845,1.0,4.965255382768051,frameshift,E>F,Master,1
0.017466059250331685,0.00313010357572277,0.9002579814271594,5.059234705721672,frameshift,L>N,Master,1
0.013748460198147471,0.35698119404231043,0.5571000992968826,2.521586447250442,splice_site,D>N,Master,0
0.26406633767409443,0.3007428697046446,0.24503352438855452,1.0575639938264514,nonsense,D>C,Master,0
0.014612701881930638,0.00481619810415828,0.9528778835710308,3.9652988063822514,nonsense,K>Q,Master,1
0.0004949468253923321,0.037226084362421946,0.7680487550080966,4.1533833316415265,missense,C>V,Master,1
0.2927640561094282,0.17497339693601519,0.1905424233589254,0.7083356770166842,frameshift,D>V,Master,0
0.0141746887521457,0.05566950765411871,0.719366878112039,5.031286002866681,missense,W>E,Master,1
0.01608994644294047,0.0065251999724446515,0.88569052705051,4.240581478589156,splice_site,D>F,Master,1
0.05589889664211213,0.017219285325442233,0.6969174873280551,4.189117156205584,frameshift,Q>G,Master,1
0.28494176068502247,0.1520015685852265,0.13533009232747276,0.41274680248897444,splice_site,N>L,Master,0
0.029425632643933913,0.0017287914357057917,0.8013652912075058,4.6986331678107485,splice_site,W>Q,Master,1
0.011969811351386514,0.0306921897478004,0.7945659158963351,5.5355856512665556,missense,M>I,Master,1
0.2947948838705848,0.34614832211650626,0.44708865724083174,1.4513043440551536,nonsense,C>M,Master,0
0.1464252630515649,0.0530546092573454,0.9921237417089613,3.888346476106748,nonsense,M>R,Master,1
0.04589091983157972,0.03316136484151891,0.8282828160118704,4.374572669386152,frameshift,Y>G,Master,1
0.013866606684560629,0.03342837290609331,0.8859695051297767,4.143611057586203,missense,Q>I,Master,1
0.11310584663593218,0.026627306884219736,0.6762646309960832,4.284410139825214,frameshift,A>R,Master,1
0.008259626329355176,0.016306146394347163,0.7041550618745193,4.085897147170352,missense,K>T,Master,1
0.05251381294649185,0.03110086105130766,0.8332705294374183,4.529827282503542,nonsense,H>Q,Master,1
0.15449749066209462,0.3365157373652211,0.14645417144627756,3.037629551685238,splice_site,G>C,Master,0
0.030108299156245827,0.015152488956331653,0.7438401323623132,4.828192650420661,splice_site,G>M,Master,1
0.049675120841692885,0.04293365943671391,0.6920838183095508,4.365936484686075,missense,I>E,Master,1
0.03398950793379089,0.019371631708664287,0.7195862311839312,4.6188182015053725,splice_site,W>L,Master,1
0.27558939424577134,0.006856440751807997,0.788521117836545,5.22069955516088,nonsense,H>E,Master,1
0.14813436496310875,0.4876578217842572,0.010293811593259927,2.521899230810578,nonsense,V>R,Master,0
0.1139092470926148,0.017006746213940105,1.0,4.57848431352438,frameshift,S>A,Master,1
0.033158022982149093,0.03262663646905941,0.629313743780695,4.8264401857361445,frameshift,V>F,Master,1
0.15169170849248653,0.20197915829224083,0.7416696528679743,2.3619331990817387,frameshift,W>M,Master,0
0.0751217430563959,0.0021886987445847643,0.8186161955581734,4.080450888714476,nonsense,W>S,Master,1
0.039628448994998705,0.009918642768081963,0.7983335866702057,4.881659725716574,missense,H>F,Master,1
0.11002811255217361,0.01106060697059515,0.524353720290929,4.52923853423407,nonsense,T>E,Master,1
0.13067366896924537,0.1922809649989573,0.3193381405773639,0.6653779247114263,splice_site,I>T,Master,0
0.07327854352285817,0.002364938037192817,0.6828958960338184,4.7734842365636,splice_site,W>F,Master,1
0.0028259272119222955,0.0006357957259743877,0.7313938473456322,4.013066923153372,missense,P>V,Master,1
0.375994485017125,0.4088323604924827,0.14170647149742926,0.6877965813229747,splice_site,A>L,Master,0
0.004573997292675039,0.08762992015561745,0.7807696815718373,4.1823467328158985,splice_site,P>Q,Master,1
0.004570333582563401,0.05887345380249355,1.0,4.501531818720337,splice_site,M>L,Master,1
0.009491662730529522,0.0857588928118963,0.8180910675225026,4.246798790862833,nonsense,W>S,Master,1
0.23833967613028936,0.12982750004443153,0.0,0.6454369348365464,frameshift,M>N,Master,0
0.3585417963798107,0.11169917396236664,0.3444755497861113,1.3574247899457152,splice_site,D>N,Master,0
0.017702128210907126,0.0016344316732591667,0.7064564594541294,3.4900750736180797,missense,S>D,Master,1
0.0301802124896078,0.05850561918845781,0.9623861412322142,3.8821469879889383,frameshift,C>N,Master,1
0.09097882298848751,0.04904761995131942,0.7802892012062606,4.799755620582125,frameshift,E>R,Master,1
0.11293130510255094,0.7138466925619449,0.30375554467758936,0.29414913481451044,missense,K>Y,Master,0
0.10169761112916842,0.01662172651809341,0.6324159835448153,4.749896337739499,frameshift,D>W,Master,1
0.012104741110135233,0.003912221784848204,0.8050426764139443,4.370362012810624,frameshift,T>H,Master,1
0.01306343348313009,0.004278942141757271,0.7038748512548932,5.493700441263582,nonsense,S>A,Master,1
0.08527386702190803,0.005998764436142515,0.8998304568578384,3.519016574660842,nonsense,G>L,Master,1
0.05713203168928778,0.007028198864843149,0.7513507384454515,4.0885482045117625,splice_site,R>S,Master,1
0.001071977430900251,0.019523186810334263,0.7834917337629015,3.4531512749349496,nonsense,W>L,Master,1
0.06323433472626391,0.007480050734283603,1.0,4.051034553309972,frameshift,T>N,Master,1
0.038933981532437746,0.016088757274174376,0.829066649311305,4.09013432178057,splice_site,M>S,Master,1
0.029541771334963315,0.002693043083429308,0.7100381342454211,3.858651688694817,frameshift,W>A,Master,1
0.007074896349025779,0.0017145029099469794,0.7659279228467919,4.00945636835266,splice_site,Y>V,Master,1
0.013897511562029959,0.044653437992488915,0.8124763862877386,3.6783654827148613,frameshift,L>G,Master,1
0.0031036398172290237,0.014912698789366333,0.793931456679808,5.080950564978253,frameshift,C>T,Master,1
0.018691603917757926,0.027599766475151694,0.7560146736899594,4.168880960667188,nonsense,A>F,Master,1
0.03114407545221133,0.050285967183962034,0.8693495820604601,3.973034576072389,splice_site,G>M,Master,1
0.057606922083875835,0.016416197424207458,0.8519436623191738,4.856191672433228,missense,M>S,Master,1
0.18590144474841513,0.02045420003375282,0.9431889063774515,4.341546475697149,frameshift,M>K,Master,1
0.12566317243571504,0.10685249013809836,0.47395241163525836,0.3550505873224903,frameshift,P>R,Master,0
0.018366608160170935,0.006167524053022753,0.9532783884768106,4.7580674830439715,nonsense,N>R,Master,1
0.35435052762888597,0.25642032151570604,0.4694222414878805,2.6684453084668363,nonsense,K>Y,Master,0
0.14015146961744093,0.006321417506874069,0.7075591431770002,4.147283137971357,nonsense,M>W,Master,1
0.018762045603045705,0.045841846770244964,0.5446368984351402,5.4664815877342665,missense,D>C,Master,1
0.07761054953355255,0.01162874872926578,0.9086530557898822,4.577959293025556,splice_site,R>W,Master,1
0.1260209714961245,0.3124080753833301,0.6893396924731124,-0.2953452337344977,missense,A>T,Master,0
0.11984059026670847,0.03709534380011404,0.3594334294449815,0.36985434639447057,missense,C>M,Master,0
0.00582805801682062,0.011645060772630889,0.8055230436481112,4.292806641945482,splice_site,C>Q,Master,1
0.010570453632419962,0.015444822395922346,0.7927570930357717,5.583442017408156,splice_site,D>M,Master,1
0.0585572042476212,0.009361607672422629,0.977764481881943,5.0817474998486905,nonsense,S>E,Master,1
0.020884323326575017,0.038540259443117376,0.6281090043971119,4.471460048402051,frameshift,E>D,Master,1
0.03406128390682292,0.1690576703747885,0.06387479094097784,0.2615292882460054,splice_site,R>D,Master,0
0.07198648183173595,0.35812409943600737,0.2261999621496935,3.412518507468679,missense,Q>M,Master,0
0.14106197011938992,0.08855561771043179,0.6812398882622653,3.0956377038211684,nonsense,R>D,Master,1
0.08922256464127366,0.04679413833428527,0.813035720265711,4.245758212990731,frameshift,C>F,Master,1
0.08358282225778305,0.00799270008065906,0.9694175758191057,4.385840786987416,splice_site,N>P,Master,1
0.2005020552281988,0.22803492045779047,0.5439065871896518,0.6606970160897171,missense,G>T,Master,0
0.02763247991372111,0.006672781455430997,0.8677149974133294,3.7415707917458407,frameshift,V>W,Master,1
0.07492292088285747,0.05560100427699181,0.9068161034875984,4.952074797425791,splice_site,T>R,Master,1
0.020390320142303516,0.011643343380597498,0.8445042699894187,5.13021469961163,missense,E>Y,Master,1
0.20598439890385595,0.5957875618270388,0.18579068442513164,0.0851314640692149,missense,A>I,Master,0
0.34815131301131885,0.5002220211058492,0.14330237433082513,1.0916011529891234,frameshift,T>I,Master,0
0.05540219867561503,0.0059159279218659,0.8912023670988306,4.81943443683944,frameshift,Q>V,Master,1
0.034162426687557035,0.058567113916912175,0.618920042168032,4.754965620678398,missense,L>R,Master,1
0.006040694253819446,0.02682008675536657,0.8761430624060893,4.757320119990579,nonsense,S>F,Master,1
0.07015962242609819,0.002841726416453719,0.9210065933175594,4.8568676098306796,missense,N>S,Master,1
0.11419501767820385,0.052711967071508506,0.6389830202006566,4.4263650862435275,nonsense,E>W,Master,1
0.27014031045560905,0.007086315106829138,0.8049297425217159,4.38178703081466,frameshift,P>E,Master,1
0.1322591307953997,0.0007117555292099985,0.8466321649183293,4.825594884787692,nonsense,C>A,Master,1
0.0253216102699727,0.014414863706744925,0.7561921351896463,4.402409163542711,nonsense,W>T,Master,1
0.016864436636200752,0.011290390782001223,0.9161211402411614,5.188683289390576,missense,C>Y,Master,1
0.009251514707102552,0.014959868779593915,0.814171179031751,3.3861002213317093,splice_site,K>R,Master,1
0.009764809564700447,0.0012145216680679249,0.9274059643266797,4.434792586591444,splice_site,Q>S,Master,1
0.011951790681296707,0.025630546930975908,0.7677938603521669,4.442271341405405,nonsense,V>K,Master,1
0.06067913875680865,0.008659763864214126,0.8364601803704832,4.621610786626113,nonsense,I>N,Master,1
0.010202083126142902,0.2683638569358053,0.0,2.3341973062730745,missense,N>H,Master,0
0.16646365275169725,0.051884150059558626,0.8046720120264973,3.947687512953004,nonsense,S>W,Master,1
0.05412995019892841,0.001152873484475306,0.9422258508576328,3.8154336688091517,splice_site,V>N,Master,1
0.19538678394599057,0.21966231101130945,0.23245019345961299,1.8784063639739241,frameshift,V>Y,Master,0
0.13515579253065838,0.004424171061364834,0.8454672740942581,4.5306263551701935,missense,F>A,Master,1
0.08285302545097037,0.005427726641092292,0.8041385762307115,4.570583124693996,splice_site,K>F,Master,1
0.060017119286527754,0.0007937361940324831,0.842454859971967,5.206686462342604,nonsense,L>S,Master,1
0.34155688377165,0.6766152292786836,0.19515431037908249,3.040090499149535,missense,M>D,Master,0
0.1640225901884107,0.010351028982796993,0.628625642587076,5.276797405224913,splice_site,M>D,Master,1
0.004749174970313549,0.020876536921790756,0.8878213998154996,4.333288145858794,frameshift,G>N,Master,1
0.2789191703498565,0.029563885016189895,0.3279363930570464,2.806867865927247,splice_site,I>T,Master,0
0.05891565025879419,0.01896601593116851,0.6528788255720848,4.330397617395058,splice_site,R>G,Master,1
0.0035433366980056704,0.050195589566405366,1.0,4.938681104603238,nonsense,I>H,Master,1
0.19272673465523063,0.0011075123344939874,1.0,4.53336322811742,missense,E>A,Master,1
0.006026586447580981,0.0007757892722126938,0.8271582200153593,3.7263607243765406,missense,A>N,Master,1
0.2678944666716526,0.16141546217341393,0.31834378994967305,0.42212542467244973,nonsense,R>Q,Master,0
0.12011575965527878,0.2927677415348634,0.11968690093929676,1.4581622899431947,splice_site,P>E,Master,0
0.17187184518754028,0.26131155116635224,0.3374203074444545,2.1294880549881254,splice_site,F>D,Master,0
0.05425594536575845,0.00686628057969566,0.7640023826419099,3.234208435749377,frameshift,E>Q,Master,1
0.027787895656855466,0.0004968118347698005,0.7460687076389022,3.827186040835927,frameshift,E>Q,Master,1
0.08349147037791431,0.09304764684989654,0.005343965421261587,1.6782911969682344,missense,P>Q,Master,0
0.03698570997360443,0.000777960268678897,0.6577366530785597,3.956466243532541,splice_site,E>T,Master,1
0.0725051450075363,0.007929096158845043,0.5978006477251937,4.331782211193997,missense,F>L,Master,1
0.00492574123520459,0.01992868705831543,0.9011097005586991,4.697902470365104,nonsense,S>E,Master,1
0.54399031947643,0.4527864973957908,0.0,2.2874899756656224,splice_site,W>E,Master,0
0.16447341971122661,0.04902825604529288,0.849294981046697,3.9896874797480897,nonsense,K>S,Master,1
0.003357228851869932,0.003690843408602225,0.7711969260560779,4.086134305151709,missense,C>L,Master,1
0.0010942887005520273,0.08176393400051252,0.6661669373179537,4.16890572616167,frameshift,V>P,Master,1
0.24969690578770065,0.0650681498908151,0.38461599206487057,1.3307983945198345,nonsense,S>H,Master,0
0.24631624107858316,0.4156675621001299,0.17558703301100903,1.5670418876890724,nonsense,P>S,Master,0
0.0615337013972874,0.035906280190002485,0.7549331822431993,3.6941074682563992,missense,L>S,Master,1
0.03721456162140936,0.013791590569602337,0.945540948217203,4.772464594089497,splice_site,Y>P,Master,1
0.03555359470428571,0.5818150318931387,0.11680648372696964,2.1610320996978207,splice_site,F>G,Master,0
0.07010365022835705,0.024036184501351414,0.8146235279022361,4.405110850216009,splice_site,G>T,Master,1
0.4130312591257648,0.05911505215981571,0.42788560843851,0.8726698062453443,frameshift,A>D,Master,0
0.02559890943112254,0.02519376246105857,0.8826583965137249,4.260926638646861,missense,L>N,Master,1
0.040886519655293274,0.003572211542752129,0.9128002626201508,4.759256416801327,missense,C>Q,Master,1
0.007890149938177916,0.011028856781378715,0.8936506606057009,4.975776039039543,splice_site,P>S,Master,1
0.10098280092155704,0.15748862281631293,0.2847902184605915,2.4327093915747335,frameshift,H>L,Master,0
0.00342351526862037,0.008038633174092813,0.8677030469800807,4.581307811791134,splice_site,L>H,Master,1
0.24473971380242537,0.38115204841661177,0.5756714442845098,1.1220702847133261,splice_site,D>F,Master,0
0.005808644183577973,0.001074510087195727,0.8052939468234801,4.7389394680480255,splice_site,W>S,Master,1
0.013860128757649312,0.07431167928429706,0.9114082436135439,4.864119053652932,frameshift,N>S,Master,1
0.003613580129854342,0.014248551737983515,0.8242595937153461,4.454539598438102,splice_site,S>R,Master,1
0.10950124216919349,0.007306629848786507,0.7367560961923826,3.8376070448003876,frameshift,C>F,Master,1
0.21746551937446684,0.35121704819392097,0.1165943942518419,2.0422720781743076,missense,H>T,Master,0
0.006053614064983199,0.008404829179471157,0.7196957598935756,3.9677517894135237,nonsense,G>D,Master,1
0.10169947188609468,0.019012277824165123,0.7870920011953147,2.900367677393911,frameshift,P>C,Master,1
0.02029955422749429,0.01666443493292836,0.8159835351908098,4.647227298650986,nonsense,G>F,Master,1
0.08084686778616933,0.00023283891614123668,0.7003471583381441,4.392468981969569,splice_site,F>E,Master,1
0.08400717889639434,0.03530683377946363,0.5647521076024535,1.5545336803092689,splice_site,W>E,Master,0
0.07021724566290638,0.022121739828559014,0.9939691442728384,4.209511492962677,splice_site,I>G,Master,1
0.07709926367893541,0.04447635079548965,0.9600397298889295,5.237230163303418,frameshift,T>Y,Master,1
0.011987468525609384,0.001095606287925432,0.900929495577981,3.895288773054083,missense,L>M,Master,1
0.041672321855291385,0.0036664606499731693,0.9499012068233549,4.466989007026986,missense,S>Y,Master,1
0.03770708804408406,0.00633335161905121,0.8328766851441058,4.212545585647148,nonsense,K>E,Master,1
0.2463164659575779,0.17796108616167677,0.08277806273487498,0.6625136332333298,missense,T>C,Master,0
0.034893669834998704,0.01407482291106953,0.8912602314029744,5.259689091475977,frameshift,Q>F,Master,1
0.005986582308559008,0.004452829054164117,0.7433023608995721,3.9324402902943802,missense,A>G,Master,1
0.0015201863563545804,0.0007044542803153037,0.7250333049054086,4.431449738804889,nonsense,P>Y,Master,1
0.01905788748718607,0.29287137350928577,0.2994628548273515,2.217048148622928,splice_site,D>F,Master,0
0.02503792498809339,0.030247646754697634,0.7693618635837643,4.663985195236116,missense,A>V,Master,1
0.008536805444553878,0.059200675239326477,0.6828832332198763,4.714544201805466,frameshift,M>W,Master,1
0.023753263288892545,0.00013060738548045052,0.9396943456232821,4.538799194872668,frameshift,S>Q,Master,1
0.30739165189313067,0.20637610860270178,0.4198882030612518,0.20183474340490482,frameshift,Q>F,Master,0
0.07791821640435152,0.02327881474850549,0.6642176792934558,4.705075783856797,frameshift,P>F,Master,1
0.003904466675457512,0.014398280757746617,0.943174948424108,4.204255871464541,frameshift,D>W,Master,1
0.07488047932799116,0.2677484955934683,0.32360989333795487,0.6404012882729535,nonsense,S>C,Master,0
0.06373327471264606,0.013969342806012027,0.8543806653888119,4.214414991781403,missense,N>D,Master,1
0.00862439515811192,0.01597689840939031,0.9969656684951096,4.339423906434922,missense,A>M,Master,1
0.018264019782899887,0.6973926659755619,0.42465108469169455,2.5680414934353095,frameshift,Y>Q,Master,0
0.008724346401265187,0.00752251864780288,0.872045689507607,4.924690788688806,missense,F>L,Master,1
0.11424068428578711,0.35813551083817396,0.3085814652335383,1.5467683654672206,nonsense,P>K,Master,0
0.1271421465462797,0.13255791157255203,0.0063956702465297055,-0.28931612257657235,frameshift,S>P,Master,0
0.03666642393305404,0.006125378737140087,0.8710774025175194,4.862047101253046,missense,G>A,Master,1
0.04467019885313636,0.45759131386181856,0.38148360693039507,2.356705833737175,missense,V>W,Master,0
0.2796380407624863,0.511584083626847,0.4643077634616421,1.6347606159459955,splice_site,V>D,Master,0
0.02342846086715028,0.009207478095544588,0.8517720764027072,3.2548591458118357,missense,E>M,Master,1
0.03675447795318842,0.21146811847078245,0.39525300345131115,1.0205804173878843,nonsense,P>R,Master,0
0.16886331167776447,0.0016765219262716738,0.8901619448924745,4.1906850246266405,missense,H>C,Master,1
0.25229865543927193,0.4944033426048644,0.45164895523095955,1.9077304861680986,missense,A>D,Master,0
0.09770583943994482,0.1785150331975903,0.14979463863619552,1.289040747301537,nonsense,G>W,Master,0
0.07228866826480403,0.03880899514003462,0.8496737756775719,4.434902233597619,splice_site,N>I,Master,1
0.045694039138477166,0.006409746115957719,0.7431171412443409,4.374359569337628,splice_site,Y>C,Master,1
0.08702208921348005,0.0126959761966181,0.6425120012537265,4.6021274713285125,splice_site,K>N,Master,1
0.1538785113855012,0.007984857797711365,0.6738122556641515,3.9632282782380552,missense,L>G,Master,1
0.030137604174636044,0.009528986024106347,0.7164060223833492,4.532051282475113,splice_site,A>Q,Master,1
0.17847792722117856,0.12004001877768207,0.11079199634968934,3.502909313830666,nonsense,K>I,Master,0
0.043921576922491774,0.008836813318509032,0.8352024828789281,4.636760783737508,nonsense,V>N,Master,1
0.007640515549528675,0.011028814465077846,0.8364170063142411,4.844594799349074,frameshift,H>K,Master,1
0.05416625511991143,0.01368430664501246,0.7692710161325282,4.785804355403558,splice_site,C>I,Master,1
0.2054525865526984,0.13153502104992346,0.17817278222848734,1.0221877013811953,nonsense,L>R,Master,0
0.03922460079841885,0.37017307264000804,0.025120150305174282,1.8092660713367439,frameshift,I>F,Master,0
0.10162756482562006,0.14653557749333102,0.249370299991411,2.5828896876374126,missense,N>E,Master,0
0.006956596230211898,0.0002418658959057278,0.8296184553988464,4.325612369496565,splice_site,L>I,Master,1
0.027915707718593433,0.00808270071172182,0.9109207982586731,4.975120825858548,missense,W>Y,Master,1
0.04242254662293292,0.03176075018776005,0.9631888848370221,4.195685856266968,splice_site,P>M,Master,1
0.09696718605550096,0.28950626474935837,0.31375235016895653,1.2940555807113228,missense,V>S,Master,0
0.058199992881136635,0.0492421696028889,0.7735790715005635,4.914611792818556,nonsense,G>Y,Master,1
0.1416644017792715,0.0051664928985782925,1.0,4.221632743837615,nonsense,Q>I,Master,1
0.10830113764358092,0.005018238572072466,0.7309662937551655,3.5429970859932562,missense,N>L,Master,1
0.45703980297029057,0.37813731949315993,0.2803109371646503,0.28480386939423785,splice_site,Y>R,Master,0
0.04899506103586993,0.013686146456598654,0.7527499106915096,3.8500627963157736,nonsense,A>H,Master,1
0.03985360726103011,0.035507333736359,0.8857291504123016,5.002298933562241,frameshift,F>H,Master,1
0.20555086312820173,0.27847167701119957,0.0,2.4722607763811655,nonsense,Y>R,Master,0
0.06828828152360154,0.014771238127495923,0.8567305625292261,3.9682790668691217,frameshift,V>Y,Master,1
0.28873258011583786,0.5119536065957372,0.34310912700199037,0.4640208207231309,missense,D>G,Master,0
0.0005300651225454702,0.02887630349752746,0.7608821836364279,4.748350806121196,splice_site,G>D,Master,1
0.09560844147658526,0.01863010229002031,0.9338249630762077,5.121475101521031,frameshift,Q>G,Master,1
0.0033835654711684,0.006117589050794978,0.8276994331119101,3.6375072829343664,nonsense,I>E,Master,1
0.29104600214692744,0.24333437417682188,0.35484300702603344,2.7079836883323916,nonsense,T>G,Master,0
0.019154206686270995,0.012190501077527244,0.9039762289604782,4.430527824567333,splice_site,L>C,Master,1
0.031735659149190146,0.016042355893353594,0.9184984447600316,4.915058832247613,splice_site,T>G,Master,1
0.036222860129732914,0.0002296276208181905,0.8037092341936456,4.586352208288477,frameshift,Y>P,Master,1
0.01384366682287355,0.0008318236444575857,0.8826651797432432,4.66381961836071,splice_site,M>W,Master,1
0.07400677356922952,0.12575326083023716,0.4214510035509843,0.8266127448047191,nonsense,I>E,Master,0
0.004774030710200629,0.025075475275186544,0.7244966004089501,5.074102392328245,nonsense,D>P,Master,1
0.023890991407857186,0.0028071823548605217,0.8342119420109657,3.7951603526701754,frameshift,W>P,Master,1
0.014613200067199576,0.03701175576498297,0.7665946917943155,4.406248058135613,splice_site,H>W,Master,1
0.019279850586783363,0.011863146742207781,0.9233039133450947,4.502105260437893,splice_site,Y>A,Master,1
0.06429988488906732,0.017412822797712897,0.8172158669606442,5.3648936937281215,frameshift,S>L,Master,1
